decoder,group,test_case,index,path,speed_wpm,speed_cell,s500_db,s500_cell,en0_db,edits,symbols,detected,beyond_oracle_anchor
matched,"A2 sensitivity, detector",A2-detector-c01-0-s1,0,detector,9.29,1,-7.91,1,10.19,101,101,0,0
matched,"A2 sensitivity, detector",A2-detector-c01-0-s1,1,detector,8.72,1,-7.80,1,10.58,100,100,0,0
matched,"A2 sensitivity, detector",A2-detector-c01-0-s1,2,detector,9.25,1,-7.77,1,10.35,102,102,0,0
matched,"A2 sensitivity, detector",A2-detector-c01-0-s1,3,detector,8.86,1,-6.80,1,11.51,97,97,0,0
matched,"A2 sensitivity, detector",A2-detector-c01-0-s1,4,detector,9.83,1,-6.88,1,10.98,101,101,0,0
matched,"A2 sensitivity, detector",A2-detector-c01-0-s1,5,detector,9.97,1,-6.10,1,11.69,100,100,0,0
matched,"A2 sensitivity, detector",A2-detector-c01-0-s1,6,detector,9.21,1,-7.48,1,10.66,97,97,0,0
matched,"A2 sensitivity, detector",A2-detector-c01-0-s1,7,detector,9.36,1,-6.47,1,11.60,99,99,0,0
matched,"A2 sensitivity, detector",A2-detector-c01-0-s1,8,detector,9.65,1,-6.55,1,11.39,101,101,0,0
matched,"A2 sensitivity, detector",A2-detector-c01-0-s1,9,detector,8.30,1,-6.44,1,12.15,97,97,0,0
matched,"A2 sensitivity, detector",A2-detector-c01-0-s1,10,detector,8.00,1,-7.36,1,11.39,97,97,0,0
matched,"A2 sensitivity, detector",A2-detector-c01-0-s1,11,detector,9.98,1,-7.21,1,10.58,101,101,0,0
matched,"A2 sensitivity, detector",A2-detector-c01-0-s1,12,detector,9.00,1,-7.15,1,11.09,100,100,0,0
matched,"A2 sensitivity, detector",A2-detector-c01-0-s1,13,detector,9.61,1,-6.28,1,11.67,98,98,0,0
matched,"A2 sensitivity, detector",A2-detector-c01-0-s1,14,detector,9.82,1,-6.76,1,11.10,97,97,0,0
matched,"A2 sensitivity, detector",A2-detector-c01-0-s1,15,detector,9.30,1,-7.92,1,10.18,101,101,0,0
matched,"A2 sensitivity, detector",A2-detector-c01-0-s1,16,detector,9.87,1,-6.06,1,11.78,101,101,0,0
matched,"A2 sensitivity, detector",A2-detector-c01-0-s1,17,detector,8.68,1,-6.50,1,11.90,100,100,0,0
matched,"A2 sensitivity, detector",A2-detector-c01-0-s1,18,detector,8.59,1,-7.41,1,11.03,101,101,0,0
matched,"A2 sensitivity, detector",A2-detector-c01-0-s1,19,detector,8.26,1,-7.41,1,11.20,101,101,0,0
matched,"A2 sensitivity, detector",A2-detector-c01-0-s1,20,detector,9.13,1,-6.75,1,11.43,102,102,0,0
matched,"A2 sensitivity, detector",A2-detector-c01-0-s1,21,detector,8.26,1,-6.44,1,12.17,99,99,0,0
matched,"A2 sensitivity, detector",A2-detector-c01-0-s1,22,detector,8.03,1,-7.35,1,11.38,98,98,0,0
matched,"A2 sensitivity, detector",A2-detector-c01-0-s1,23,detector,9.14,1,-7.51,1,10.66,102,102,0,0
matched,"A2 sensitivity, detector",A2-detector-c01-0-s1,24,detector,8.49,1,-6.14,1,12.35,102,102,0,0
matched,"A2 sensitivity, detector",A2-detector-c01-0-s1,25,detector,8.72,1,-7.81,1,10.57,101,101,0,0
matched,"A2 sensitivity, detector",A2-detector-c01-0-s1,26,detector,8.50,1,-6.62,1,11.87,101,101,0,0
matched,"A2 sensitivity, detector",A2-detector-c01-0-s1,27,detector,9.73,1,-6.29,1,11.61,99,99,0,0
matched,"A2 sensitivity, detector",A2-detector-c01-0-s1,28,detector,8.23,1,-7.29,1,11.34,103,103,0,0
matched,"A2 sensitivity, detector",A2-detector-c01-0-s1,29,detector,9.08,1,-7.44,1,10.76,100,100,0,0
matched,"A2 sensitivity, detector",A2-detector-c01-0-s1,30,detector,9.94,1,-7.97,1,9.84,98,98,0,0
matched,"A2 sensitivity, detector",A2-detector-c01-0-s1,31,detector,8.45,1,-7.97,1,10.54,98,98,0,0
matched,"A2 sensitivity, detector",A2-detector-c01-1-s1,0,detector,8.88,1,-5.02,2,13.28,101,101,0,0
matched,"A2 sensitivity, detector",A2-detector-c01-1-s1,1,detector,8.00,1,-6.15,1,12.60,99,99,0,0
matched,"A2 sensitivity, detector",A2-detector-c01-1-s1,2,detector,10.00,1,-7.73,1,10.05,100,100,0,0
matched,"A2 sensitivity, detector",A2-detector-c01-1-s1,3,detector,8.56,1,-6.24,1,12.22,96,96,0,0
matched,"A2 sensitivity, detector",A2-detector-c01-1-s1,4,detector,9.17,1,-4.33,2,13.83,98,98,1,0
matched,"A2 sensitivity, detector",A2-detector-c01-1-s1,5,detector,9.96,1,-5.01,2,12.79,98,98,0,0
matched,"A2 sensitivity, detector",A2-detector-c01-1-s1,6,detector,9.82,1,-5.55,2,12.31,100,100,0,0
matched,"A2 sensitivity, detector",A2-detector-c01-1-s1,7,detector,8.89,1,-6.06,1,12.23,99,99,0,0
matched,"A2 sensitivity, detector",A2-detector-c01-1-s1,8,detector,9.22,1,-4.00,2,14.13,101,101,1,0
matched,"A2 sensitivity, detector",A2-detector-c01-1-s1,9,detector,8.42,1,-5.59,2,12.94,99,99,0,0
matched,"A2 sensitivity, detector",A2-detector-c01-1-s1,10,detector,8.72,1,-4.26,2,14.12,98,98,1,0
matched,"A2 sensitivity, detector",A2-detector-c01-1-s1,11,detector,8.99,1,-4.26,2,13.98,101,101,1,0
matched,"A2 sensitivity, detector",A2-detector-c01-1-s1,12,detector,8.06,1,-7.87,1,10.85,99,99,0,0
matched,"A2 sensitivity, detector",A2-detector-c01-1-s1,13,detector,8.28,1,-7.98,1,10.62,99,99,0,0
matched,"A2 sensitivity, detector",A2-detector-c01-1-s1,14,detector,9.31,1,-7.14,1,10.95,100,100,0,0
matched,"A2 sensitivity, detector",A2-detector-c01-1-s1,15,detector,9.73,1,-6.49,1,11.41,98,98,0,0
matched,"A2 sensitivity, detector",A2-detector-c01-1-s1,16,detector,9.16,1,-5.36,2,12.80,100,100,0,0
matched,"A2 sensitivity, detector",A2-detector-c01-1-s1,17,detector,8.53,1,-4.78,2,13.69,99,99,1,0
matched,"A2 sensitivity, detector",A2-detector-c01-1-s1,18,detector,8.62,1,-7.02,1,11.41,99,99,0,0
matched,"A2 sensitivity, detector",A2-detector-c01-1-s1,19,detector,9.00,1,-4.34,2,13.90,98,98,1,0
matched,"A2 sensitivity, detector",A2-detector-c01-1-s1,20,detector,8.89,1,-7.04,1,11.25,102,102,0,0
matched,"A2 sensitivity, detector",A2-detector-c01-1-s1,21,detector,8.50,1,-4.78,2,13.71,100,101,1,0
matched,"A2 sensitivity, detector",A2-detector-c01-1-s1,22,detector,9.52,1,-5.48,2,12.52,99,99,0,0
matched,"A2 sensitivity, detector",A2-detector-c01-1-s1,23,detector,8.21,1,-6.85,1,11.79,98,98,0,0
matched,"A2 sensitivity, detector",A2-detector-c01-1-s1,24,detector,8.56,1,-5.69,2,12.77,102,102,0,0
matched,"A2 sensitivity, detector",A2-detector-c01-1-s1,25,detector,8.15,1,-6.10,1,12.57,98,98,0,0
matched,"A2 sensitivity, detector",A2-detector-c01-1-s1,26,detector,8.67,1,-7.71,1,10.69,101,101,0,0
matched,"A2 sensitivity, detector",A2-detector-c01-1-s1,27,detector,8.99,1,-7.80,1,10.44,101,101,0,0
matched,"A2 sensitivity, detector",A2-detector-c01-1-s1,28,detector,9.77,1,-5.25,2,12.63,99,99,0,0
matched,"A2 sensitivity, detector",A2-detector-c01-1-s1,29,detector,8.45,1,-7.09,1,11.42,102,102,0,0
matched,"A2 sensitivity, detector",A2-detector-c01-1-s1,30,detector,8.89,1,-7.68,1,10.61,96,96,0,0
matched,"A2 sensitivity, detector",A2-detector-c01-1-s1,31,detector,9.69,1,-5.84,2,12.08,100,100,0,0
matched,"A2 sensitivity, detector",A2-detector-c01-2-s1,0,detector,8.20,1,-5.55,2,13.09,101,101,0,0
matched,"A2 sensitivity, detector",A2-detector-c01-2-s1,1,detector,9.34,1,-5.21,2,12.87,101,101,0,0
matched,"A2 sensitivity, detector",A2-detector-c01-2-s1,2,detector,8.75,1,-4.27,2,14.09,101,101,1,0
matched,"A2 sensitivity, detector",A2-detector-c01-2-s1,3,detector,9.37,1,-4.40,2,13.66,102,102,1,0
matched,"A2 sensitivity, detector",A2-detector-c01-2-s1,4,detector,8.90,1,-5.16,2,13.13,103,103,0,0
matched,"A2 sensitivity, detector",A2-detector-c01-2-s1,5,detector,9.40,1,-4.08,2,13.97,97,98,1,0
matched,"A2 sensitivity, detector",A2-detector-c01-2-s1,6,detector,9.33,1,-5.14,2,12.94,101,101,0,0
matched,"A2 sensitivity, detector",A2-detector-c01-2-s1,7,detector,9.94,1,-5.29,2,12.52,100,100,0,0
matched,"A2 sensitivity, detector",A2-detector-c01-2-s1,8,detector,9.21,1,-4.44,2,13.70,99,99,0,0
matched,"A2 sensitivity, detector",A2-detector-c01-2-s1,9,detector,9.64,1,-4.84,2,13.10,101,101,1,0
matched,"A2 sensitivity, detector",A2-detector-c01-2-s1,10,detector,8.13,1,-5.58,2,13.10,97,97,0,0
matched,"A2 sensitivity, detector",A2-detector-c01-2-s1,11,detector,8.95,1,-5.69,2,12.57,101,101,0,0
matched,"A2 sensitivity, detector",A2-detector-c01-2-s1,12,detector,9.38,1,-5.20,2,12.86,101,101,0,0
matched,"A2 sensitivity, detector",A2-detector-c01-2-s1,13,detector,9.72,1,-4.25,2,13.65,101,101,1,0
matched,"A2 sensitivity, detector",A2-detector-c01-2-s1,14,detector,9.45,1,-4.89,2,13.14,99,99,1,0
matched,"A2 sensitivity, detector",A2-detector-c01-2-s1,15,detector,8.46,1,-4.01,2,14.50,99,99,1,0
matched,"A2 sensitivity, detector",A2-detector-c01-2-s1,16,detector,9.51,1,-4.99,2,13.01,90,97,1,0
matched,"A2 sensitivity, detector",A2-detector-c01-2-s1,17,detector,8.52,1,-5.93,2,12.55,99,99,0,0
matched,"A2 sensitivity, detector",A2-detector-c01-2-s1,18,detector,9.64,1,-4.02,2,13.92,101,101,1,0
matched,"A2 sensitivity, detector",A2-detector-c01-2-s1,19,detector,9.05,1,-5.28,2,12.94,99,99,0,0
matched,"A2 sensitivity, detector",A2-detector-c01-2-s1,20,detector,8.92,1,-4.63,2,13.65,100,100,1,0
matched,"A2 sensitivity, detector",A2-detector-c01-2-s1,21,detector,8.50,1,-4.22,2,14.27,100,100,1,0
matched,"A2 sensitivity, detector",A2-detector-c01-2-s1,22,detector,8.29,1,-5.19,2,13.41,103,103,0,0
matched,"A2 sensitivity, detector",A2-detector-c01-2-s1,23,detector,9.37,1,-5.69,2,12.37,102,102,0,0
matched,"A2 sensitivity, detector",A2-detector-c01-2-s1,24,detector,9.51,1,-5.32,2,12.68,99,99,0,0
matched,"A2 sensitivity, detector",A2-detector-c01-2-s1,25,detector,9.45,1,-5.96,2,12.07,101,101,0,0
matched,"A2 sensitivity, detector",A2-detector-c01-2-s1,26,detector,8.04,1,-4.03,2,14.70,101,101,1,0
matched,"A2 sensitivity, detector",A2-detector-c01-2-s1,27,detector,8.45,1,-5.30,2,13.21,100,100,0,0
matched,"A2 sensitivity, detector",A2-detector-c01-2-s1,28,detector,8.58,1,-4.87,2,13.58,101,101,1,0
matched,"A2 sensitivity, detector",A2-detector-c01-2-s1,29,detector,8.13,1,-4.69,2,13.99,100,100,0,0
matched,"A2 sensitivity, detector",A2-detector-c01-2-s1,30,detector,9.49,1,-4.92,2,13.09,101,101,1,0
matched,"A2 sensitivity, detector",A2-detector-c01-2-s1,31,detector,9.05,1,-4.98,2,13.24,98,98,0,0
matched,"A2 sensitivity, detector",A2-detector-c01-3-s1,0,detector,8.64,1,-2.22,3,16.20,42,101,1,0
matched,"A2 sensitivity, detector",A2-detector-c01-3-s1,1,detector,9.24,1,-2.59,3,15.53,73,101,1,0
matched,"A2 sensitivity, detector",A2-detector-c01-3-s1,2,detector,8.58,1,-2.86,3,15.59,25,100,1,0
matched,"A2 sensitivity, detector",A2-detector-c01-3-s1,3,detector,9.72,1,-2.05,3,15.85,31,102,1,0
matched,"A2 sensitivity, detector",A2-detector-c01-3-s1,4,detector,9.68,1,-2.47,3,15.45,16,101,1,0
matched,"A2 sensitivity, detector",A2-detector-c01-3-s1,5,detector,9.69,1,-3.40,3,14.52,62,100,1,0
matched,"A2 sensitivity, detector",A2-detector-c01-3-s1,6,detector,9.41,1,-3.45,3,14.60,70,102,1,0
matched,"A2 sensitivity, detector",A2-detector-c01-3-s1,7,detector,8.42,1,-3.88,3,14.65,98,98,1,0
matched,"A2 sensitivity, detector",A2-detector-c01-3-s1,8,detector,8.42,1,-2.29,3,16.24,57,100,1,0
matched,"A2 sensitivity, detector",A2-detector-c01-3-s1,9,detector,8.04,1,-2.05,3,16.68,44,99,1,0
matched,"A2 sensitivity, detector",A2-detector-c01-3-s1,10,detector,8.68,1,-2.78,3,15.62,72,100,1,0
matched,"A2 sensitivity, detector",A2-detector-c01-3-s1,11,detector,9.20,1,-3.84,3,14.30,98,98,1,0
matched,"A2 sensitivity, detector",A2-detector-c01-3-s1,12,detector,8.39,1,-3.69,3,14.85,7,100,1,0
matched,"A2 sensitivity, detector",A2-detector-c01-3-s1,13,detector,8.05,1,-3.44,3,15.28,29,99,1,0
matched,"A2 sensitivity, detector",A2-detector-c01-3-s1,14,detector,8.15,1,-2.08,3,16.59,41,101,1,0
matched,"A2 sensitivity, detector",A2-detector-c01-3-s1,15,detector,8.97,1,-3.06,3,15.19,101,102,1,0
matched,"A2 sensitivity, detector",A2-detector-c01-3-s1,16,detector,8.96,1,-2.88,3,15.38,69,101,1,0
matched,"A2 sensitivity, detector",A2-detector-c01-3-s1,17,detector,9.76,1,-3.10,3,14.79,99,100,1,0
matched,"A2 sensitivity, detector",A2-detector-c01-3-s1,18,detector,8.26,1,-2.62,3,15.99,100,99,1,0
matched,"A2 sensitivity, detector",A2-detector-c01-3-s1,19,detector,8.94,1,-2.98,3,15.29,8,100,1,0
matched,"A2 sensitivity, detector",A2-detector-c01-3-s1,20,detector,8.36,1,-2.14,3,16.42,72,100,1,0
matched,"A2 sensitivity, detector",A2-detector-c01-3-s1,21,detector,9.82,1,-3.60,3,14.26,101,101,1,0
matched,"A2 sensitivity, detector",A2-detector-c01-3-s1,22,detector,8.83,1,-2.52,3,15.80,10,100,1,0
matched,"A2 sensitivity, detector",A2-detector-c01-3-s1,23,detector,8.76,1,-3.96,3,14.40,100,100,1,0
matched,"A2 sensitivity, detector",A2-detector-c01-3-s1,24,detector,8.89,1,-3.56,3,14.73,101,101,1,0
matched,"A2 sensitivity, detector",A2-detector-c01-3-s1,25,detector,9.25,1,-3.16,3,14.96,93,100,1,0
matched,"A2 sensitivity, detector",A2-detector-c01-3-s1,26,detector,9.50,1,-3.01,3,14.99,86,98,1,0
matched,"A2 sensitivity, detector",A2-detector-c01-3-s1,27,detector,8.95,1,-3.26,3,15.00,82,103,1,0
matched,"A2 sensitivity, detector",A2-detector-c01-3-s1,28,detector,8.12,1,-2.23,3,16.46,82,100,1,0
matched,"A2 sensitivity, detector",A2-detector-c01-3-s1,29,detector,9.21,1,-2.52,3,15.62,40,100,1,0
matched,"A2 sensitivity, detector",A2-detector-c01-3-s1,30,detector,8.71,1,-2.89,3,15.49,71,101,1,0
matched,"A2 sensitivity, detector",A2-detector-c01-3-s1,31,detector,8.58,1,-2.14,3,16.31,77,100,1,0
matched,"A2 sensitivity, detector",A2-detector-c01-4-s1,0,detector,9.47,1,-3.23,3,14.79,97,98,1,0
matched,"A2 sensitivity, detector",A2-detector-c01-4-s1,1,detector,8.36,1,-0.86,4,17.70,4,99,1,0
matched,"A2 sensitivity, detector",A2-detector-c01-4-s1,2,detector,9.71,1,-2.97,3,14.94,59,102,1,0
matched,"A2 sensitivity, detector",A2-detector-c01-4-s1,3,detector,8.37,1,-0.09,4,18.46,14,101,1,0
matched,"A2 sensitivity, detector",A2-detector-c01-4-s1,4,detector,9.18,1,-2.41,3,15.74,36,100,1,0
matched,"A2 sensitivity, detector",A2-detector-c01-4-s1,5,detector,8.87,1,-1.38,4,16.92,40,100,1,0
matched,"A2 sensitivity, detector",A2-detector-c01-4-s1,6,detector,8.19,1,-1.71,4,16.94,28,98,1,0
matched,"A2 sensitivity, detector",A2-detector-c01-4-s1,7,detector,9.68,1,-0.28,4,17.64,5,102,1,0
matched,"A2 sensitivity, detector",A2-detector-c01-4-s1,8,detector,8.28,1,-3.02,3,15.58,73,101,1,0
matched,"A2 sensitivity, detector",A2-detector-c01-4-s1,9,detector,9.56,1,-0.18,4,17.80,34,102,1,0
matched,"A2 sensitivity, detector",A2-detector-c01-4-s1,10,detector,9.21,1,-1.55,4,16.59,21,97,1,0
matched,"A2 sensitivity, detector",A2-detector-c01-4-s1,11,detector,9.72,1,-3.63,3,14.27,98,100,1,0
matched,"A2 sensitivity, detector",A2-detector-c01-4-s1,12,detector,9.67,1,-1.99,4,15.94,99,100,1,0
matched,"A2 sensitivity, detector",A2-detector-c01-4-s1,13,detector,8.12,1,-0.86,4,17.83,12,102,1,0
matched,"A2 sensitivity, detector",A2-detector-c01-4-s1,14,detector,8.06,1,-1.21,4,17.51,17,102,1,0
matched,"A2 sensitivity, detector",A2-detector-c01-4-s1,15,detector,9.31,1,-3.16,3,14.93,85,99,1,0
matched,"A2 sensitivity, detector",A2-detector-c01-4-s1,16,detector,9.78,1,-1.46,4,16.42,40,98,1,0
matched,"A2 sensitivity, detector",A2-detector-c01-4-s1,17,detector,8.36,1,-2.97,3,15.59,54,99,1,0
matched,"A2 sensitivity, detector",A2-detector-c01-4-s1,18,detector,10.02,1,-2.54,3,15.23,75,100,1,0
matched,"A2 sensitivity, detector",A2-detector-c01-4-s1,19,detector,8.88,1,-2.52,3,15.78,84,99,1,0
matched,"A2 sensitivity, detector",A2-detector-c01-4-s1,20,detector,8.52,1,-0.12,4,18.36,15,100,1,0
matched,"A2 sensitivity, detector",A2-detector-c01-4-s1,21,detector,8.53,1,-2.84,3,15.63,82,101,1,0
matched,"A2 sensitivity, detector",A2-detector-c01-4-s1,22,detector,9.71,1,-2.60,3,15.31,68,101,1,0
matched,"A2 sensitivity, detector",A2-detector-c01-4-s1,23,detector,9.39,1,-0.38,4,17.67,3,102,1,0
matched,"A2 sensitivity, detector",A2-detector-c01-4-s1,24,detector,8.63,1,-1.05,4,17.37,12,95,1,0
matched,"A2 sensitivity, detector",A2-detector-c01-4-s1,25,detector,9.34,1,-3.01,3,15.07,88,99,1,0
matched,"A2 sensitivity, detector",A2-detector-c01-4-s1,26,detector,9.03,1,-2.34,3,15.88,51,100,1,0
matched,"A2 sensitivity, detector",A2-detector-c01-4-s1,27,detector,9.18,1,-1.53,4,16.62,33,99,1,0
matched,"A2 sensitivity, detector",A2-detector-c01-4-s1,28,detector,9.53,1,-2.52,3,15.47,119,102,1,0
matched,"A2 sensitivity, detector",A2-detector-c01-4-s1,29,detector,8.74,1,-1.16,4,17.21,20,101,1,0
matched,"A2 sensitivity, detector",A2-detector-c01-4-s1,30,detector,8.91,1,-2.43,3,15.85,3,101,1,0
matched,"A2 sensitivity, detector",A2-detector-c01-4-s1,31,detector,9.71,1,-3.77,3,14.14,97,97,1,0
matched,"A2 sensitivity, detector",A2-detector-c01-5-s1,0,detector,9.48,1,-0.04,4,17.97,14,104,1,0
matched,"A2 sensitivity, detector",A2-detector-c01-5-s1,1,detector,9.59,1,-1.51,4,16.45,11,97,1,0
matched,"A2 sensitivity, detector",A2-detector-c01-5-s1,2,detector,8.45,1,-0.68,4,17.83,13,100,1,0
matched,"A2 sensitivity, detector",A2-detector-c01-5-s1,3,detector,9.09,1,-1.42,4,16.78,14,105,1,0
matched,"A2 sensitivity, detector",A2-detector-c01-5-s1,4,detector,9.79,1,-1.08,4,16.79,53,99,1,0
matched,"A2 sensitivity, detector",A2-detector-c01-5-s1,5,detector,10.03,1,-0.73,4,17.04,4,100,1,0
matched,"A2 sensitivity, detector",A2-detector-c01-5-s1,6,detector,8.05,1,-1.62,4,17.10,46,99,1,0
matched,"A2 sensitivity, detector",A2-detector-c01-5-s1,7,detector,8.45,1,-1.16,4,17.35,20,100,1,0
matched,"A2 sensitivity, detector",A2-detector-c01-5-s1,8,detector,8.09,1,-1.05,4,17.65,31,100,1,0
matched,"A2 sensitivity, detector",A2-detector-c01-5-s1,9,detector,9.10,1,-0.44,4,17.75,24,100,1,0
matched,"A2 sensitivity, detector",A2-detector-c01-5-s1,10,detector,9.11,1,-0.55,4,17.64,3,99,1,0
matched,"A2 sensitivity, detector",A2-detector-c01-5-s1,11,detector,8.23,1,-1.15,4,17.48,23,100,1,0
matched,"A2 sensitivity, detector",A2-detector-c01-5-s1,12,detector,9.19,1,-0.51,4,17.64,15,103,1,0
matched,"A2 sensitivity, detector",A2-detector-c01-5-s1,13,detector,8.45,1,-1.03,4,17.48,24,99,1,0
matched,"A2 sensitivity, detector",A2-detector-c01-5-s1,14,detector,9.45,1,-1.10,4,16.93,13,100,1,0
matched,"A2 sensitivity, detector",A2-detector-c01-5-s1,15,detector,9.16,1,-0.12,4,18.04,2,100,1,0
matched,"A2 sensitivity, detector",A2-detector-c01-5-s1,16,detector,9.61,1,-1.12,4,16.83,18,101,1,0
matched,"A2 sensitivity, detector",A2-detector-c01-5-s1,17,detector,9.38,1,-0.45,4,17.61,3,101,1,0
matched,"A2 sensitivity, detector",A2-detector-c01-5-s1,18,detector,9.14,1,-1.90,4,16.27,27,98,1,0
matched,"A2 sensitivity, detector",A2-detector-c01-5-s1,19,detector,9.50,1,-1.19,4,16.81,19,101,1,0
matched,"A2 sensitivity, detector",A2-detector-c01-5-s1,20,detector,9.06,1,-0.98,4,17.23,6,100,1,0
matched,"A2 sensitivity, detector",A2-detector-c01-5-s1,21,detector,9.98,1,-0.89,4,16.90,26,100,1,0
matched,"A2 sensitivity, detector",A2-detector-c01-5-s1,22,detector,9.26,1,-1.67,4,16.45,13,101,1,0
matched,"A2 sensitivity, detector",A2-detector-c01-5-s1,23,detector,8.43,1,-0.85,4,17.67,36,101,1,0
matched,"A2 sensitivity, detector",A2-detector-c01-5-s1,24,detector,8.37,1,-0.93,4,17.62,5,102,1,0
matched,"A2 sensitivity, detector",A2-detector-c01-5-s1,25,detector,8.02,1,-1.09,4,17.65,4,100,1,0
matched,"A2 sensitivity, detector",A2-detector-c01-5-s1,26,detector,8.34,1,-0.40,4,18.17,20,99,1,0
matched,"A2 sensitivity, detector",A2-detector-c01-5-s1,27,detector,9.28,1,-1.42,4,16.69,27,100,1,0
matched,"A2 sensitivity, detector",A2-detector-c01-5-s1,28,detector,9.64,1,-1.42,4,16.52,21,98,1,0
matched,"A2 sensitivity, detector",A2-detector-c01-5-s1,29,detector,9.82,1,-0.30,4,17.56,18,101,1,0
matched,"A2 sensitivity, detector",A2-detector-c01-5-s1,30,detector,9.84,1,-1.98,4,15.87,51,99,1,0
matched,"A2 sensitivity, detector",A2-detector-c01-5-s1,31,detector,8.80,1,-0.25,4,18.09,3,97,1,0
matched,"A2 sensitivity, detector",A2-detector-c01-6-s1,0,detector,9.28,1,0.24,5,18.35,22,99,1,0
matched,"A2 sensitivity, detector",A2-detector-c01-6-s1,1,detector,8.66,1,0.07,5,18.48,19,100,1,0
matched,"A2 sensitivity, detector",A2-detector-c01-6-s1,2,detector,8.13,1,1.77,5,20.45,2,101,1,0
matched,"A2 sensitivity, detector",A2-detector-c01-6-s1,3,detector,8.04,1,1.92,5,20.65,10,99,1,0
matched,"A2 sensitivity, detector",A2-detector-c01-6-s1,4,detector,8.41,1,1.95,5,20.48,4,100,1,0
matched,"A2 sensitivity, detector",A2-detector-c01-6-s1,5,detector,8.34,1,1.02,5,19.59,5,100,1,0
matched,"A2 sensitivity, detector",A2-detector-c01-6-s1,6,detector,8.18,1,0.55,5,19.20,5,102,1,0
matched,"A2 sensitivity, detector",A2-detector-c01-6-s1,7,detector,9.33,1,1.44,5,19.52,18,98,1,0
matched,"A2 sensitivity, detector",A2-detector-c01-6-s1,8,detector,8.76,1,1.73,5,20.09,7,99,1,0
matched,"A2 sensitivity, detector",A2-detector-c01-6-s1,9,detector,9.45,1,0.94,5,18.97,9,99,1,0
matched,"A2 sensitivity, detector",A2-detector-c01-6-s1,10,detector,8.24,1,0.80,5,19.42,28,100,1,0
matched,"A2 sensitivity, detector",A2-detector-c01-6-s1,11,detector,8.45,1,0.00,5,18.51,15,101,1,0
matched,"A2 sensitivity, detector",A2-detector-c01-6-s1,12,detector,10.06,1,0.55,5,18.31,4,101,1,0
matched,"A2 sensitivity, detector",A2-detector-c01-6-s1,13,detector,9.14,1,0.47,5,18.64,3,100,1,0
matched,"A2 sensitivity, detector",A2-detector-c01-6-s1,14,detector,8.99,1,1.27,5,19.51,4,100,1,0
matched,"A2 sensitivity, detector",A2-detector-c01-6-s1,15,detector,8.54,1,0.75,5,19.22,6,99,1,0
matched,"A2 sensitivity, detector",A2-detector-c01-6-s1,16,detector,8.97,1,1.81,5,20.06,6,102,1,0
matched,"A2 sensitivity, detector",A2-detector-c01-6-s1,17,detector,8.70,1,0.29,5,18.68,3,100,1,0
matched,"A2 sensitivity, detector",A2-detector-c01-6-s1,18,detector,9.61,1,0.57,5,18.52,10,101,1,0
matched,"A2 sensitivity, detector",A2-detector-c01-6-s1,19,detector,9.20,1,1.66,5,19.80,13,99,1,0
matched,"A2 sensitivity, detector",A2-detector-c01-6-s1,20,detector,8.37,1,0.14,5,18.69,24,100,1,0
matched,"A2 sensitivity, detector",A2-detector-c01-6-s1,21,detector,9.97,1,0.79,5,18.58,4,98,1,0
matched,"A2 sensitivity, detector",A2-detector-c01-6-s1,22,detector,9.75,1,1.66,5,19.55,12,101,1,0
matched,"A2 sensitivity, detector",A2-detector-c01-6-s1,23,detector,9.93,1,0.33,5,18.14,14,101,1,0
matched,"A2 sensitivity, detector",A2-detector-c01-6-s1,24,detector,9.14,1,0.07,5,18.24,12,99,1,0
matched,"A2 sensitivity, detector",A2-detector-c01-6-s1,25,detector,9.66,1,1.99,5,19.92,2,97,1,0
matched,"A2 sensitivity, detector",A2-detector-c01-6-s1,26,detector,9.06,1,1.87,5,20.08,4,99,1,0
matched,"A2 sensitivity, detector",A2-detector-c01-6-s1,27,detector,9.91,1,1.31,5,19.13,15,98,1,0
matched,"A2 sensitivity, detector",A2-detector-c01-6-s1,28,detector,9.10,1,0.14,5,18.33,27,101,1,0
matched,"A2 sensitivity, detector",A2-detector-c01-6-s1,29,detector,8.68,1,1.11,5,19.51,4,97,1,0
matched,"A2 sensitivity, detector",A2-detector-c01-6-s1,30,detector,9.51,1,1.95,5,19.95,2,99,1,0
matched,"A2 sensitivity, detector",A2-detector-c01-6-s1,31,detector,8.78,1,0.76,5,19.11,25,100,1,0
matched,"A2 sensitivity, detector",A2-detector-c01-7-s1,0,detector,8.87,1,3.52,6,21.82,18,99,1,0
matched,"A2 sensitivity, detector",A2-detector-c01-7-s1,1,detector,9.66,1,0.09,5,18.02,11,100,1,0
matched,"A2 sensitivity, detector",A2-detector-c01-7-s1,2,detector,8.66,1,0.54,5,18.95,16,99,1,0
matched,"A2 sensitivity, detector",A2-detector-c01-7-s1,3,detector,9.29,1,2.02,6,20.12,4,99,1,0
matched,"A2 sensitivity, detector",A2-detector-c01-7-s1,4,detector,9.70,1,2.43,6,20.34,7,100,1,0
matched,"A2 sensitivity, detector",A2-detector-c01-7-s1,5,detector,9.97,1,1.20,5,18.99,5,99,1,0
matched,"A2 sensitivity, detector",A2-detector-c01-7-s1,6,detector,8.99,1,2.32,6,20.56,7,100,1,0
matched,"A2 sensitivity, detector",A2-detector-c01-7-s1,7,detector,8.81,1,2.99,6,21.32,8,99,1,0
matched,"A2 sensitivity, detector",A2-detector-c01-7-s1,8,detector,9.51,1,0.28,5,18.28,25,100,1,0
matched,"A2 sensitivity, detector",A2-detector-c01-7-s1,9,detector,9.48,1,2.93,6,20.94,1,101,1,0
matched,"A2 sensitivity, detector",A2-detector-c01-7-s1,10,detector,9.23,1,1.31,5,19.44,4,100,1,0
matched,"A2 sensitivity, detector",A2-detector-c01-7-s1,11,detector,9.50,1,0.28,5,18.28,6,100,1,0
matched,"A2 sensitivity, detector",A2-detector-c01-7-s1,12,detector,8.34,1,2.01,6,20.58,10,100,1,0
matched,"A2 sensitivity, detector",A2-detector-c01-7-s1,13,detector,10.04,1,2.93,6,20.69,9,99,1,0
matched,"A2 sensitivity, detector",A2-detector-c01-7-s1,14,detector,9.87,1,3.40,6,21.24,4,101,1,0
matched,"A2 sensitivity, detector",A2-detector-c01-7-s1,15,detector,8.25,1,1.87,5,20.49,4,100,1,0
matched,"A2 sensitivity, detector",A2-detector-c01-7-s1,16,detector,9.88,1,0.57,5,18.40,7,101,1,0
matched,"A2 sensitivity, detector",A2-detector-c01-7-s1,17,detector,8.54,1,3.95,6,22.42,4,98,1,0
matched,"A2 sensitivity, detector",A2-detector-c01-7-s1,18,detector,9.40,1,1.27,5,19.32,3,98,1,0
matched,"A2 sensitivity, detector",A2-detector-c01-7-s1,19,detector,9.28,1,0.67,5,18.78,4,98,1,0
matched,"A2 sensitivity, detector",A2-detector-c01-7-s1,20,detector,9.77,1,3.30,6,21.18,3,99,1,0
matched,"A2 sensitivity, detector",A2-detector-c01-7-s1,21,detector,8.03,1,3.43,6,22.16,7,96,1,0
matched,"A2 sensitivity, detector",A2-detector-c01-7-s1,22,detector,8.20,1,1.36,5,20.00,13,99,1,0
matched,"A2 sensitivity, detector",A2-detector-c01-7-s1,23,detector,9.60,1,3.41,6,21.37,3,97,1,0
matched,"A2 sensitivity, detector",A2-detector-c01-7-s1,24,detector,8.35,1,1.32,5,19.88,2,98,1,0
matched,"A2 sensitivity, detector",A2-detector-c01-7-s1,25,detector,9.33,1,0.32,5,18.40,8,100,1,0
matched,"A2 sensitivity, detector",A2-detector-c01-7-s1,26,detector,9.96,1,2.97,6,20.77,7,100,1,0
matched,"A2 sensitivity, detector",A2-detector-c01-7-s1,27,detector,8.31,1,2.31,6,20.90,14,99,1,0
matched,"A2 sensitivity, detector",A2-detector-c01-7-s1,28,detector,8.21,1,1.74,5,20.38,16,99,1,0
matched,"A2 sensitivity, detector",A2-detector-c01-7-s1,29,detector,8.96,1,1.53,5,19.79,1,98,1,0
matched,"A2 sensitivity, detector",A2-detector-c01-7-s1,30,detector,8.42,1,3.24,6,21.77,4,98,1,0
matched,"A2 sensitivity, detector",A2-detector-c01-7-s1,31,detector,9.79,1,0.75,5,18.62,5,99,1,0
matched,"A2 sensitivity, detector",A2-detector-c01-8-s1,0,detector,9.33,1,2.75,6,20.83,3,97,1,0
matched,"A2 sensitivity, detector",A2-detector-c01-8-s1,1,detector,8.67,1,2.08,6,20.48,11,102,1,0
matched,"A2 sensitivity, detector",A2-detector-c01-8-s1,2,detector,8.02,1,2.99,6,21.73,3,98,1,0
matched,"A2 sensitivity, detector",A2-detector-c01-8-s1,3,detector,9.97,1,2.92,6,20.71,3,102,1,0
matched,"A2 sensitivity, detector",A2-detector-c01-8-s1,4,detector,8.33,1,2.76,6,21.34,4,98,1,0
matched,"A2 sensitivity, detector",A2-detector-c01-8-s1,5,detector,9.22,1,2.32,6,20.45,3,98,1,0
matched,"A2 sensitivity, detector",A2-detector-c01-8-s1,6,detector,8.40,1,3.74,6,22.28,10,96,1,0
matched,"A2 sensitivity, detector",A2-detector-c01-8-s1,7,detector,8.41,1,3.80,6,22.33,2,99,1,0
matched,"A2 sensitivity, detector",A2-detector-c01-8-s1,8,detector,8.73,1,2.04,6,20.41,5,101,1,0
matched,"A2 sensitivity, detector",A2-detector-c01-8-s1,9,detector,8.60,1,3.51,6,21.95,15,101,1,0
matched,"A2 sensitivity, detector",A2-detector-c01-8-s1,10,detector,8.31,1,3.10,6,21.69,13,100,1,0
matched,"A2 sensitivity, detector",A2-detector-c01-8-s1,11,detector,8.33,1,2.04,6,20.62,10,99,1,0
matched,"A2 sensitivity, detector",A2-detector-c01-8-s1,12,detector,9.66,1,3.67,6,21.60,2,99,1,0
matched,"A2 sensitivity, detector",A2-detector-c01-8-s1,13,detector,9.60,1,3.85,6,21.81,3,98,1,0
matched,"A2 sensitivity, detector",A2-detector-c01-8-s1,14,detector,9.78,1,3.29,6,21.17,4,100,1,0
matched,"A2 sensitivity, detector",A2-detector-c01-8-s1,15,detector,9.52,1,2.05,6,20.05,8,99,1,0
matched,"A2 sensitivity, detector",A2-detector-c01-8-s1,16,detector,8.03,1,2.09,6,20.82,10,102,1,0
matched,"A2 sensitivity, detector",A2-detector-c01-8-s1,17,detector,8.85,1,2.51,6,20.82,4,100,1,0
matched,"A2 sensitivity, detector",A2-detector-c01-8-s1,18,detector,8.90,1,3.15,6,21.44,8,101,1,0
matched,"A2 sensitivity, detector",A2-detector-c01-8-s1,19,detector,8.83,1,3.39,6,21.71,8,101,1,0
matched,"A2 sensitivity, detector",A2-detector-c01-8-s1,20,detector,8.79,1,2.42,6,20.76,2,100,1,0
matched,"A2 sensitivity, detector",A2-detector-c01-8-s1,21,detector,8.45,1,3.48,6,21.99,3,99,1,0
matched,"A2 sensitivity, detector",A2-detector-c01-8-s1,22,detector,8.41,1,2.54,6,21.07,3,100,1,0
matched,"A2 sensitivity, detector",A2-detector-c01-8-s1,23,detector,8.52,1,3.19,6,21.67,3,101,1,0
matched,"A2 sensitivity, detector",A2-detector-c01-8-s1,24,detector,8.74,1,2.79,6,21.16,22,100,1,0
matched,"A2 sensitivity, detector",A2-detector-c01-8-s1,25,detector,9.61,1,3.41,6,21.36,9,102,1,0
matched,"A2 sensitivity, detector",A2-detector-c01-8-s1,26,detector,9.37,1,3.91,6,21.97,3,98,1,0
matched,"A2 sensitivity, detector",A2-detector-c01-8-s1,27,detector,8.57,1,3.90,6,22.35,4,99,1,0
matched,"A2 sensitivity, detector",A2-detector-c01-8-s1,28,detector,8.11,1,3.29,6,21.98,5,101,1,0
matched,"A2 sensitivity, detector",A2-detector-c01-8-s1,29,detector,8.52,1,2.20,6,20.68,4,101,1,0
matched,"A2 sensitivity, detector",A2-detector-c01-8-s1,30,detector,9.89,1,3.92,6,21.75,7,99,1,0
matched,"A2 sensitivity, detector",A2-detector-c01-8-s1,31,detector,8.33,1,2.24,6,20.82,3,101,1,0
matched,"A2 sensitivity, detector",A2-detector-c01-9-s1,0,detector,9.90,1,5.23,7,23.06,7,99,1,0
matched,"A2 sensitivity, detector",A2-detector-c01-9-s1,1,detector,9.07,1,5.43,7,23.64,14,101,1,0
matched,"A2 sensitivity, detector",A2-detector-c01-9-s1,2,detector,8.77,1,4.65,7,23.00,11,99,1,0
matched,"A2 sensitivity, detector",A2-detector-c01-9-s1,3,detector,8.77,1,5.37,7,23.72,9,103,1,0
matched,"A2 sensitivity, detector",A2-detector-c01-9-s1,4,detector,9.56,1,5.20,7,23.18,3,101,1,0
matched,"A2 sensitivity, detector",A2-detector-c01-9-s1,5,detector,8.83,1,4.63,7,22.95,6,98,1,0
matched,"A2 sensitivity, detector",A2-detector-c01-9-s1,6,detector,8.47,1,4.76,7,23.26,17,99,1,0
matched,"A2 sensitivity, detector",A2-detector-c01-9-s1,7,detector,9.96,1,4.38,7,22.18,3,101,1,0
matched,"A2 sensitivity, detector",A2-detector-c01-9-s1,8,detector,9.84,1,5.89,7,23.74,4,100,1,0
matched,"A2 sensitivity, detector",A2-detector-c01-9-s1,9,detector,8.50,1,4.34,7,22.83,5,99,1,0
matched,"A2 sensitivity, detector",A2-detector-c01-9-s1,10,detector,8.29,1,5.32,7,23.92,3,100,1,0
matched,"A2 sensitivity, detector",A2-detector-c01-9-s1,11,detector,10.01,1,4.91,7,22.69,3,102,1,0
matched,"A2 sensitivity, detector",A2-detector-c01-9-s1,12,detector,9.44,1,5.66,7,23.69,6,101,1,0
matched,"A2 sensitivity, detector",A2-detector-c01-9-s1,13,detector,8.54,1,5.69,7,24.16,10,100,1,0
matched,"A2 sensitivity, detector",A2-detector-c01-9-s1,14,detector,8.53,1,4.82,7,23.29,3,98,1,0
matched,"A2 sensitivity, detector",A2-detector-c01-9-s1,15,detector,10.05,1,4.90,7,22.66,5,99,1,0
matched,"A2 sensitivity, detector",A2-detector-c01-9-s1,16,detector,9.20,1,5.24,7,23.38,6,97,1,0
matched,"A2 sensitivity, detector",A2-detector-c01-9-s1,17,detector,8.05,1,5.56,7,24.28,3,101,1,0
matched,"A2 sensitivity, detector",A2-detector-c01-9-s1,18,detector,9.06,1,4.26,7,22.47,4,101,1,0
matched,"A2 sensitivity, detector",A2-detector-c01-9-s1,19,detector,9.51,1,5.22,7,23.22,15,102,1,0
matched,"A2 sensitivity, detector",A2-detector-c01-9-s1,20,detector,8.21,1,4.22,7,22.86,2,101,1,0
matched,"A2 sensitivity, detector",A2-detector-c01-9-s1,21,detector,9.65,1,4.49,7,22.43,3,99,1,0
matched,"A2 sensitivity, detector",A2-detector-c01-9-s1,22,detector,8.97,1,5.91,7,24.16,2,100,1,0
matched,"A2 sensitivity, detector",A2-detector-c01-9-s1,23,detector,9.69,1,5.27,7,23.19,3,98,1,0
matched,"A2 sensitivity, detector",A2-detector-c01-9-s1,24,detector,9.53,1,4.35,7,22.34,2,101,1,0
matched,"A2 sensitivity, detector",A2-detector-c01-9-s1,25,detector,9.69,1,5.62,7,23.54,4,99,1,0
matched,"A2 sensitivity, detector",A2-detector-c01-9-s1,26,detector,8.38,1,5.11,7,23.66,3,99,1,0
matched,"A2 sensitivity, detector",A2-detector-c01-9-s1,27,detector,8.48,1,4.38,7,22.88,3,101,1,0
matched,"A2 sensitivity, detector",A2-detector-c01-9-s1,28,detector,8.37,1,5.31,7,23.86,2,101,1,0
matched,"A2 sensitivity, detector",A2-detector-c01-9-s1,29,detector,8.91,1,4.34,7,22.62,4,101,1,0
matched,"A2 sensitivity, detector",A2-detector-c01-9-s1,30,detector,8.73,1,4.15,7,22.52,4,99,1,0
matched,"A2 sensitivity, detector",A2-detector-c01-9-s1,31,detector,8.64,1,5.29,7,23.71,3,98,1,0
matched,"A2 sensitivity, detector",A2-detector-c01-10-s1,0,detector,8.75,1,7.25,8,25.61,6,100,1,0
matched,"A2 sensitivity, detector",A2-detector-c01-10-s1,1,detector,8.78,1,5.76,7,24.11,2,100,1,0
matched,"A2 sensitivity, detector",A2-detector-c01-10-s1,2,detector,8.61,1,6.12,8,24.55,10,99,1,0
matched,"A2 sensitivity, detector",A2-detector-c01-10-s1,3,detector,8.11,1,5.74,7,24.43,3,100,1,0
matched,"A2 sensitivity, detector",A2-detector-c01-10-s1,4,detector,8.14,1,4.34,7,23.02,4,100,1,0
matched,"A2 sensitivity, detector",A2-detector-c01-10-s1,5,detector,8.61,1,6.84,8,25.27,4,101,1,0
matched,"A2 sensitivity, detector",A2-detector-c01-10-s1,6,detector,9.87,1,7.47,8,25.31,7,101,1,0
matched,"A2 sensitivity, detector",A2-detector-c01-10-s1,7,detector,9.58,1,4.79,7,22.76,4,98,1,0
matched,"A2 sensitivity, detector",A2-detector-c01-10-s1,8,detector,9.60,1,5.68,7,23.64,2,98,1,0
matched,"A2 sensitivity, detector",A2-detector-c01-10-s1,9,detector,8.68,1,7.69,8,26.09,13,98,1,0
matched,"A2 sensitivity, detector",A2-detector-c01-10-s1,10,detector,10.05,1,6.73,8,24.49,11,100,1,0
matched,"A2 sensitivity, detector",A2-detector-c01-10-s1,11,detector,8.64,1,6.62,8,25.04,11,100,1,0
matched,"A2 sensitivity, detector",A2-detector-c01-10-s1,12,detector,8.83,1,6.63,8,24.95,8,101,1,0
matched,"A2 sensitivity, detector",A2-detector-c01-10-s1,13,detector,9.33,1,4.09,7,22.17,4,99,1,0
matched,"A2 sensitivity, detector",A2-detector-c01-10-s1,14,detector,8.32,1,5.01,7,23.59,10,100,1,0
matched,"A2 sensitivity, detector",A2-detector-c01-10-s1,15,detector,9.84,1,7.88,8,25.73,3,99,1,0
matched,"A2 sensitivity, detector",A2-detector-c01-10-s1,16,detector,8.54,1,7.04,8,25.51,3,100,1,0
matched,"A2 sensitivity, detector",A2-detector-c01-10-s1,17,detector,9.07,1,4.50,7,22.71,2,105,1,0
matched,"A2 sensitivity, detector",A2-detector-c01-10-s1,18,detector,8.22,1,7.76,8,26.39,4,99,1,0
matched,"A2 sensitivity, detector",A2-detector-c01-10-s1,19,detector,8.36,1,4.94,7,23.50,4,101,1,0
matched,"A2 sensitivity, detector",A2-detector-c01-10-s1,20,detector,9.67,1,5.25,7,23.18,8,102,1,0
matched,"A2 sensitivity, detector",A2-detector-c01-10-s1,21,detector,8.93,1,6.45,8,24.72,4,99,1,0
matched,"A2 sensitivity, detector",A2-detector-c01-10-s1,22,detector,8.36,1,4.62,7,23.18,2,99,1,0
matched,"A2 sensitivity, detector",A2-detector-c01-10-s1,23,detector,9.68,1,5.48,7,23.40,2,103,1,0
matched,"A2 sensitivity, detector",A2-detector-c01-10-s1,24,detector,8.65,1,5.56,7,23.97,3,99,1,0
matched,"A2 sensitivity, detector",A2-detector-c01-10-s1,25,detector,8.12,1,6.14,8,24.83,3,102,1,0
matched,"A2 sensitivity, detector",A2-detector-c01-10-s1,26,detector,8.99,1,6.76,8,25.00,7,101,1,0
matched,"A2 sensitivity, detector",A2-detector-c01-10-s1,27,detector,8.66,1,5.70,7,24.11,4,99,1,0
matched,"A2 sensitivity, detector",A2-detector-c01-10-s1,28,detector,8.79,1,6.54,8,24.88,3,101,1,0
matched,"A2 sensitivity, detector",A2-detector-c01-10-s1,29,detector,8.07,1,4.29,7,23.00,4,101,1,0
matched,"A2 sensitivity, detector",A2-detector-c01-10-s1,30,detector,8.28,1,6.63,8,25.23,10,99,1,0
matched,"A2 sensitivity, detector",A2-detector-c01-10-s1,31,detector,9.45,1,5.01,7,23.04,3,103,1,0
matched,"A2 sensitivity, detector",A2-detector-c01-11-s1,0,detector,9.48,1,7.04,8,25.05,5,99,1,0
matched,"A2 sensitivity, detector",A2-detector-c01-11-s1,1,detector,8.80,1,7.51,8,25.85,3,99,1,0
matched,"A2 sensitivity, detector",A2-detector-c01-11-s1,2,detector,9.17,1,7.05,8,25.21,4,99,1,0
matched,"A2 sensitivity, detector",A2-detector-c01-11-s1,3,detector,8.67,1,6.72,8,25.12,5,101,1,0
matched,"A2 sensitivity, detector",A2-detector-c01-11-s1,4,detector,9.21,1,6.88,8,25.02,11,97,1,0
matched,"A2 sensitivity, detector",A2-detector-c01-11-s1,5,detector,8.25,1,7.35,8,25.97,2,99,1,0
matched,"A2 sensitivity, detector",A2-detector-c01-11-s1,6,detector,9.15,1,7.38,8,25.55,5,100,1,0
matched,"A2 sensitivity, detector",A2-detector-c01-11-s1,7,detector,9.17,1,7.79,8,25.95,6,98,1,0
matched,"A2 sensitivity, detector",A2-detector-c01-11-s1,8,detector,8.77,1,6.36,8,24.71,3,100,1,0
matched,"A2 sensitivity, detector",A2-detector-c01-11-s1,9,detector,9.12,1,6.39,8,24.57,2,100,1,0
matched,"A2 sensitivity, detector",A2-detector-c01-11-s1,10,detector,9.15,1,7.13,8,25.30,9,101,1,0
matched,"A2 sensitivity, detector",A2-detector-c01-11-s1,11,detector,10.01,1,6.08,8,23.86,2,100,1,0
matched,"A2 sensitivity, detector",A2-detector-c01-11-s1,12,detector,8.48,1,7.32,8,25.82,6,99,1,0
matched,"A2 sensitivity, detector",A2-detector-c01-11-s1,13,detector,8.30,1,7.81,8,26.40,15,98,1,0
matched,"A2 sensitivity, detector",A2-detector-c01-11-s1,14,detector,9.57,1,6.54,8,24.51,6,101,1,0
matched,"A2 sensitivity, detector",A2-detector-c01-11-s1,15,detector,8.36,1,6.27,8,24.83,7,97,1,0
matched,"A2 sensitivity, detector",A2-detector-c01-11-s1,16,detector,9.18,1,6.15,8,24.30,14,102,1,0
matched,"A2 sensitivity, detector",A2-detector-c01-11-s1,17,detector,9.37,1,7.06,8,25.12,4,100,1,0
matched,"A2 sensitivity, detector",A2-detector-c01-11-s1,18,detector,8.95,1,6.69,8,24.95,2,100,1,0
matched,"A2 sensitivity, detector",A2-detector-c01-11-s1,19,detector,9.43,1,6.67,8,24.71,4,99,1,0
matched,"A2 sensitivity, detector",A2-detector-c01-11-s1,20,detector,9.65,1,7.26,8,25.20,8,101,1,0
matched,"A2 sensitivity, detector",A2-detector-c01-11-s1,21,detector,9.11,1,6.75,8,24.94,6,99,1,0
matched,"A2 sensitivity, detector",A2-detector-c01-11-s1,22,detector,8.95,1,7.44,8,25.70,2,98,1,0
matched,"A2 sensitivity, detector",A2-detector-c01-11-s1,23,detector,8.98,1,7.83,8,26.08,6,99,1,0
matched,"A2 sensitivity, detector",A2-detector-c01-11-s1,24,detector,9.09,1,6.80,8,25.00,6,101,1,0
matched,"A2 sensitivity, detector",A2-detector-c01-11-s1,25,detector,8.50,1,6.79,8,25.28,9,100,1,0
matched,"A2 sensitivity, detector",A2-detector-c01-11-s1,26,detector,8.84,1,6.25,8,24.57,4,101,1,0
matched,"A2 sensitivity, detector",A2-detector-c01-11-s1,27,detector,9.27,1,7.84,8,25.95,17,102,1,0
matched,"A2 sensitivity, detector",A2-detector-c01-11-s1,28,detector,8.03,1,7.16,8,25.89,3,98,1,0
matched,"A2 sensitivity, detector",A2-detector-c01-11-s1,29,detector,9.14,1,6.63,8,24.80,6,97,1,0
matched,"A2 sensitivity, detector",A2-detector-c01-11-s1,30,detector,9.41,1,6.11,8,24.16,6,100,1,0
matched,"A2 sensitivity, detector",A2-detector-c01-11-s1,31,detector,9.61,1,6.44,8,24.39,4,99,1,0
matched,"A2 sensitivity, detector",A2-detector-c01-12-s1,0,detector,9.36,1,9.11,9,27.18,20,99,1,0
matched,"A2 sensitivity, detector",A2-detector-c01-12-s1,1,detector,8.21,1,9.76,9,28.40,6,100,1,0
matched,"A2 sensitivity, detector",A2-detector-c01-12-s1,2,detector,9.59,1,9.34,9,27.30,5,101,1,0
matched,"A2 sensitivity, detector",A2-detector-c01-12-s1,3,detector,8.40,1,8.66,9,27.20,11,100,1,0
matched,"A2 sensitivity, detector",A2-detector-c01-12-s1,4,detector,9.01,1,8.68,9,26.91,2,98,1,0
matched,"A2 sensitivity, detector",A2-detector-c01-12-s1,5,detector,9.02,1,8.97,9,27.20,11,99,1,0
matched,"A2 sensitivity, detector",A2-detector-c01-12-s1,6,detector,9.56,1,8.36,9,26.34,27,99,1,0
matched,"A2 sensitivity, detector",A2-detector-c01-12-s1,7,detector,10.00,1,8.18,9,25.96,8,102,1,0
matched,"A2 sensitivity, detector",A2-detector-c01-12-s1,8,detector,8.96,1,8.59,9,26.85,4,101,1,0
matched,"A2 sensitivity, detector",A2-detector-c01-12-s1,9,detector,8.46,1,9.39,9,27.90,4,102,1,0
matched,"A2 sensitivity, detector",A2-detector-c01-12-s1,10,detector,8.76,1,8.66,9,27.02,5,100,1,0
matched,"A2 sensitivity, detector",A2-detector-c01-12-s1,11,detector,8.04,1,8.51,9,27.24,8,97,1,0
matched,"A2 sensitivity, detector",A2-detector-c01-12-s1,12,detector,8.78,1,9.17,9,27.52,8,101,1,0
matched,"A2 sensitivity, detector",A2-detector-c01-12-s1,13,detector,9.77,1,8.57,9,26.45,6,100,1,0
matched,"A2 sensitivity, detector",A2-detector-c01-12-s1,14,detector,8.47,1,8.75,9,27.25,2,100,1,0
matched,"A2 sensitivity, detector",A2-detector-c01-12-s1,15,detector,8.14,1,9.12,9,27.80,3,99,1,0
matched,"A2 sensitivity, detector",A2-detector-c01-12-s1,16,detector,8.05,1,9.19,9,27.91,5,97,1,0
matched,"A2 sensitivity, detector",A2-detector-c01-12-s1,17,detector,8.18,1,8.44,9,27.09,9,98,1,0
matched,"A2 sensitivity, detector",A2-detector-c01-12-s1,18,detector,8.87,1,9.63,9,27.93,8,104,1,0
matched,"A2 sensitivity, detector",A2-detector-c01-12-s1,19,detector,9.60,1,9.85,9,27.81,2,99,1,0
matched,"A2 sensitivity, detector",A2-detector-c01-12-s1,20,detector,8.19,1,9.13,9,27.78,3,98,1,0
matched,"A2 sensitivity, detector",A2-detector-c01-12-s1,21,detector,9.22,1,9.95,9,28.08,5,102,1,0
matched,"A2 sensitivity, detector",A2-detector-c01-12-s1,22,detector,8.57,1,8.45,9,26.90,5,100,1,0
matched,"A2 sensitivity, detector",A2-detector-c01-12-s1,23,detector,8.90,1,8.13,9,26.42,14,103,1,0
matched,"A2 sensitivity, detector",A2-detector-c01-12-s1,24,detector,8.94,1,8.94,9,27.21,3,100,1,0
matched,"A2 sensitivity, detector",A2-detector-c01-12-s1,25,detector,9.28,1,8.85,9,26.96,5,98,1,0
matched,"A2 sensitivity, detector",A2-detector-c01-12-s1,26,detector,9.04,1,8.53,9,26.75,5,98,1,0
matched,"A2 sensitivity, detector",A2-detector-c01-12-s1,27,detector,9.15,1,9.21,9,27.38,2,100,1,0
matched,"A2 sensitivity, detector",A2-detector-c01-12-s1,28,detector,8.85,1,8.06,9,26.37,9,104,1,0
matched,"A2 sensitivity, detector",A2-detector-c01-12-s1,29,detector,8.83,1,9.45,9,27.77,11,100,1,0
matched,"A2 sensitivity, detector",A2-detector-c01-12-s1,30,detector,9.79,1,8.04,9,25.91,6,101,1,0
matched,"A2 sensitivity, detector",A2-detector-c01-12-s1,31,detector,8.41,1,9.31,9,27.84,2,104,1,0
matched,"A2 sensitivity, detector",A2-detector-c01-13-s1,0,detector,8.29,1,8.14,9,26.74,2,98,1,0
matched,"A2 sensitivity, detector",A2-detector-c01-13-s1,1,detector,9.90,1,8.93,9,26.76,3,98,1,0
matched,"A2 sensitivity, detector",A2-detector-c01-13-s1,2,detector,9.63,1,9.35,9,27.30,11,98,1,0
matched,"A2 sensitivity, detector",A2-detector-c01-13-s1,3,detector,8.84,1,8.01,9,26.33,15,96,1,0
matched,"A2 sensitivity, detector",A2-detector-c01-13-s1,4,detector,8.21,1,9.03,9,27.67,2,101,1,0
matched,"A2 sensitivity, detector",A2-detector-c01-13-s1,5,detector,8.91,1,9.46,9,27.74,4,98,1,0
matched,"A2 sensitivity, detector",A2-detector-c01-13-s1,6,detector,8.05,1,11.20,10,29.92,3,100,1,0
matched,"A2 sensitivity, detector",A2-detector-c01-13-s1,7,detector,8.68,1,9.47,9,27.87,14,101,1,0
matched,"A2 sensitivity, detector",A2-detector-c01-13-s1,8,detector,8.51,1,8.24,9,26.72,2,101,1,0
matched,"A2 sensitivity, detector",A2-detector-c01-13-s1,9,detector,8.62,1,11.99,10,30.42,2,102,1,0
matched,"A2 sensitivity, detector",A2-detector-c01-13-s1,10,detector,9.34,1,10.96,10,29.04,2,100,1,0
matched,"A2 sensitivity, detector",A2-detector-c01-13-s1,11,detector,8.24,1,8.32,9,26.94,4,101,1,0
matched,"A2 sensitivity, detector",A2-detector-c01-13-s1,12,detector,8.05,1,11.31,10,30.03,3,98,1,0
matched,"A2 sensitivity, detector",A2-detector-c01-13-s1,13,detector,8.54,1,11.56,10,30.03,4,101,1,0
matched,"A2 sensitivity, detector",A2-detector-c01-13-s1,14,detector,8.56,1,10.74,10,29.20,6,100,1,0
matched,"A2 sensitivity, detector",A2-detector-c01-13-s1,15,detector,9.05,1,11.31,10,29.53,8,98,1,0
matched,"A2 sensitivity, detector",A2-detector-c01-13-s1,16,detector,8.00,1,10.86,10,29.61,2,102,1,0
matched,"A2 sensitivity, detector",A2-detector-c01-13-s1,17,detector,8.12,1,11.16,10,29.85,4,100,1,0
matched,"A2 sensitivity, detector",A2-detector-c01-13-s1,18,detector,8.23,1,10.75,10,29.38,2,100,1,0
matched,"A2 sensitivity, detector",A2-detector-c01-13-s1,19,detector,8.57,1,8.57,9,27.02,4,98,1,0
matched,"A2 sensitivity, detector",A2-detector-c01-13-s1,20,detector,9.98,1,9.78,9,27.57,13,99,1,0
matched,"A2 sensitivity, detector",A2-detector-c01-13-s1,21,detector,8.10,1,8.86,9,27.56,2,96,1,0
matched,"A2 sensitivity, detector",A2-detector-c01-13-s1,22,detector,8.77,1,9.49,9,27.84,6,102,1,0
matched,"A2 sensitivity, detector",A2-detector-c01-13-s1,23,detector,8.19,1,11.00,10,29.65,14,99,1,0
matched,"A2 sensitivity, detector",A2-detector-c01-13-s1,24,detector,9.24,1,8.23,9,26.35,3,97,1,0
matched,"A2 sensitivity, detector",A2-detector-c01-13-s1,25,detector,8.59,1,11.30,10,29.74,3,102,1,0
matched,"A2 sensitivity, detector",A2-detector-c01-13-s1,26,detector,9.66,1,9.86,9,27.79,2,99,1,0
matched,"A2 sensitivity, detector",A2-detector-c01-13-s1,27,detector,9.25,1,8.04,9,26.16,9,99,1,0
matched,"A2 sensitivity, detector",A2-detector-c01-13-s1,28,detector,8.65,1,11.86,10,30.27,8,99,1,0
matched,"A2 sensitivity, detector",A2-detector-c01-13-s1,29,detector,8.81,1,11.60,10,29.93,21,100,1,0
matched,"A2 sensitivity, detector",A2-detector-c01-13-s1,30,detector,8.58,1,10.16,10,28.61,7,101,1,0
matched,"A2 sensitivity, detector",A2-detector-c01-13-s1,31,detector,9.94,1,11.08,10,28.89,3,98,1,0
matched,"A2 sensitivity, detector",A2-detector-c01-14-s1,0,detector,8.15,1,10.60,10,29.27,6,99,1,0
matched,"A2 sensitivity, detector",A2-detector-c01-14-s1,1,detector,8.61,1,11.15,10,29.58,3,98,1,0
matched,"A2 sensitivity, detector",A2-detector-c01-14-s1,2,detector,8.73,1,10.67,10,29.04,5,102,1,0
matched,"A2 sensitivity, detector",A2-detector-c01-14-s1,3,detector,9.08,1,10.21,10,28.41,12,101,1,0
matched,"A2 sensitivity, detector",A2-detector-c01-14-s1,4,detector,10.01,1,11.27,10,29.05,4,101,1,0
matched,"A2 sensitivity, detector",A2-detector-c01-14-s1,5,detector,9.03,1,10.56,10,28.78,4,99,1,0
matched,"A2 sensitivity, detector",A2-detector-c01-14-s1,6,detector,8.01,1,11.43,10,30.18,4,104,1,0
matched,"A2 sensitivity, detector",A2-detector-c01-14-s1,7,detector,10.01,1,10.17,10,27.95,2,99,1,0
matched,"A2 sensitivity, detector",A2-detector-c01-14-s1,8,detector,9.14,1,10.65,10,28.82,10,98,1,0
matched,"A2 sensitivity, detector",A2-detector-c01-14-s1,9,detector,8.34,1,10.68,10,29.25,9,98,1,0
matched,"A2 sensitivity, detector",A2-detector-c01-14-s1,10,detector,8.20,1,11.32,10,29.96,3,97,1,0
matched,"A2 sensitivity, detector",A2-detector-c01-14-s1,11,detector,9.75,1,10.80,10,28.69,2,100,1,0
matched,"A2 sensitivity, detector",A2-detector-c01-14-s1,12,detector,9.58,1,11.79,10,29.76,4,101,1,0
matched,"A2 sensitivity, detector",A2-detector-c01-14-s1,13,detector,8.35,1,10.07,10,28.63,3,104,1,0
matched,"A2 sensitivity, detector",A2-detector-c01-14-s1,14,detector,9.68,1,10.33,10,28.25,3,100,1,0
matched,"A2 sensitivity, detector",A2-detector-c01-14-s1,15,detector,8.35,1,10.87,10,29.43,2,101,1,0
matched,"A2 sensitivity, detector",A2-detector-c01-14-s1,16,detector,9.19,1,10.21,10,28.36,4,100,1,0
matched,"A2 sensitivity, detector",A2-detector-c01-14-s1,17,detector,8.85,1,11.79,10,30.10,3,103,1,0
matched,"A2 sensitivity, detector",A2-detector-c01-14-s1,18,detector,8.91,1,11.29,10,29.57,7,99,1,0
matched,"A2 sensitivity, detector",A2-detector-c01-14-s1,19,detector,9.73,1,10.02,10,27.92,3,98,1,0
matched,"A2 sensitivity, detector",A2-detector-c01-14-s1,20,detector,9.12,1,10.63,10,28.81,3,100,1,0
matched,"A2 sensitivity, detector",A2-detector-c01-14-s1,21,detector,9.26,1,10.46,10,28.58,2,98,1,0
matched,"A2 sensitivity, detector",A2-detector-c01-14-s1,22,detector,9.38,1,10.53,10,28.59,3,99,1,0
matched,"A2 sensitivity, detector",A2-detector-c01-14-s1,23,detector,10.05,1,11.69,10,29.45,2,105,1,0
matched,"A2 sensitivity, detector",A2-detector-c01-14-s1,24,detector,9.32,1,10.49,10,28.58,11,99,1,0
matched,"A2 sensitivity, detector",A2-detector-c01-14-s1,25,detector,9.52,1,11.08,10,29.08,5,101,1,0
matched,"A2 sensitivity, detector",A2-detector-c01-14-s1,26,detector,8.93,1,11.09,10,29.36,5,98,1,0
matched,"A2 sensitivity, detector",A2-detector-c01-14-s1,27,detector,9.24,1,11.26,10,29.38,4,98,1,0
matched,"A2 sensitivity, detector",A2-detector-c01-14-s1,28,detector,10.01,1,10.12,10,27.90,3,100,1,0
matched,"A2 sensitivity, detector",A2-detector-c01-14-s1,29,detector,9.28,1,11.60,10,29.71,3,100,1,0
matched,"A2 sensitivity, detector",A2-detector-c01-14-s1,30,detector,8.84,1,10.72,10,29.04,3,96,1,0
matched,"A2 sensitivity, detector",A2-detector-c01-14-s1,31,detector,8.44,1,11.26,10,29.78,10,100,1,0
matched,"A2 sensitivity, detector",A2-detector-c01-15-s1,0,detector,9.24,1,13.09,11,31.21,3,100,1,0
matched,"A2 sensitivity, detector",A2-detector-c01-15-s1,1,detector,9.78,1,13.83,11,31.71,3,97,1,0
matched,"A2 sensitivity, detector",A2-detector-c01-15-s1,2,detector,8.10,1,13.93,11,32.63,5,97,1,0
matched,"A2 sensitivity, detector",A2-detector-c01-15-s1,3,detector,8.48,1,13.63,11,32.13,3,101,1,0
matched,"A2 sensitivity, detector",A2-detector-c01-15-s1,4,detector,8.30,1,13.95,11,32.54,4,100,1,0
matched,"A2 sensitivity, detector",A2-detector-c01-15-s1,5,detector,8.93,1,12.81,11,31.08,6,102,1,0
matched,"A2 sensitivity, detector",A2-detector-c01-15-s1,6,detector,9.68,1,12.65,11,30.57,2,99,1,0
matched,"A2 sensitivity, detector",A2-detector-c01-15-s1,7,detector,10.06,1,12.28,11,30.04,2,100,1,0
matched,"A2 sensitivity, detector",A2-detector-c01-15-s1,8,detector,8.77,1,13.89,11,32.24,9,98,1,0
matched,"A2 sensitivity, detector",A2-detector-c01-15-s1,9,detector,9.00,1,13.66,11,31.90,2,102,1,0
matched,"A2 sensitivity, detector",A2-detector-c01-15-s1,10,detector,8.23,1,12.06,11,30.69,3,100,1,0
matched,"A2 sensitivity, detector",A2-detector-c01-15-s1,11,detector,9.44,1,13.92,11,31.95,4,101,1,0
matched,"A2 sensitivity, detector",A2-detector-c01-15-s1,12,detector,9.42,1,13.07,11,31.11,8,101,1,0
matched,"A2 sensitivity, detector",A2-detector-c01-15-s1,13,detector,9.41,1,13.02,11,31.07,2,102,1,0
matched,"A2 sensitivity, detector",A2-detector-c01-15-s1,14,detector,9.90,1,12.83,11,30.66,16,100,1,0
matched,"A2 sensitivity, detector",A2-detector-c01-15-s1,15,detector,8.99,1,12.14,11,30.38,18,100,1,0
matched,"A2 sensitivity, detector",A2-detector-c01-15-s1,16,detector,9.07,1,13.69,11,31.90,7,101,1,0
matched,"A2 sensitivity, detector",A2-detector-c01-15-s1,17,detector,9.04,1,12.27,11,30.49,3,99,1,0
matched,"A2 sensitivity, detector",A2-detector-c01-15-s1,18,detector,8.42,1,12.87,11,31.40,6,101,1,0
matched,"A2 sensitivity, detector",A2-detector-c01-15-s1,19,detector,9.73,1,13.63,11,31.53,5,100,1,0
matched,"A2 sensitivity, detector",A2-detector-c01-15-s1,20,detector,8.18,1,12.87,11,31.52,15,99,1,0
matched,"A2 sensitivity, detector",A2-detector-c01-15-s1,21,detector,8.73,1,12.30,11,30.67,4,98,1,0
matched,"A2 sensitivity, detector",A2-detector-c01-15-s1,22,detector,9.80,1,13.43,11,31.30,4,99,1,0
matched,"A2 sensitivity, detector",A2-detector-c01-15-s1,23,detector,8.77,1,13.33,11,31.68,5,100,1,0
matched,"A2 sensitivity, detector",A2-detector-c01-15-s1,24,detector,8.53,1,12.28,11,30.75,2,99,1,0
matched,"A2 sensitivity, detector",A2-detector-c01-15-s1,25,detector,9.46,1,13.40,11,31.42,2,99,1,0
matched,"A2 sensitivity, detector",A2-detector-c01-15-s1,26,detector,8.51,1,13.32,11,31.80,4,99,1,0
matched,"A2 sensitivity, detector",A2-detector-c01-15-s1,27,detector,8.07,1,13.02,11,31.73,2,98,1,0
matched,"A2 sensitivity, detector",A2-detector-c01-15-s1,28,detector,8.01,1,12.32,11,31.07,12,102,1,0
matched,"A2 sensitivity, detector",A2-detector-c01-15-s1,29,detector,9.41,1,12.54,11,30.59,5,99,1,0
matched,"A2 sensitivity, detector",A2-detector-c01-15-s1,30,detector,9.20,1,12.09,11,30.23,4,99,1,0
matched,"A2 sensitivity, detector",A2-detector-c01-15-s1,31,detector,8.57,1,13.72,11,32.17,2,100,1,0
matched,"A2 sensitivity, detector",A2-detector-c01-16-s1,0,detector,8.70,1,12.70,11,31.09,16,99,1,0
matched,"A2 sensitivity, detector",A2-detector-c01-16-s1,1,detector,8.87,1,15.62,12,33.92,8,99,1,0
matched,"A2 sensitivity, detector",A2-detector-c01-16-s1,2,detector,8.59,1,15.80,12,34.24,2,100,1,0
matched,"A2 sensitivity, detector",A2-detector-c01-16-s1,3,detector,10.05,1,15.09,12,32.85,2,102,1,0
matched,"A2 sensitivity, detector",A2-detector-c01-16-s1,4,detector,9.97,1,13.71,11,31.50,4,102,1,0
matched,"A2 sensitivity, detector",A2-detector-c01-16-s1,5,detector,8.94,1,12.70,11,30.97,7,102,1,0
matched,"A2 sensitivity, detector",A2-detector-c01-16-s1,6,detector,9.03,1,15.26,12,33.48,2,102,1,0
matched,"A2 sensitivity, detector",A2-detector-c01-16-s1,7,detector,9.06,1,15.93,12,34.14,5,100,1,0
matched,"A2 sensitivity, detector",A2-detector-c01-16-s1,8,detector,9.65,1,12.27,11,30.21,4,104,1,0
matched,"A2 sensitivity, detector",A2-detector-c01-16-s1,9,detector,8.38,1,13.84,11,32.39,2,102,1,0
matched,"A2 sensitivity, detector",A2-detector-c01-16-s1,10,detector,9.36,1,12.54,11,30.61,3,99,1,0
matched,"A2 sensitivity, detector",A2-detector-c01-16-s1,11,detector,9.12,1,14.98,12,33.16,5,100,1,0
matched,"A2 sensitivity, detector",A2-detector-c01-16-s1,12,detector,9.94,1,13.15,11,30.96,3,100,1,0
matched,"A2 sensitivity, detector",A2-detector-c01-16-s1,13,detector,9.24,1,13.36,11,31.48,3,101,1,0
matched,"A2 sensitivity, detector",A2-detector-c01-16-s1,14,detector,8.18,1,12.03,11,30.68,3,99,1,0
matched,"A2 sensitivity, detector",A2-detector-c01-16-s1,15,detector,9.31,1,14.60,12,32.69,3,101,1,0
matched,"A2 sensitivity, detector",A2-detector-c01-16-s1,16,detector,9.24,1,12.43,11,30.55,6,100,1,0
matched,"A2 sensitivity, detector",A2-detector-c01-16-s1,17,detector,9.31,1,15.46,12,33.55,2,99,1,0
matched,"A2 sensitivity, detector",A2-detector-c01-16-s1,18,detector,8.46,1,15.37,12,33.88,3,102,1,0
matched,"A2 sensitivity, detector",A2-detector-c01-16-s1,19,detector,9.88,1,12.39,11,30.22,7,99,1,0
matched,"A2 sensitivity, detector",A2-detector-c01-16-s1,20,detector,8.13,1,14.36,12,33.04,7,101,1,0
matched,"A2 sensitivity, detector",A2-detector-c01-16-s1,21,detector,8.94,1,15.71,12,33.98,11,102,1,0
matched,"A2 sensitivity, detector",A2-detector-c01-16-s1,22,detector,8.93,1,13.91,11,32.18,10,98,1,0
matched,"A2 sensitivity, detector",A2-detector-c01-16-s1,23,detector,10.00,1,13.60,11,31.38,11,100,1,0
matched,"A2 sensitivity, detector",A2-detector-c01-16-s1,24,detector,9.72,1,12.89,11,30.79,3,100,1,0
matched,"A2 sensitivity, detector",A2-detector-c01-16-s1,25,detector,8.32,1,15.47,12,34.05,9,98,1,0
matched,"A2 sensitivity, detector",A2-detector-c01-16-s1,26,detector,9.91,1,12.15,11,29.97,7,101,1,0
matched,"A2 sensitivity, detector",A2-detector-c01-16-s1,27,detector,9.16,1,15.83,12,33.99,5,100,1,0
matched,"A2 sensitivity, detector",A2-detector-c01-16-s1,28,detector,8.24,1,14.83,12,33.45,5,99,1,0
matched,"A2 sensitivity, detector",A2-detector-c01-16-s1,29,detector,8.39,1,14.29,12,32.83,7,99,1,0
matched,"A2 sensitivity, detector",A2-detector-c01-16-s1,30,detector,9.91,1,15.27,12,33.09,2,100,1,0
matched,"A2 sensitivity, detector",A2-detector-c01-16-s1,31,detector,8.82,1,12.69,11,31.02,6,100,1,0
matched,"A2 sensitivity, detector",A2-detector-c01-17-s1,0,detector,8.23,1,15.15,12,33.78,9,97,1,0
matched,"A2 sensitivity, detector",A2-detector-c01-17-s1,1,detector,9.15,1,14.56,12,32.73,5,102,1,0
matched,"A2 sensitivity, detector",A2-detector-c01-17-s1,2,detector,9.76,1,14.03,12,31.92,3,99,1,0
matched,"A2 sensitivity, detector",A2-detector-c01-17-s1,3,detector,8.83,1,14.28,12,32.60,5,98,1,0
matched,"A2 sensitivity, detector",A2-detector-c01-17-s1,4,detector,8.41,1,15.90,12,34.43,5,100,1,0
matched,"A2 sensitivity, detector",A2-detector-c01-17-s1,5,detector,9.46,1,14.59,12,32.61,6,99,1,0
matched,"A2 sensitivity, detector",A2-detector-c01-17-s1,6,detector,9.68,1,14.32,12,32.24,3,97,1,0
matched,"A2 sensitivity, detector",A2-detector-c01-17-s1,7,detector,8.60,1,14.76,12,33.20,2,101,1,0
matched,"A2 sensitivity, detector",A2-detector-c01-17-s1,8,detector,8.71,1,14.10,12,32.48,4,99,1,0
matched,"A2 sensitivity, detector",A2-detector-c01-17-s1,9,detector,8.61,1,15.50,12,33.93,18,97,1,0
matched,"A2 sensitivity, detector",A2-detector-c01-17-s1,10,detector,8.45,1,14.62,12,33.13,3,99,1,0
matched,"A2 sensitivity, detector",A2-detector-c01-17-s1,11,detector,8.54,1,14.99,12,33.46,14,101,1,0
matched,"A2 sensitivity, detector",A2-detector-c01-17-s1,12,detector,9.32,1,14.89,12,32.98,3,99,1,0
matched,"A2 sensitivity, detector",A2-detector-c01-17-s1,13,detector,8.43,1,15.31,12,33.83,2,100,1,0
matched,"A2 sensitivity, detector",A2-detector-c01-17-s1,14,detector,8.54,1,14.16,12,32.63,14,99,1,0
matched,"A2 sensitivity, detector",A2-detector-c01-17-s1,15,detector,8.40,1,15.38,12,33.92,7,102,1,0
matched,"A2 sensitivity, detector",A2-detector-c01-17-s1,16,detector,8.61,1,14.38,12,32.81,2,102,1,0
matched,"A2 sensitivity, detector",A2-detector-c01-17-s1,17,detector,8.64,1,15.79,12,34.21,3,99,1,0
matched,"A2 sensitivity, detector",A2-detector-c01-17-s1,18,detector,9.79,1,15.34,12,33.21,6,99,1,0
matched,"A2 sensitivity, detector",A2-detector-c01-17-s1,19,detector,8.83,1,14.08,12,32.40,11,99,1,0
matched,"A2 sensitivity, detector",A2-detector-c01-17-s1,20,detector,8.51,1,14.54,12,33.02,11,100,1,0
matched,"A2 sensitivity, detector",A2-detector-c01-17-s1,21,detector,9.51,1,14.19,12,32.19,5,99,1,0
matched,"A2 sensitivity, detector",A2-detector-c01-17-s1,22,detector,8.73,1,15.36,12,33.73,13,99,1,0
matched,"A2 sensitivity, detector",A2-detector-c01-17-s1,23,detector,9.15,1,15.43,12,33.60,9,99,1,0
matched,"A2 sensitivity, detector",A2-detector-c01-17-s1,24,detector,8.87,1,15.05,12,33.35,3,99,1,0
matched,"A2 sensitivity, detector",A2-detector-c01-17-s1,25,detector,9.73,1,15.76,12,33.66,3,101,1,0
matched,"A2 sensitivity, detector",A2-detector-c01-17-s1,26,detector,9.44,1,15.68,12,33.71,3,101,1,0
matched,"A2 sensitivity, detector",A2-detector-c01-17-s1,27,detector,8.99,1,14.25,12,32.49,7,100,1,0
matched,"A2 sensitivity, detector",A2-detector-c01-17-s1,28,detector,8.24,1,15.63,12,34.25,3,101,1,0
matched,"A2 sensitivity, detector",A2-detector-c01-17-s1,29,detector,8.95,1,14.27,12,32.53,4,100,1,0
matched,"A2 sensitivity, detector",A2-detector-c01-17-s1,30,detector,8.96,1,15.87,12,34.13,4,100,1,0
matched,"A2 sensitivity, detector",A2-detector-c01-17-s1,31,detector,9.26,1,15.38,12,33.50,13,100,1,0
matched,"A2 sensitivity, detector",A2-detector-c01-18-s1,0,detector,9.59,1,17.83,13,35.79,8,100,1,0
matched,"A2 sensitivity, detector",A2-detector-c01-18-s1,1,detector,9.35,1,17.94,13,36.01,5,100,1,0
matched,"A2 sensitivity, detector",A2-detector-c01-18-s1,2,detector,8.92,1,16.30,13,34.58,4,98,1,0
matched,"A2 sensitivity, detector",A2-detector-c01-18-s1,3,detector,9.34,1,16.41,13,34.49,4,100,1,0
matched,"A2 sensitivity, detector",A2-detector-c01-18-s1,4,detector,9.28,1,17.90,13,36.01,11,100,1,0
matched,"A2 sensitivity, detector",A2-detector-c01-18-s1,5,detector,8.28,1,17.94,13,36.54,2,99,1,0
matched,"A2 sensitivity, detector",A2-detector-c01-18-s1,6,detector,9.83,1,16.41,13,34.27,8,102,1,0
matched,"A2 sensitivity, detector",A2-detector-c01-18-s1,7,detector,8.83,1,16.67,13,34.99,5,97,1,0
matched,"A2 sensitivity, detector",A2-detector-c01-18-s1,8,detector,9.32,1,17.37,13,35.46,1,98,1,0
matched,"A2 sensitivity, detector",A2-detector-c01-18-s1,9,detector,9.80,1,17.63,13,35.50,2,98,1,0
matched,"A2 sensitivity, detector",A2-detector-c01-18-s1,10,detector,9.95,1,17.11,13,34.91,2,101,1,0
matched,"A2 sensitivity, detector",A2-detector-c01-18-s1,11,detector,9.88,1,16.63,13,34.46,3,100,1,0
matched,"A2 sensitivity, detector",A2-detector-c01-18-s1,12,detector,8.65,1,17.77,13,36.18,2,100,1,0
matched,"A2 sensitivity, detector",A2-detector-c01-18-s1,13,detector,9.40,1,16.70,13,34.75,2,99,1,0
matched,"A2 sensitivity, detector",A2-detector-c01-18-s1,14,detector,8.18,1,17.39,13,36.04,2,102,1,0
matched,"A2 sensitivity, detector",A2-detector-c01-18-s1,15,detector,8.08,1,16.44,13,35.15,3,100,1,0
matched,"A2 sensitivity, detector",A2-detector-c01-18-s1,16,detector,8.56,1,16.00,13,34.46,4,102,1,0
matched,"A2 sensitivity, detector",A2-detector-c01-18-s1,17,detector,9.47,1,16.79,13,34.81,9,101,1,0
matched,"A2 sensitivity, detector",A2-detector-c01-18-s1,18,detector,8.83,1,17.43,13,35.75,2,101,1,0
matched,"A2 sensitivity, detector",A2-detector-c01-18-s1,19,detector,9.24,1,17.01,13,35.13,2,99,1,0
matched,"A2 sensitivity, detector",A2-detector-c01-18-s1,20,detector,8.97,1,17.87,13,36.12,4,99,1,0
matched,"A2 sensitivity, detector",A2-detector-c01-18-s1,21,detector,9.44,1,17.31,13,35.34,13,102,1,0
matched,"A2 sensitivity, detector",A2-detector-c01-18-s1,22,detector,8.00,1,16.86,13,35.61,2,100,1,0
matched,"A2 sensitivity, detector",A2-detector-c01-18-s1,23,detector,8.52,1,16.80,13,35.28,2,100,1,0
matched,"A2 sensitivity, detector",A2-detector-c01-18-s1,24,detector,8.08,1,16.51,13,35.22,4,100,1,0
matched,"A2 sensitivity, detector",A2-detector-c01-18-s1,25,detector,9.50,1,17.13,13,35.13,3,99,1,0
matched,"A2 sensitivity, detector",A2-detector-c01-18-s1,26,detector,9.33,1,17.27,13,35.35,2,101,1,0
matched,"A2 sensitivity, detector",A2-detector-c01-18-s1,27,detector,8.15,1,16.88,13,35.55,10,101,1,0
matched,"A2 sensitivity, detector",A2-detector-c01-18-s1,28,detector,9.11,1,17.29,13,35.48,10,99,1,0
matched,"A2 sensitivity, detector",A2-detector-c01-18-s1,29,detector,8.10,1,17.01,13,35.71,5,101,1,0
matched,"A2 sensitivity, detector",A2-detector-c01-18-s1,30,detector,8.50,1,16.98,13,35.47,3,98,1,0
matched,"A2 sensitivity, detector",A2-detector-c01-18-s1,31,detector,9.54,1,17.16,13,35.15,7,99,1,0
matched,"A2 sensitivity, detector",A2-detector-c01-19-s1,0,detector,8.22,1,19.31,14,37.94,2,103,1,0
matched,"A2 sensitivity, detector",A2-detector-c01-19-s1,1,detector,8.95,1,19.32,14,37.58,3,100,1,0
matched,"A2 sensitivity, detector",A2-detector-c01-19-s1,2,detector,9.96,1,16.46,13,34.26,4,99,1,0
matched,"A2 sensitivity, detector",A2-detector-c01-19-s1,3,detector,9.97,1,18.10,14,35.89,2,102,1,0
matched,"A2 sensitivity, detector",A2-detector-c01-19-s1,4,detector,8.41,1,16.32,13,34.85,2,102,1,0
matched,"A2 sensitivity, detector",A2-detector-c01-19-s1,5,detector,8.08,1,18.99,14,37.70,2,99,1,0
matched,"A2 sensitivity, detector",A2-detector-c01-19-s1,6,detector,8.28,1,19.11,14,37.71,3,100,1,0
matched,"A2 sensitivity, detector",A2-detector-c01-19-s1,7,detector,9.19,1,18.30,14,36.45,4,100,1,0
matched,"A2 sensitivity, detector",A2-detector-c01-19-s1,8,detector,9.10,1,19.35,14,37.54,7,101,1,0
matched,"A2 sensitivity, detector",A2-detector-c01-19-s1,9,detector,8.01,1,17.79,13,36.54,15,101,1,0
matched,"A2 sensitivity, detector",A2-detector-c01-19-s1,10,detector,9.07,1,17.54,13,35.75,12,100,1,0
matched,"A2 sensitivity, detector",A2-detector-c01-19-s1,11,detector,9.90,1,16.10,13,33.93,3,99,1,0
matched,"A2 sensitivity, detector",A2-detector-c01-19-s1,12,detector,8.50,1,18.81,14,37.30,5,99,1,0
matched,"A2 sensitivity, detector",A2-detector-c01-19-s1,13,detector,9.89,1,19.08,14,36.91,5,101,1,0
matched,"A2 sensitivity, detector",A2-detector-c01-19-s1,14,detector,9.31,1,18.39,14,36.48,2,99,1,0
matched,"A2 sensitivity, detector",A2-detector-c01-19-s1,15,detector,8.47,1,16.27,13,34.77,3,95,1,0
matched,"A2 sensitivity, detector",A2-detector-c01-19-s1,16,detector,9.22,1,17.70,13,35.83,4,102,1,0
matched,"A2 sensitivity, detector",A2-detector-c01-19-s1,17,detector,9.12,1,16.90,13,35.08,6,102,1,0
matched,"A2 sensitivity, detector",A2-detector-c01-19-s1,18,detector,9.25,1,18.85,14,36.97,11,99,1,0
matched,"A2 sensitivity, detector",A2-detector-c01-19-s1,19,detector,8.62,1,17.59,13,36.02,4,99,1,0
matched,"A2 sensitivity, detector",A2-detector-c01-19-s1,20,detector,9.47,1,17.17,13,35.19,12,99,1,0
matched,"A2 sensitivity, detector",A2-detector-c01-19-s1,21,detector,9.58,1,16.53,13,34.50,2,100,1,0
matched,"A2 sensitivity, detector",A2-detector-c01-19-s1,22,detector,9.31,1,16.13,13,34.22,5,100,1,0
matched,"A2 sensitivity, detector",A2-detector-c01-19-s1,23,detector,8.47,1,18.95,14,37.45,2,103,1,0
matched,"A2 sensitivity, detector",A2-detector-c01-19-s1,24,detector,8.24,1,18.56,14,37.18,2,101,1,0
matched,"A2 sensitivity, detector",A2-detector-c01-19-s1,25,detector,9.01,1,17.26,13,35.49,5,101,1,0
matched,"A2 sensitivity, detector",A2-detector-c01-19-s1,26,detector,9.12,1,18.77,14,36.95,4,102,1,0
matched,"A2 sensitivity, detector",A2-detector-c01-19-s1,27,detector,8.56,1,18.88,14,37.34,2,100,1,0
matched,"A2 sensitivity, detector",A2-detector-c01-19-s1,28,detector,8.46,1,16.23,13,34.74,2,100,1,0
matched,"A2 sensitivity, detector",A2-detector-c01-19-s1,29,detector,9.18,1,16.11,13,34.26,3,100,1,0
matched,"A2 sensitivity, detector",A2-detector-c01-19-s1,30,detector,9.21,1,17.80,13,35.94,6,101,1,0
matched,"A2 sensitivity, detector",A2-detector-c01-19-s1,31,detector,8.03,1,18.46,14,37.19,4,97,1,0
matched,"A2 sensitivity, detector",A2-detector-c01-20-s1,0,detector,9.84,1,18.80,14,36.65,4,98,1,0
matched,"A2 sensitivity, detector",A2-detector-c01-20-s1,1,detector,9.23,1,18.63,14,36.76,6,95,1,0
matched,"A2 sensitivity, detector",A2-detector-c01-20-s1,2,detector,9.13,1,18.71,14,36.89,4,99,1,0
matched,"A2 sensitivity, detector",A2-detector-c01-20-s1,3,detector,9.80,1,18.23,14,36.10,4,100,1,0
matched,"A2 sensitivity, detector",A2-detector-c01-20-s1,4,detector,9.49,1,18.67,14,36.68,1,101,1,0
matched,"A2 sensitivity, detector",A2-detector-c01-20-s1,5,detector,8.44,1,18.69,14,37.21,2,100,1,0
matched,"A2 sensitivity, detector",A2-detector-c01-20-s1,6,detector,10.04,1,19.67,14,37.43,6,98,1,0
matched,"A2 sensitivity, detector",A2-detector-c01-20-s1,7,detector,8.75,1,19.12,14,37.48,8,98,1,0
matched,"A2 sensitivity, detector",A2-detector-c01-20-s1,8,detector,8.78,1,18.14,14,36.49,3,101,1,0
matched,"A2 sensitivity, detector",A2-detector-c01-20-s1,9,detector,8.83,1,18.26,14,36.58,13,101,1,0
matched,"A2 sensitivity, detector",A2-detector-c01-20-s1,10,detector,9.71,1,18.58,14,36.49,3,97,1,0
matched,"A2 sensitivity, detector",A2-detector-c01-20-s1,11,detector,8.13,1,18.98,14,37.66,4,100,1,0
matched,"A2 sensitivity, detector",A2-detector-c01-20-s1,12,detector,8.63,1,19.85,14,38.27,2,100,1,0
matched,"A2 sensitivity, detector",A2-detector-c01-20-s1,13,detector,9.26,1,19.07,14,37.19,10,104,1,0
matched,"A2 sensitivity, detector",A2-detector-c01-20-s1,14,detector,8.14,1,18.47,14,37.15,7,100,1,0
matched,"A2 sensitivity, detector",A2-detector-c01-20-s1,15,detector,10.00,1,18.08,14,35.86,2,99,1,0
matched,"A2 sensitivity, detector",A2-detector-c01-20-s1,16,detector,8.36,1,18.24,14,36.80,3,100,1,0
matched,"A2 sensitivity, detector",A2-detector-c01-20-s1,17,detector,8.85,1,19.70,14,38.01,2,97,1,0
matched,"A2 sensitivity, detector",A2-detector-c01-20-s1,18,detector,8.11,1,18.59,14,37.28,2,99,1,0
matched,"A2 sensitivity, detector",A2-detector-c01-20-s1,19,detector,8.44,1,19.30,14,37.82,11,99,1,0
matched,"A2 sensitivity, detector",A2-detector-c01-20-s1,20,detector,8.75,1,18.97,14,37.33,7,98,1,0
matched,"A2 sensitivity, detector",A2-detector-c01-20-s1,21,detector,9.52,1,19.11,14,37.11,4,102,1,0
matched,"A2 sensitivity, detector",A2-detector-c01-20-s1,22,detector,8.43,1,19.75,14,38.27,9,97,1,0
matched,"A2 sensitivity, detector",A2-detector-c01-20-s1,23,detector,9.66,1,19.65,14,37.58,2,100,1,0
matched,"A2 sensitivity, detector",A2-detector-c01-20-s1,24,detector,9.16,1,19.80,14,37.96,3,100,1,0
matched,"A2 sensitivity, detector",A2-detector-c01-20-s1,25,detector,8.76,1,19.61,14,37.97,8,99,1,0
matched,"A2 sensitivity, detector",A2-detector-c01-20-s1,26,detector,8.30,1,19.54,14,38.13,3,101,1,0
matched,"A2 sensitivity, detector",A2-detector-c01-20-s1,27,detector,9.75,1,19.13,14,37.02,3,100,1,0
matched,"A2 sensitivity, detector",A2-detector-c01-20-s1,28,detector,9.10,1,19.52,14,37.71,4,98,1,0
matched,"A2 sensitivity, detector",A2-detector-c01-20-s1,29,detector,8.27,1,18.13,14,36.74,2,103,1,0
matched,"A2 sensitivity, detector",A2-detector-c01-20-s1,30,detector,8.16,1,19.31,14,37.97,11,99,1,0
matched,"A2 sensitivity, detector",A2-detector-c01-20-s1,31,detector,8.65,1,19.65,14,38.06,2,101,1,0
matched,"A2 sensitivity, detector",A2-detector-c02-0-s1,0,detector,10.12,2,-6.84,1,10.89,99,99,0,0
matched,"A2 sensitivity, detector",A2-detector-c02-0-s1,1,detector,10.11,2,-7.63,1,10.10,101,101,0,0
matched,"A2 sensitivity, detector",A2-detector-c02-0-s1,2,detector,11.57,2,-6.16,1,10.99,101,101,0,0
matched,"A2 sensitivity, detector",A2-detector-c02-0-s1,3,detector,11.33,2,-7.25,1,9.99,100,100,0,0
matched,"A2 sensitivity, detector",A2-detector-c02-0-s1,4,detector,11.44,2,-6.16,1,11.04,101,101,0,0
matched,"A2 sensitivity, detector",A2-detector-c02-0-s1,5,detector,10.16,2,-6.38,1,11.33,95,95,0,0
matched,"A2 sensitivity, detector",A2-detector-c02-0-s1,6,detector,12.15,2,-7.65,1,9.29,98,98,0,0
matched,"A2 sensitivity, detector",A2-detector-c02-0-s1,7,detector,10.76,2,-6.45,1,11.01,99,99,0,0
matched,"A2 sensitivity, detector",A2-detector-c02-0-s1,8,detector,11.37,2,-7.62,1,9.60,101,101,0,0
matched,"A2 sensitivity, detector",A2-detector-c02-0-s1,9,detector,12.66,2,-6.99,1,9.77,103,103,0,0
matched,"A2 sensitivity, detector",A2-detector-c02-0-s1,10,detector,11.58,2,-7.90,1,9.24,102,102,0,0
matched,"A2 sensitivity, detector",A2-detector-c02-0-s1,11,detector,11.83,2,-7.75,1,9.30,100,100,0,0
matched,"A2 sensitivity, detector",A2-detector-c02-0-s1,12,detector,10.25,2,-7.52,1,10.15,98,98,0,0
matched,"A2 sensitivity, detector",A2-detector-c02-0-s1,13,detector,12.30,2,-6.74,1,10.14,102,102,0,0
matched,"A2 sensitivity, detector",A2-detector-c02-0-s1,14,detector,10.41,2,-6.06,1,11.55,101,101,0,0
matched,"A2 sensitivity, detector",A2-detector-c02-0-s1,15,detector,11.85,2,-6.75,1,10.29,98,98,0,0
matched,"A2 sensitivity, detector",A2-detector-c02-0-s1,16,detector,10.78,2,-6.86,1,10.60,98,98,0,0
matched,"A2 sensitivity, detector",A2-detector-c02-0-s1,17,detector,11.39,2,-6.28,1,10.94,100,100,0,0
matched,"A2 sensitivity, detector",A2-detector-c02-0-s1,18,detector,12.65,2,-7.94,1,8.82,100,100,0,0
matched,"A2 sensitivity, detector",A2-detector-c02-0-s1,19,detector,10.16,2,-6.78,1,10.93,99,99,0,0
matched,"A2 sensitivity, detector",A2-detector-c02-0-s1,20,detector,10.62,2,-7.90,1,9.62,99,99,0,0
matched,"A2 sensitivity, detector",A2-detector-c02-0-s1,21,detector,10.89,2,-7.71,1,9.70,101,101,0,0
matched,"A2 sensitivity, detector",A2-detector-c02-0-s1,22,detector,11.70,2,-6.04,1,11.06,101,101,0,0
matched,"A2 sensitivity, detector",A2-detector-c02-0-s1,23,detector,10.45,2,-7.41,1,10.18,101,101,0,0
matched,"A2 sensitivity, detector",A2-detector-c02-0-s1,24,detector,10.85,2,-7.20,1,10.23,101,101,0,0
matched,"A2 sensitivity, detector",A2-detector-c02-0-s1,25,detector,12.50,2,-6.98,1,9.83,100,100,0,0
matched,"A2 sensitivity, detector",A2-detector-c02-0-s1,26,detector,11.66,2,-6.30,1,10.81,99,99,0,0
matched,"A2 sensitivity, detector",A2-detector-c02-0-s1,27,detector,12.49,2,-7.40,1,9.42,100,100,0,0
matched,"A2 sensitivity, detector",A2-detector-c02-0-s1,28,detector,12.15,2,-7.77,1,9.17,99,99,0,0
matched,"A2 sensitivity, detector",A2-detector-c02-0-s1,29,detector,10.24,2,-6.21,1,11.47,102,102,0,0
matched,"A2 sensitivity, detector",A2-detector-c02-0-s1,30,detector,10.10,2,-6.35,1,11.39,100,100,0,0
matched,"A2 sensitivity, detector",A2-detector-c02-0-s1,31,detector,11.43,2,-7.69,1,9.51,100,100,0,0
matched,"A2 sensitivity, detector",A2-detector-c02-1-s1,0,detector,12.40,2,-4.06,2,12.79,67,102,1,0
matched,"A2 sensitivity, detector",A2-detector-c02-1-s1,1,detector,11.32,2,-5.50,2,11.74,101,101,0,0
matched,"A2 sensitivity, detector",A2-detector-c02-1-s1,2,detector,10.28,2,-5.70,2,11.96,99,99,0,0
matched,"A2 sensitivity, detector",A2-detector-c02-1-s1,3,detector,12.62,2,-5.67,2,11.10,97,97,0,0
matched,"A2 sensitivity, detector",A2-detector-c02-1-s1,4,detector,12.14,2,-6.59,1,10.35,100,100,0,0
matched,"A2 sensitivity, detector",A2-detector-c02-1-s1,5,detector,10.72,2,-6.22,1,11.26,100,100,0,0
matched,"A2 sensitivity, detector",A2-detector-c02-1-s1,6,detector,10.40,2,-4.50,2,13.11,100,100,0,0
matched,"A2 sensitivity, detector",A2-detector-c02-1-s1,7,detector,10.92,2,-4.43,2,12.97,100,100,0,0
matched,"A2 sensitivity, detector",A2-detector-c02-1-s1,8,detector,10.93,2,-6.27,1,11.13,101,101,0,0
matched,"A2 sensitivity, detector",A2-detector-c02-1-s1,9,detector,11.59,2,-7.02,1,10.12,100,100,0,0
matched,"A2 sensitivity, detector",A2-detector-c02-1-s1,10,detector,11.88,2,-6.85,1,10.18,101,101,0,0
matched,"A2 sensitivity, detector",A2-detector-c02-1-s1,11,detector,11.37,2,-5.50,2,11.72,102,102,0,0
matched,"A2 sensitivity, detector",A2-detector-c02-1-s1,12,detector,12.29,2,-6.89,1,10.00,99,99,0,0
matched,"A2 sensitivity, detector",A2-detector-c02-1-s1,13,detector,11.97,2,-7.93,1,9.07,101,101,0,0
matched,"A2 sensitivity, detector",A2-detector-c02-1-s1,14,detector,10.37,2,-5.04,2,12.58,102,102,0,0
matched,"A2 sensitivity, detector",A2-detector-c02-1-s1,15,detector,12.48,2,-7.09,1,9.73,102,102,0,0
matched,"A2 sensitivity, detector",A2-detector-c02-1-s1,16,detector,11.79,2,-4.94,2,12.13,101,101,0,0
matched,"A2 sensitivity, detector",A2-detector-c02-1-s1,17,detector,10.85,2,-4.53,2,12.90,99,99,1,0
matched,"A2 sensitivity, detector",A2-detector-c02-1-s1,18,detector,10.35,2,-7.81,1,9.82,102,102,0,0
matched,"A2 sensitivity, detector",A2-detector-c02-1-s1,19,detector,12.03,2,-6.09,1,10.89,99,99,0,0
matched,"A2 sensitivity, detector",A2-detector-c02-1-s1,20,detector,11.35,2,-7.46,1,9.77,97,97,0,0
matched,"A2 sensitivity, detector",A2-detector-c02-1-s1,21,detector,11.81,2,-7.99,1,9.07,100,100,0,0
matched,"A2 sensitivity, detector",A2-detector-c02-1-s1,22,detector,12.32,2,-5.40,2,11.48,98,98,0,0
matched,"A2 sensitivity, detector",A2-detector-c02-1-s1,23,detector,11.00,2,-5.13,2,12.24,101,101,0,0
matched,"A2 sensitivity, detector",A2-detector-c02-1-s1,24,detector,12.25,2,-4.43,2,12.47,101,101,0,0
matched,"A2 sensitivity, detector",A2-detector-c02-1-s1,25,detector,11.65,2,-7.14,1,9.98,100,100,0,0
matched,"A2 sensitivity, detector",A2-detector-c02-1-s1,26,detector,10.07,2,-5.88,2,11.87,101,101,0,0
matched,"A2 sensitivity, detector",A2-detector-c02-1-s1,27,detector,11.19,2,-5.56,2,11.73,101,101,0,0
matched,"A2 sensitivity, detector",A2-detector-c02-1-s1,28,detector,10.16,2,-4.09,2,13.62,99,99,1,0
matched,"A2 sensitivity, detector",A2-detector-c02-1-s1,29,detector,12.31,2,-7.67,1,9.21,99,99,0,0
matched,"A2 sensitivity, detector",A2-detector-c02-1-s1,30,detector,11.10,2,-7.86,1,9.47,99,99,0,0
matched,"A2 sensitivity, detector",A2-detector-c02-1-s1,31,detector,10.27,2,-6.89,1,10.78,100,100,0,0
matched,"A2 sensitivity, detector",A2-detector-c02-2-s1,0,detector,12.22,2,-5.82,2,11.09,99,99,0,0
matched,"A2 sensitivity, detector",A2-detector-c02-2-s1,1,detector,12.05,2,-4.85,2,12.12,100,100,0,0
matched,"A2 sensitivity, detector",A2-detector-c02-2-s1,2,detector,12.44,2,-5.36,2,11.47,102,102,0,0
matched,"A2 sensitivity, detector",A2-detector-c02-2-s1,3,detector,12.02,2,-5.11,2,11.87,98,98,0,0
matched,"A2 sensitivity, detector",A2-detector-c02-2-s1,4,detector,12.50,2,-4.79,2,12.02,97,97,0,0
matched,"A2 sensitivity, detector",A2-detector-c02-2-s1,5,detector,11.03,2,-4.47,2,12.89,99,99,0,0
matched,"A2 sensitivity, detector",A2-detector-c02-2-s1,6,detector,11.88,2,-5.49,2,11.54,97,97,0,0
matched,"A2 sensitivity, detector",A2-detector-c02-2-s1,7,detector,11.88,2,-5.86,2,11.17,101,101,0,0
matched,"A2 sensitivity, detector",A2-detector-c02-2-s1,8,detector,11.82,2,-5.22,2,11.84,101,101,0,0
matched,"A2 sensitivity, detector",A2-detector-c02-2-s1,9,detector,11.68,2,-4.91,2,12.20,98,98,0,0
matched,"A2 sensitivity, detector",A2-detector-c02-2-s1,10,detector,10.74,2,-4.18,2,13.29,99,99,0,0
matched,"A2 sensitivity, detector",A2-detector-c02-2-s1,11,detector,10.70,2,-4.25,2,13.24,99,99,1,0
matched,"A2 sensitivity, detector",A2-detector-c02-2-s1,12,detector,11.02,2,-4.53,2,12.83,102,102,0,0
matched,"A2 sensitivity, detector",A2-detector-c02-2-s1,13,detector,10.66,2,-4.49,2,13.01,101,101,0,0
matched,"A2 sensitivity, detector",A2-detector-c02-2-s1,14,detector,11.59,2,-5.20,2,11.94,99,99,0,0
matched,"A2 sensitivity, detector",A2-detector-c02-2-s1,15,detector,11.89,2,-5.98,2,11.05,101,101,0,0
matched,"A2 sensitivity, detector",A2-detector-c02-2-s1,16,detector,12.63,2,-5.53,2,11.24,101,101,0,0
matched,"A2 sensitivity, detector",A2-detector-c02-2-s1,17,detector,10.80,2,-4.92,2,12.53,99,99,0,0
matched,"A2 sensitivity, detector",A2-detector-c02-2-s1,18,detector,11.00,2,-4.38,2,12.99,98,98,0,0
matched,"A2 sensitivity, detector",A2-detector-c02-2-s1,19,detector,11.98,2,-5.41,2,11.59,101,101,0,0
matched,"A2 sensitivity, detector",A2-detector-c02-2-s1,20,detector,10.17,2,-4.63,2,13.08,98,98,0,0
matched,"A2 sensitivity, detector",A2-detector-c02-2-s1,21,detector,11.48,2,-4.72,2,12.46,100,100,0,0
matched,"A2 sensitivity, detector",A2-detector-c02-2-s1,22,detector,10.88,2,-5.84,2,11.58,102,102,0,0
matched,"A2 sensitivity, detector",A2-detector-c02-2-s1,23,detector,10.29,2,-4.56,2,13.10,99,99,1,0
matched,"A2 sensitivity, detector",A2-detector-c02-2-s1,24,detector,10.75,2,-4.98,2,12.49,97,97,0,0
matched,"A2 sensitivity, detector",A2-detector-c02-2-s1,25,detector,10.47,2,-5.55,2,12.03,101,101,0,0
matched,"A2 sensitivity, detector",A2-detector-c02-2-s1,26,detector,12.27,2,-5.90,2,10.99,98,98,0,0
matched,"A2 sensitivity, detector",A2-detector-c02-2-s1,27,detector,11.29,2,-5.07,2,12.18,101,101,0,0
matched,"A2 sensitivity, detector",A2-detector-c02-2-s1,28,detector,10.79,2,-5.40,2,12.05,101,101,0,0
matched,"A2 sensitivity, detector",A2-detector-c02-2-s1,29,detector,10.71,2,-5.59,2,11.89,100,100,0,0
matched,"A2 sensitivity, detector",A2-detector-c02-2-s1,30,detector,12.15,2,-5.53,2,11.41,99,99,0,0
matched,"A2 sensitivity, detector",A2-detector-c02-2-s1,31,detector,11.51,2,-4.19,2,12.98,100,100,0,0
matched,"A2 sensitivity, detector",A2-detector-c02-3-s1,0,detector,10.78,2,-2.56,3,14.90,64,98,1,0
matched,"A2 sensitivity, detector",A2-detector-c02-3-s1,1,detector,10.60,2,-3.69,3,13.84,100,100,1,0
matched,"A2 sensitivity, detector",A2-detector-c02-3-s1,2,detector,10.80,2,-3.67,3,13.78,98,98,1,0
matched,"A2 sensitivity, detector",A2-detector-c02-3-s1,3,detector,10.47,2,-3.13,3,14.45,92,99,1,0
matched,"A2 sensitivity, detector",A2-detector-c02-3-s1,4,detector,11.41,2,-2.40,3,14.81,60,101,1,0
matched,"A2 sensitivity, detector",A2-detector-c02-3-s1,5,detector,10.72,2,-2.34,3,15.14,25,100,1,0
matched,"A2 sensitivity, detector",A2-detector-c02-3-s1,6,detector,11.49,2,-3.22,3,13.96,92,99,1,0
matched,"A2 sensitivity, detector",A2-detector-c02-3-s1,7,detector,11.05,2,-2.82,3,14.53,83,101,1,0
matched,"A2 sensitivity, detector",A2-detector-c02-3-s1,8,detector,10.37,2,-3.37,3,14.25,75,101,1,0
matched,"A2 sensitivity, detector",A2-detector-c02-3-s1,9,detector,12.54,2,-2.44,3,14.36,101,98,1,0
matched,"A2 sensitivity, detector",A2-detector-c02-3-s1,10,detector,11.38,2,-2.50,3,14.72,54,100,1,0
matched,"A2 sensitivity, detector",A2-detector-c02-3-s1,11,detector,10.50,2,-2.16,3,15.41,16,97,1,0
matched,"A2 sensitivity, detector",A2-detector-c02-3-s1,12,detector,12.09,2,-3.47,3,13.49,97,98,1,0
matched,"A2 sensitivity, detector",A2-detector-c02-3-s1,13,detector,11.36,2,-2.69,3,14.54,35,100,1,0
matched,"A2 sensitivity, detector",A2-detector-c02-3-s1,14,detector,12.25,2,-3.99,3,12.91,97,98,1,0
matched,"A2 sensitivity, detector",A2-detector-c02-3-s1,15,detector,11.53,2,-2.63,3,14.53,69,101,1,0
matched,"A2 sensitivity, detector",A2-detector-c02-3-s1,16,detector,10.87,2,-2.93,3,14.49,80,96,1,0
matched,"A2 sensitivity, detector",A2-detector-c02-3-s1,17,detector,10.58,2,-3.65,3,13.89,100,100,0,0
matched,"A2 sensitivity, detector",A2-detector-c02-3-s1,18,detector,11.64,2,-2.56,3,14.56,78,103,1,0
matched,"A2 sensitivity, detector",A2-detector-c02-3-s1,19,detector,10.95,2,-3.35,3,14.04,37,101,1,0
matched,"A2 sensitivity, detector",A2-detector-c02-3-s1,20,detector,10.50,2,-2.59,3,14.98,67,99,1,0
matched,"A2 sensitivity, detector",A2-detector-c02-3-s1,21,detector,12.09,2,-3.92,3,13.04,99,99,1,0
matched,"A2 sensitivity, detector",A2-detector-c02-3-s1,22,detector,12.24,2,-3.82,3,13.08,98,98,1,0
matched,"A2 sensitivity, detector",A2-detector-c02-3-s1,23,detector,10.52,2,-3.29,3,14.27,79,104,1,0
matched,"A2 sensitivity, detector",A2-detector-c02-3-s1,24,detector,12.55,2,-2.63,3,14.17,30,102,1,0
matched,"A2 sensitivity, detector",A2-detector-c02-3-s1,25,detector,12.34,2,-3.14,3,13.73,94,102,1,0
matched,"A2 sensitivity, detector",A2-detector-c02-3-s1,26,detector,10.93,2,-2.44,3,14.96,152,97,1,0
matched,"A2 sensitivity, detector",A2-detector-c02-3-s1,27,detector,11.15,2,-3.32,3,13.99,99,99,1,0
matched,"A2 sensitivity, detector",A2-detector-c02-3-s1,28,detector,11.62,2,-3.90,3,13.23,97,98,1,0
matched,"A2 sensitivity, detector",A2-detector-c02-3-s1,29,detector,10.87,2,-3.54,3,13.88,100,100,1,0
matched,"A2 sensitivity, detector",A2-detector-c02-3-s1,30,detector,12.27,2,-2.64,3,14.25,71,99,1,0
matched,"A2 sensitivity, detector",A2-detector-c02-3-s1,31,detector,10.16,2,-3.39,3,14.32,102,102,1,0
matched,"A2 sensitivity, detector",A2-detector-c02-4-s1,0,detector,10.19,2,-1.69,4,16.01,32,102,1,0
matched,"A2 sensitivity, detector",A2-detector-c02-4-s1,1,detector,11.35,2,-2.08,3,15.15,68,102,1,0
matched,"A2 sensitivity, detector",A2-detector-c02-4-s1,2,detector,12.22,2,-1.71,4,15.20,64,101,1,0
matched,"A2 sensitivity, detector",A2-detector-c02-4-s1,3,detector,12.14,2,-1.15,4,15.79,3,97,1,0
matched,"A2 sensitivity, detector",A2-detector-c02-4-s1,4,detector,10.45,2,-2.47,3,15.12,67,97,1,0
matched,"A2 sensitivity, detector",A2-detector-c02-4-s1,5,detector,10.69,2,-3.78,3,13.71,101,101,1,0
matched,"A2 sensitivity, detector",A2-detector-c02-4-s1,6,detector,11.44,2,-1.32,4,15.88,31,101,1,0
matched,"A2 sensitivity, detector",A2-detector-c02-4-s1,7,detector,12.27,2,-2.79,3,14.10,68,98,1,0
matched,"A2 sensitivity, detector",A2-detector-c02-4-s1,8,detector,11.18,2,-0.80,4,16.50,8,98,1,0
matched,"A2 sensitivity, detector",A2-detector-c02-4-s1,9,detector,12.41,2,-2.57,3,14.27,77,99,1,0
matched,"A2 sensitivity, detector",A2-detector-c02-4-s1,10,detector,11.25,2,-0.19,4,17.08,20,101,1,0
matched,"A2 sensitivity, detector",A2-detector-c02-4-s1,11,detector,11.07,2,-1.34,4,16.00,3,99,1,0
matched,"A2 sensitivity, detector",A2-detector-c02-4-s1,12,detector,12.52,2,-3.13,3,13.68,98,101,1,0
matched,"A2 sensitivity, detector",A2-detector-c02-4-s1,13,detector,11.49,2,-3.75,3,13.43,99,99,0,0
matched,"A2 sensitivity, detector",A2-detector-c02-4-s1,14,detector,11.74,2,-2.34,3,14.74,50,101,1,0
matched,"A2 sensitivity, detector",A2-detector-c02-4-s1,15,detector,10.68,2,-3.91,3,13.59,88,103,1,0
matched,"A2 sensitivity, detector",A2-detector-c02-4-s1,16,detector,10.22,2,-3.06,3,14.63,83,103,1,0
matched,"A2 sensitivity, detector",A2-detector-c02-4-s1,17,detector,11.02,2,-0.44,4,16.92,14,101,1,0
matched,"A2 sensitivity, detector",A2-detector-c02-4-s1,18,detector,11.22,2,-0.56,4,16.72,6,99,1,0
matched,"A2 sensitivity, detector",A2-detector-c02-4-s1,19,detector,10.38,2,-0.16,4,17.46,9,98,1,0
matched,"A2 sensitivity, detector",A2-detector-c02-4-s1,20,detector,12.23,2,-3.80,3,13.11,100,100,1,0
matched,"A2 sensitivity, detector",A2-detector-c02-4-s1,21,detector,11.44,2,-3.15,3,14.05,100,101,1,0
matched,"A2 sensitivity, detector",A2-detector-c02-4-s1,22,detector,10.15,2,-2.05,3,15.67,133,99,1,0
matched,"A2 sensitivity, detector",A2-detector-c02-4-s1,23,detector,12.53,2,-3.75,3,13.05,100,100,1,0
matched,"A2 sensitivity, detector",A2-detector-c02-4-s1,24,detector,11.16,2,-1.32,4,15.98,10,101,1,0
matched,"A2 sensitivity, detector",A2-detector-c02-4-s1,25,detector,11.19,2,-2.57,3,14.72,51,101,1,0
matched,"A2 sensitivity, detector",A2-detector-c02-4-s1,26,detector,12.34,2,-1.12,4,15.75,14,102,1,0
matched,"A2 sensitivity, detector",A2-detector-c02-4-s1,27,detector,11.79,2,-1.14,4,15.93,46,100,1,0
matched,"A2 sensitivity, detector",A2-detector-c02-4-s1,28,detector,12.56,2,-0.87,4,15.92,10,100,1,0
matched,"A2 sensitivity, detector",A2-detector-c02-4-s1,29,detector,12.66,2,-1.61,4,15.15,38,99,1,0
matched,"A2 sensitivity, detector",A2-detector-c02-4-s1,30,detector,10.29,2,-2.42,3,15.24,66,101,1,0
matched,"A2 sensitivity, detector",A2-detector-c02-4-s1,31,detector,11.21,2,-1.66,4,15.63,88,103,1,0
matched,"A2 sensitivity, detector",A2-detector-c02-5-s1,0,detector,12.05,2,-1.03,4,15.94,5,101,1,0
matched,"A2 sensitivity, detector",A2-detector-c02-5-s1,1,detector,10.55,2,-0.76,4,16.79,19,102,1,0
matched,"A2 sensitivity, detector",A2-detector-c02-5-s1,2,detector,11.05,2,-1.91,4,15.44,9,99,1,0
matched,"A2 sensitivity, detector",A2-detector-c02-5-s1,3,detector,11.43,2,-1.78,4,15.42,32,104,1,0
matched,"A2 sensitivity, detector",A2-detector-c02-5-s1,4,detector,10.43,2,-1.58,4,16.02,4,99,1,0
matched,"A2 sensitivity, detector",A2-detector-c02-5-s1,5,detector,11.38,2,-1.01,4,16.21,14,100,1,0
matched,"A2 sensitivity, detector",A2-detector-c02-5-s1,6,detector,11.00,2,-1.74,4,15.63,47,99,1,0
matched,"A2 sensitivity, detector",A2-detector-c02-5-s1,7,detector,10.30,2,-1.92,4,15.73,53,99,1,0
matched,"A2 sensitivity, detector",A2-detector-c02-5-s1,8,detector,10.77,2,-0.75,4,16.71,32,100,1,0
matched,"A2 sensitivity, detector",A2-detector-c02-5-s1,9,detector,10.32,2,-1.30,4,16.34,17,97,1,0
matched,"A2 sensitivity, detector",A2-detector-c02-5-s1,10,detector,11.31,2,-1.82,4,15.43,47,97,1,0
matched,"A2 sensitivity, detector",A2-detector-c02-5-s1,11,detector,10.41,2,-0.55,4,17.06,15,98,1,0
matched,"A2 sensitivity, detector",A2-detector-c02-5-s1,12,detector,12.21,2,-1.89,4,15.02,11,100,1,0
matched,"A2 sensitivity, detector",A2-detector-c02-5-s1,13,detector,11.08,2,-1.01,4,16.33,30,96,1,0
matched,"A2 sensitivity, detector",A2-detector-c02-5-s1,14,detector,10.34,2,-0.58,4,17.06,20,100,1,0
matched,"A2 sensitivity, detector",A2-detector-c02-5-s1,15,detector,10.70,2,-1.39,4,16.10,6,98,1,0
matched,"A2 sensitivity, detector",A2-detector-c02-5-s1,16,detector,10.24,2,-1.46,4,16.22,39,99,1,0
matched,"A2 sensitivity, detector",A2-detector-c02-5-s1,17,detector,10.60,2,-1.07,4,16.46,3,99,1,0
matched,"A2 sensitivity, detector",A2-detector-c02-5-s1,18,detector,10.33,2,-1.01,4,16.63,16,99,1,0
matched,"A2 sensitivity, detector",A2-detector-c02-5-s1,19,detector,11.93,2,-1.58,4,15.44,69,100,1,0
matched,"A2 sensitivity, detector",A2-detector-c02-5-s1,20,detector,11.02,2,-1.20,4,16.16,102,99,1,0
matched,"A2 sensitivity, detector",A2-detector-c02-5-s1,21,detector,11.58,2,-0.32,4,16.82,12,98,1,0
matched,"A2 sensitivity, detector",A2-detector-c02-5-s1,22,detector,11.22,2,-0.53,4,16.75,3,98,1,0
matched,"A2 sensitivity, detector",A2-detector-c02-5-s1,23,detector,10.92,2,-1.72,4,15.68,32,99,1,0
matched,"A2 sensitivity, detector",A2-detector-c02-5-s1,24,detector,11.67,2,-0.53,4,16.58,7,98,1,0
matched,"A2 sensitivity, detector",A2-detector-c02-5-s1,25,detector,10.73,2,-0.16,4,17.32,18,98,1,0
matched,"A2 sensitivity, detector",A2-detector-c02-5-s1,26,detector,10.38,2,-1.43,4,16.19,43,100,1,0
matched,"A2 sensitivity, detector",A2-detector-c02-5-s1,27,detector,12.50,2,-1.29,4,15.52,16,99,1,0
matched,"A2 sensitivity, detector",A2-detector-c02-5-s1,28,detector,11.38,2,-1.90,4,15.32,35,100,1,0
matched,"A2 sensitivity, detector",A2-detector-c02-5-s1,29,detector,10.36,2,-1.91,4,15.72,31,99,1,0
matched,"A2 sensitivity, detector",A2-detector-c02-5-s1,30,detector,12.54,2,-0.86,4,15.94,40,98,1,0
matched,"A2 sensitivity, detector",A2-detector-c02-5-s1,31,detector,11.47,2,-0.48,4,16.71,29,101,1,0
matched,"A2 sensitivity, detector",A2-detector-c02-6-s1,0,detector,11.84,2,0.87,5,17.92,3,100,1,0
matched,"A2 sensitivity, detector",A2-detector-c02-6-s1,1,detector,11.05,2,0.59,5,17.94,3,101,1,0
matched,"A2 sensitivity, detector",A2-detector-c02-6-s1,2,detector,11.56,2,0.74,5,17.89,6,100,1,0
matched,"A2 sensitivity, detector",A2-detector-c02-6-s1,3,detector,12.46,2,1.78,5,18.61,6,99,1,0
matched,"A2 sensitivity, detector",A2-detector-c02-6-s1,4,detector,11.48,2,1.93,5,19.11,5,100,1,0
matched,"A2 sensitivity, detector",A2-detector-c02-6-s1,5,detector,11.41,2,0.14,5,17.35,8,100,1,0
matched,"A2 sensitivity, detector",A2-detector-c02-6-s1,6,detector,11.94,2,1.27,5,18.28,2,100,1,0
matched,"A2 sensitivity, detector",A2-detector-c02-6-s1,7,detector,11.04,2,0.02,5,17.37,7,102,1,0
matched,"A2 sensitivity, detector",A2-detector-c02-6-s1,8,detector,11.77,2,0.04,5,17.11,3,100,1,0
matched,"A2 sensitivity, detector",A2-detector-c02-6-s1,9,detector,11.58,2,0.79,5,17.93,7,98,1,0
matched,"A2 sensitivity, detector",A2-detector-c02-6-s1,10,detector,10.64,2,1.82,5,19.33,2,100,1,0
matched,"A2 sensitivity, detector",A2-detector-c02-6-s1,11,detector,11.64,2,0.18,5,17.30,19,100,1,0
matched,"A2 sensitivity, detector",A2-detector-c02-6-s1,12,detector,12.31,2,0.12,5,17.00,19,100,1,0
matched,"A2 sensitivity, detector",A2-detector-c02-6-s1,13,detector,11.84,2,1.09,5,18.14,15,100,1,0
matched,"A2 sensitivity, detector",A2-detector-c02-6-s1,14,detector,12.52,2,1.66,5,18.47,4,99,1,0
matched,"A2 sensitivity, detector",A2-detector-c02-6-s1,15,detector,10.72,2,0.53,5,18.01,10,98,1,0
matched,"A2 sensitivity, detector",A2-detector-c02-6-s1,16,detector,12.17,2,0.05,5,16.98,20,98,1,0
matched,"A2 sensitivity, detector",A2-detector-c02-6-s1,17,detector,10.27,2,0.68,5,18.35,9,101,1,0
matched,"A2 sensitivity, detector",A2-detector-c02-6-s1,18,detector,11.75,2,0.99,5,18.07,11,100,1,0
matched,"A2 sensitivity, detector",A2-detector-c02-6-s1,19,detector,11.48,2,0.80,5,17.98,19,100,1,0
matched,"A2 sensitivity, detector",A2-detector-c02-6-s1,20,detector,11.08,2,0.20,5,17.54,5,98,1,0
matched,"A2 sensitivity, detector",A2-detector-c02-6-s1,21,detector,11.20,2,1.82,5,19.11,6,100,1,0
matched,"A2 sensitivity, detector",A2-detector-c02-6-s1,22,detector,11.96,2,0.73,5,17.73,7,98,1,0
matched,"A2 sensitivity, detector",A2-detector-c02-6-s1,23,detector,11.21,2,1.39,5,18.68,16,99,1,0
matched,"A2 sensitivity, detector",A2-detector-c02-6-s1,24,detector,11.51,2,0.00,5,17.17,13,102,1,0
matched,"A2 sensitivity, detector",A2-detector-c02-6-s1,25,detector,11.56,2,1.67,5,18.82,5,102,1,0
matched,"A2 sensitivity, detector",A2-detector-c02-6-s1,26,detector,12.52,2,1.42,5,18.23,2,96,1,0
matched,"A2 sensitivity, detector",A2-detector-c02-6-s1,27,detector,11.89,2,1.12,5,18.15,19,101,1,0
matched,"A2 sensitivity, detector",A2-detector-c02-6-s1,28,detector,11.38,2,0.81,5,18.03,1,102,1,0
matched,"A2 sensitivity, detector",A2-detector-c02-6-s1,29,detector,11.19,2,0.30,5,17.59,28,100,1,0
matched,"A2 sensitivity, detector",A2-detector-c02-6-s1,30,detector,11.06,2,0.17,5,17.51,5,99,1,0
matched,"A2 sensitivity, detector",A2-detector-c02-6-s1,31,detector,12.16,2,1.96,5,18.89,7,100,1,0
matched,"A2 sensitivity, detector",A2-detector-c02-7-s1,0,detector,11.44,2,0.69,5,17.89,3,100,1,0
matched,"A2 sensitivity, detector",A2-detector-c02-7-s1,1,detector,11.09,2,0.66,5,17.99,2,100,1,0
matched,"A2 sensitivity, detector",A2-detector-c02-7-s1,2,detector,10.81,2,1.66,5,19.10,12,99,1,0
matched,"A2 sensitivity, detector",A2-detector-c02-7-s1,3,detector,12.43,2,3.89,6,20.73,19,100,1,0
matched,"A2 sensitivity, detector",A2-detector-c02-7-s1,4,detector,10.94,2,3.78,6,21.17,3,102,1,0
matched,"A2 sensitivity, detector",A2-detector-c02-7-s1,5,detector,11.99,2,0.08,5,17.07,13,99,1,0
matched,"A2 sensitivity, detector",A2-detector-c02-7-s1,6,detector,10.39,2,1.19,5,18.81,17,102,1,0
matched,"A2 sensitivity, detector",A2-detector-c02-7-s1,7,detector,12.28,2,2.62,6,19.51,4,100,1,0
matched,"A2 sensitivity, detector",A2-detector-c02-7-s1,8,detector,12.17,2,3.72,6,20.65,9,100,1,0
matched,"A2 sensitivity, detector",A2-detector-c02-7-s1,9,detector,12.67,2,3.59,6,20.34,2,101,1,0
matched,"A2 sensitivity, detector",A2-detector-c02-7-s1,10,detector,10.94,2,0.40,5,17.79,3,101,1,0
matched,"A2 sensitivity, detector",A2-detector-c02-7-s1,11,detector,10.76,2,2.52,6,19.98,4,99,1,0
matched,"A2 sensitivity, detector",A2-detector-c02-7-s1,12,detector,12.13,2,2.08,6,19.02,1,98,1,0
matched,"A2 sensitivity, detector",A2-detector-c02-7-s1,13,detector,12.54,2,1.51,5,18.31,2,100,1,0
matched,"A2 sensitivity, detector",A2-detector-c02-7-s1,14,detector,10.88,2,0.39,5,17.81,15,99,1,0
matched,"A2 sensitivity, detector",A2-detector-c02-7-s1,15,detector,10.21,2,0.78,5,18.47,4,101,1,0
matched,"A2 sensitivity, detector",A2-detector-c02-7-s1,16,detector,10.78,2,2.87,6,20.33,11,102,1,0
matched,"A2 sensitivity, detector",A2-detector-c02-7-s1,17,detector,10.98,2,0.35,5,17.73,13,100,1,0
matched,"A2 sensitivity, detector",A2-detector-c02-7-s1,18,detector,11.27,2,2.89,6,20.15,3,99,1,0
matched,"A2 sensitivity, detector",A2-detector-c02-7-s1,19,detector,11.67,2,2.36,6,19.47,2,101,1,0
matched,"A2 sensitivity, detector",A2-detector-c02-7-s1,20,detector,12.60,2,3.09,6,19.87,4,100,1,0
matched,"A2 sensitivity, detector",A2-detector-c02-7-s1,21,detector,11.85,2,0.49,5,17.53,3,102,1,0
matched,"A2 sensitivity, detector",A2-detector-c02-7-s1,22,detector,12.17,2,0.62,5,17.55,33,97,1,0
matched,"A2 sensitivity, detector",A2-detector-c02-7-s1,23,detector,11.21,2,2.39,6,19.68,5,102,1,0
matched,"A2 sensitivity, detector",A2-detector-c02-7-s1,24,detector,11.39,2,2.67,6,19.89,16,96,1,0
matched,"A2 sensitivity, detector",A2-detector-c02-7-s1,25,detector,10.71,2,2.78,6,20.26,4,102,1,0
matched,"A2 sensitivity, detector",A2-detector-c02-7-s1,26,detector,11.39,2,1.47,5,18.69,10,99,1,0
matched,"A2 sensitivity, detector",A2-detector-c02-7-s1,27,detector,11.42,2,2.70,6,19.90,5,98,1,0
matched,"A2 sensitivity, detector",A2-detector-c02-7-s1,28,detector,10.45,2,1.03,5,18.62,10,100,1,0
matched,"A2 sensitivity, detector",A2-detector-c02-7-s1,29,detector,12.39,2,3.09,6,19.94,3,99,1,0
matched,"A2 sensitivity, detector",A2-detector-c02-7-s1,30,detector,11.46,2,0.22,5,17.41,4,100,1,0
matched,"A2 sensitivity, detector",A2-detector-c02-7-s1,31,detector,10.72,2,2.00,5,19.48,2,102,1,0
matched,"A2 sensitivity, detector",A2-detector-c02-8-s1,0,detector,12.22,2,2.15,6,19.06,3,101,1,0
matched,"A2 sensitivity, detector",A2-detector-c02-8-s1,1,detector,11.11,2,2.97,6,20.29,4,100,1,0
matched,"A2 sensitivity, detector",A2-detector-c02-8-s1,2,detector,10.20,2,2.26,6,19.96,5,99,1,0
matched,"A2 sensitivity, detector",A2-detector-c02-8-s1,3,detector,12.59,2,2.07,6,18.85,3,101,1,0
matched,"A2 sensitivity, detector",A2-detector-c02-8-s1,4,detector,10.79,2,3.00,6,20.45,3,99,1,0
matched,"A2 sensitivity, detector",A2-detector-c02-8-s1,5,detector,11.26,2,3.06,6,20.33,3,101,1,0
matched,"A2 sensitivity, detector",A2-detector-c02-8-s1,6,detector,12.19,2,2.79,6,19.71,3,100,1,0
matched,"A2 sensitivity, detector",A2-detector-c02-8-s1,7,detector,10.63,2,3.05,6,20.57,3,103,1,0
matched,"A2 sensitivity, detector",A2-detector-c02-8-s1,8,detector,12.39,2,3.13,6,19.98,2,102,1,0
matched,"A2 sensitivity, detector",A2-detector-c02-8-s1,9,detector,12.19,2,2.88,6,19.80,3,100,1,0
matched,"A2 sensitivity, detector",A2-detector-c02-8-s1,10,detector,11.70,2,2.02,6,19.12,4,101,1,0
matched,"A2 sensitivity, detector",A2-detector-c02-8-s1,11,detector,11.44,2,2.18,6,19.38,40,100,1,0
matched,"A2 sensitivity, detector",A2-detector-c02-8-s1,12,detector,11.71,2,3.62,6,20.72,22,100,1,0
matched,"A2 sensitivity, detector",A2-detector-c02-8-s1,13,detector,11.06,2,3.56,6,20.90,11,101,1,0
matched,"A2 sensitivity, detector",A2-detector-c02-8-s1,14,detector,10.77,2,3.94,6,21.40,6,99,1,0
matched,"A2 sensitivity, detector",A2-detector-c02-8-s1,15,detector,11.95,2,3.59,6,20.60,5,102,1,0
matched,"A2 sensitivity, detector",A2-detector-c02-8-s1,16,detector,10.66,2,3.41,6,20.91,3,101,1,0
matched,"A2 sensitivity, detector",A2-detector-c02-8-s1,17,detector,11.37,2,2.81,6,20.03,5,100,1,0
matched,"A2 sensitivity, detector",A2-detector-c02-8-s1,18,detector,12.18,2,2.00,6,18.93,20,98,1,0
matched,"A2 sensitivity, detector",A2-detector-c02-8-s1,19,detector,10.83,2,2.65,6,20.09,3,101,1,0
matched,"A2 sensitivity, detector",A2-detector-c02-8-s1,20,detector,11.64,2,3.09,6,20.21,4,99,1,0
matched,"A2 sensitivity, detector",A2-detector-c02-8-s1,21,detector,10.61,2,2.82,6,20.34,2,101,1,0
matched,"A2 sensitivity, detector",A2-detector-c02-8-s1,22,detector,12.04,2,2.16,6,19.14,3,99,1,0
matched,"A2 sensitivity, detector",A2-detector-c02-8-s1,23,detector,12.56,2,3.73,6,20.52,3,98,1,0
matched,"A2 sensitivity, detector",A2-detector-c02-8-s1,24,detector,11.65,2,2.77,6,19.89,24,101,1,0
matched,"A2 sensitivity, detector",A2-detector-c02-8-s1,25,detector,11.32,2,3.30,6,20.54,2,99,1,0
matched,"A2 sensitivity, detector",A2-detector-c02-8-s1,26,detector,10.85,2,2.70,6,20.13,3,100,1,0
matched,"A2 sensitivity, detector",A2-detector-c02-8-s1,27,detector,11.23,2,3.87,6,21.15,4,97,1,0
matched,"A2 sensitivity, detector",A2-detector-c02-8-s1,28,detector,10.44,2,3.47,6,21.06,6,98,1,0
matched,"A2 sensitivity, detector",A2-detector-c02-8-s1,29,detector,10.51,2,3.21,6,20.78,3,101,1,0
matched,"A2 sensitivity, detector",A2-detector-c02-8-s1,30,detector,12.62,2,2.40,6,19.17,2,98,1,0
matched,"A2 sensitivity, detector",A2-detector-c02-8-s1,31,detector,11.47,2,3.10,6,20.29,9,98,1,0
matched,"A2 sensitivity, detector",A2-detector-c02-9-s1,0,detector,11.00,2,4.10,7,21.47,7,100,1,0
matched,"A2 sensitivity, detector",A2-detector-c02-9-s1,1,detector,10.37,2,4.82,7,22.44,3,100,1,0
matched,"A2 sensitivity, detector",A2-detector-c02-9-s1,2,detector,11.80,2,5.80,7,22.86,3,100,1,0
matched,"A2 sensitivity, detector",A2-detector-c02-9-s1,3,detector,10.79,2,5.51,7,22.96,4,99,1,0
matched,"A2 sensitivity, detector",A2-detector-c02-9-s1,4,detector,11.19,2,4.17,7,21.46,2,98,1,0
matched,"A2 sensitivity, detector",A2-detector-c02-9-s1,5,detector,12.45,2,4.56,7,21.39,2,100,1,0
matched,"A2 sensitivity, detector",A2-detector-c02-9-s1,6,detector,12.08,2,4.12,7,21.08,2,100,1,0
matched,"A2 sensitivity, detector",A2-detector-c02-9-s1,7,detector,12.01,2,5.96,7,22.95,3,102,1,0
matched,"A2 sensitivity, detector",A2-detector-c02-9-s1,8,detector,10.30,2,5.60,7,23.25,3,102,1,0
matched,"A2 sensitivity, detector",A2-detector-c02-9-s1,9,detector,10.17,2,4.37,7,22.08,3,100,1,0
matched,"A2 sensitivity, detector",A2-detector-c02-9-s1,10,detector,10.49,2,4.72,7,22.29,3,99,1,0
matched,"A2 sensitivity, detector",A2-detector-c02-9-s1,11,detector,10.26,2,5.08,7,22.75,7,100,1,0
matched,"A2 sensitivity, detector",A2-detector-c02-9-s1,12,detector,11.29,2,5.53,7,22.78,4,98,1,0
matched,"A2 sensitivity, detector",A2-detector-c02-9-s1,13,detector,12.23,2,5.23,7,22.14,16,100,1,0
matched,"A2 sensitivity, detector",A2-detector-c02-9-s1,14,detector,11.43,2,5.64,7,22.84,6,99,1,0
matched,"A2 sensitivity, detector",A2-detector-c02-9-s1,15,detector,11.34,2,4.88,7,22.12,3,97,1,0
matched,"A2 sensitivity, detector",A2-detector-c02-9-s1,16,detector,11.00,2,4.39,7,21.76,6,103,1,0
matched,"A2 sensitivity, detector",A2-detector-c02-9-s1,17,detector,10.58,2,5.80,7,23.34,8,101,1,0
matched,"A2 sensitivity, detector",A2-detector-c02-9-s1,18,detector,12.61,2,5.01,7,21.78,2,99,1,0
matched,"A2 sensitivity, detector",A2-detector-c02-9-s1,19,detector,10.11,2,4.64,7,22.37,3,99,1,0
matched,"A2 sensitivity, detector",A2-detector-c02-9-s1,20,detector,11.96,2,4.10,7,21.10,2,102,1,0
matched,"A2 sensitivity, detector",A2-detector-c02-9-s1,21,detector,12.00,2,4.89,7,21.88,4,99,1,0
matched,"A2 sensitivity, detector",A2-detector-c02-9-s1,22,detector,10.16,2,5.34,7,23.05,4,101,1,0
matched,"A2 sensitivity, detector",A2-detector-c02-9-s1,23,detector,10.82,2,5.58,7,23.02,4,101,1,0
matched,"A2 sensitivity, detector",A2-detector-c02-9-s1,24,detector,12.26,2,5.47,7,22.37,4,101,1,0
matched,"A2 sensitivity, detector",A2-detector-c02-9-s1,25,detector,11.13,2,5.45,7,22.77,3,99,1,0
matched,"A2 sensitivity, detector",A2-detector-c02-9-s1,26,detector,10.43,2,5.25,7,22.85,4,99,1,0
matched,"A2 sensitivity, detector",A2-detector-c02-9-s1,27,detector,10.32,2,5.24,7,22.88,7,99,1,0
matched,"A2 sensitivity, detector",A2-detector-c02-9-s1,28,detector,12.45,2,5.72,7,22.55,3,101,1,0
matched,"A2 sensitivity, detector",A2-detector-c02-9-s1,29,detector,10.31,2,4.45,7,22.10,3,98,1,0
matched,"A2 sensitivity, detector",A2-detector-c02-9-s1,30,detector,12.61,2,5.32,7,22.09,24,101,1,0
matched,"A2 sensitivity, detector",A2-detector-c02-9-s1,31,detector,11.13,2,4.24,7,21.56,3,101,1,0
matched,"A2 sensitivity, detector",A2-detector-c02-10-s1,0,detector,11.89,2,6.28,8,23.31,3,99,1,0
matched,"A2 sensitivity, detector",A2-detector-c02-10-s1,1,detector,10.12,2,5.70,7,23.43,3,98,1,0
matched,"A2 sensitivity, detector",A2-detector-c02-10-s1,2,detector,10.67,2,7.91,8,25.41,3,100,1,0
matched,"A2 sensitivity, detector",A2-detector-c02-10-s1,3,detector,11.08,2,7.39,8,24.73,5,99,1,0
matched,"A2 sensitivity, detector",A2-detector-c02-10-s1,4,detector,10.74,2,6.24,8,23.71,3,98,1,0
matched,"A2 sensitivity, detector",A2-detector-c02-10-s1,5,detector,11.20,2,4.11,7,21.40,15,100,1,0
matched,"A2 sensitivity, detector",A2-detector-c02-10-s1,6,detector,12.15,2,5.99,7,22.93,2,98,1,0
matched,"A2 sensitivity, detector",A2-detector-c02-10-s1,7,detector,10.64,2,5.29,7,22.80,5,100,1,0
matched,"A2 sensitivity, detector",A2-detector-c02-10-s1,8,detector,10.75,2,6.60,8,24.07,3,99,1,0
matched,"A2 sensitivity, detector",A2-detector-c02-10-s1,9,detector,10.28,2,4.26,7,21.92,2,99,1,0
matched,"A2 sensitivity, detector",A2-detector-c02-10-s1,10,detector,12.06,2,4.27,7,21.24,2,101,1,0
matched,"A2 sensitivity, detector",A2-detector-c02-10-s1,11,detector,11.24,2,5.30,7,22.57,2,100,1,0
matched,"A2 sensitivity, detector",A2-detector-c02-10-s1,12,detector,10.87,2,6.83,8,24.25,2,97,1,0
matched,"A2 sensitivity, detector",A2-detector-c02-10-s1,13,detector,11.42,2,7.77,8,24.97,3,102,1,0
matched,"A2 sensitivity, detector",A2-detector-c02-10-s1,14,detector,10.94,2,4.61,7,22.00,5,104,1,0
matched,"A2 sensitivity, detector",A2-detector-c02-10-s1,15,detector,11.75,2,7.21,8,24.29,4,100,1,0
matched,"A2 sensitivity, detector",A2-detector-c02-10-s1,16,detector,10.93,2,6.01,8,23.41,2,99,1,0
matched,"A2 sensitivity, detector",A2-detector-c02-10-s1,17,detector,12.09,2,7.17,8,24.13,2,99,1,0
matched,"A2 sensitivity, detector",A2-detector-c02-10-s1,18,detector,10.86,2,7.89,8,25.31,3,98,1,0
matched,"A2 sensitivity, detector",A2-detector-c02-10-s1,19,detector,12.42,2,7.29,8,24.13,3,101,1,0
matched,"A2 sensitivity, detector",A2-detector-c02-10-s1,20,detector,11.41,2,6.69,8,23.90,4,98,1,0
matched,"A2 sensitivity, detector",A2-detector-c02-10-s1,21,detector,10.68,2,5.09,7,22.59,3,101,1,0
matched,"A2 sensitivity, detector",A2-detector-c02-10-s1,22,detector,11.22,2,6.46,8,23.74,3,102,1,0
matched,"A2 sensitivity, detector",A2-detector-c02-10-s1,23,detector,12.52,2,5.49,7,22.30,6,101,1,0
matched,"A2 sensitivity, detector",A2-detector-c02-10-s1,24,detector,10.18,2,6.59,8,24.29,8,100,1,0
matched,"A2 sensitivity, detector",A2-detector-c02-10-s1,25,detector,11.24,2,4.80,7,22.07,7,101,1,0
matched,"A2 sensitivity, detector",A2-detector-c02-10-s1,26,detector,11.79,2,5.71,7,22.78,3,100,1,0
matched,"A2 sensitivity, detector",A2-detector-c02-10-s1,27,detector,11.48,2,5.94,7,23.12,5,99,1,0
matched,"A2 sensitivity, detector",A2-detector-c02-10-s1,28,detector,10.65,2,4.68,7,22.19,13,101,1,0
matched,"A2 sensitivity, detector",A2-detector-c02-10-s1,29,detector,12.68,2,4.53,7,21.28,3,99,1,0
matched,"A2 sensitivity, detector",A2-detector-c02-10-s1,30,detector,10.26,2,5.28,7,22.95,4,100,1,0
matched,"A2 sensitivity, detector",A2-detector-c02-10-s1,31,detector,11.83,2,7.70,8,24.75,3,101,1,0
matched,"A2 sensitivity, detector",A2-detector-c02-11-s1,0,detector,11.27,2,6.10,8,23.36,2,100,1,0
matched,"A2 sensitivity, detector",A2-detector-c02-11-s1,1,detector,12.56,2,6.37,8,23.16,2,100,1,0
matched,"A2 sensitivity, detector",A2-detector-c02-11-s1,2,detector,11.16,2,7.11,8,24.41,3,102,1,0
matched,"A2 sensitivity, detector",A2-detector-c02-11-s1,3,detector,12.11,2,7.56,8,24.51,5,101,1,0
matched,"A2 sensitivity, detector",A2-detector-c02-11-s1,4,detector,11.62,2,7.69,8,24.82,4,101,1,0
matched,"A2 sensitivity, detector",A2-detector-c02-11-s1,5,detector,10.46,2,6.22,8,23.81,2,100,1,0
matched,"A2 sensitivity, detector",A2-detector-c02-11-s1,6,detector,10.57,2,7.43,8,24.97,7,100,1,0
matched,"A2 sensitivity, detector",A2-detector-c02-11-s1,7,detector,11.18,2,7.47,8,24.77,6,98,1,0
matched,"A2 sensitivity, detector",A2-detector-c02-11-s1,8,detector,11.86,2,7.33,8,24.37,3,99,1,0
matched,"A2 sensitivity, detector",A2-detector-c02-11-s1,9,detector,12.63,2,7.47,8,24.24,2,99,1,0
matched,"A2 sensitivity, detector",A2-detector-c02-11-s1,10,detector,12.18,2,6.74,8,23.67,3,100,1,0
matched,"A2 sensitivity, detector",A2-detector-c02-11-s1,11,detector,11.30,2,6.96,8,24.21,5,99,1,0
matched,"A2 sensitivity, detector",A2-detector-c02-11-s1,12,detector,10.52,2,7.92,8,25.48,4,99,1,0
matched,"A2 sensitivity, detector",A2-detector-c02-11-s1,13,detector,12.11,2,7.38,8,24.33,25,98,1,0
matched,"A2 sensitivity, detector",A2-detector-c02-11-s1,14,detector,10.12,2,7.35,8,25.08,4,100,1,0
matched,"A2 sensitivity, detector",A2-detector-c02-11-s1,15,detector,10.38,2,7.81,8,25.43,2,101,1,0
matched,"A2 sensitivity, detector",A2-detector-c02-11-s1,16,detector,11.96,2,6.55,8,23.55,5,100,1,0
matched,"A2 sensitivity, detector",A2-detector-c02-11-s1,17,detector,11.16,2,6.26,8,23.56,4,99,1,0
matched,"A2 sensitivity, detector",A2-detector-c02-11-s1,18,detector,11.53,2,7.50,8,24.66,5,98,1,0
matched,"A2 sensitivity, detector",A2-detector-c02-11-s1,19,detector,10.30,2,6.57,8,24.22,2,101,1,0
matched,"A2 sensitivity, detector",A2-detector-c02-11-s1,20,detector,10.65,2,7.23,8,24.74,7,100,1,0
matched,"A2 sensitivity, detector",A2-detector-c02-11-s1,21,detector,10.31,2,7.68,8,25.33,7,99,1,0
matched,"A2 sensitivity, detector",A2-detector-c02-11-s1,22,detector,12.40,2,7.89,8,24.74,2,100,1,0
matched,"A2 sensitivity, detector",A2-detector-c02-11-s1,23,detector,10.51,2,6.21,8,23.78,4,97,1,0
matched,"A2 sensitivity, detector",A2-detector-c02-11-s1,24,detector,10.46,2,7.74,8,25.33,2,103,1,0
matched,"A2 sensitivity, detector",A2-detector-c02-11-s1,25,detector,12.31,2,6.99,8,23.87,11,99,1,0
matched,"A2 sensitivity, detector",A2-detector-c02-11-s1,26,detector,11.79,2,6.22,8,23.29,16,100,1,0
matched,"A2 sensitivity, detector",A2-detector-c02-11-s1,27,detector,11.21,2,6.47,8,23.76,8,98,1,0
matched,"A2 sensitivity, detector",A2-detector-c02-11-s1,28,detector,11.11,2,6.32,8,23.64,3,100,1,0
matched,"A2 sensitivity, detector",A2-detector-c02-11-s1,29,detector,11.07,2,6.20,8,23.54,3,100,1,0
matched,"A2 sensitivity, detector",A2-detector-c02-11-s1,30,detector,10.65,2,7.91,8,25.42,4,98,1,0
matched,"A2 sensitivity, detector",A2-detector-c02-11-s1,31,detector,11.42,2,6.39,8,23.59,3,102,1,0
matched,"A2 sensitivity, detector",A2-detector-c02-12-s1,0,detector,12.38,2,8.30,9,25.15,3,99,1,0
matched,"A2 sensitivity, detector",A2-detector-c02-12-s1,1,detector,10.27,2,8.02,9,25.69,2,98,1,0
matched,"A2 sensitivity, detector",A2-detector-c02-12-s1,2,detector,10.08,2,8.31,9,26.06,4,103,1,0
matched,"A2 sensitivity, detector",A2-detector-c02-12-s1,3,detector,11.67,2,8.15,9,25.26,4,101,1,0
matched,"A2 sensitivity, detector",A2-detector-c02-12-s1,4,detector,10.54,2,8.18,9,25.73,10,103,1,0
matched,"A2 sensitivity, detector",A2-detector-c02-12-s1,5,detector,11.77,2,8.63,9,25.70,3,99,1,0
matched,"A2 sensitivity, detector",A2-detector-c02-12-s1,6,detector,11.40,2,8.94,9,26.15,19,101,1,0
matched,"A2 sensitivity, detector",A2-detector-c02-12-s1,7,detector,12.53,2,8.02,9,24.82,2,98,1,0
matched,"A2 sensitivity, detector",A2-detector-c02-12-s1,8,detector,12.53,2,9.83,9,26.63,2,95,1,0
matched,"A2 sensitivity, detector",A2-detector-c02-12-s1,9,detector,10.32,2,9.73,9,27.37,3,101,1,0
matched,"A2 sensitivity, detector",A2-detector-c02-12-s1,10,detector,11.47,2,9.92,9,27.11,3,98,1,0
matched,"A2 sensitivity, detector",A2-detector-c02-12-s1,11,detector,11.03,2,8.47,9,25.83,4,100,1,0
matched,"A2 sensitivity, detector",A2-detector-c02-12-s1,12,detector,11.45,2,8.81,9,26.00,2,100,1,0
matched,"A2 sensitivity, detector",A2-detector-c02-12-s1,13,detector,11.77,2,8.16,9,25.23,4,100,1,0
matched,"A2 sensitivity, detector",A2-detector-c02-12-s1,14,detector,12.30,2,9.41,9,26.29,3,100,1,0
matched,"A2 sensitivity, detector",A2-detector-c02-12-s1,15,detector,12.28,2,9.56,9,26.45,2,100,1,0
matched,"A2 sensitivity, detector",A2-detector-c02-12-s1,16,detector,11.25,2,8.14,9,25.41,6,101,1,0
matched,"A2 sensitivity, detector",A2-detector-c02-12-s1,17,detector,12.53,2,9.77,9,26.57,3,101,1,0
matched,"A2 sensitivity, detector",A2-detector-c02-12-s1,18,detector,12.59,2,8.12,9,24.90,4,101,1,0
matched,"A2 sensitivity, detector",A2-detector-c02-12-s1,19,detector,10.25,2,8.12,9,25.79,3,98,1,0
matched,"A2 sensitivity, detector",A2-detector-c02-12-s1,20,detector,11.61,2,8.27,9,25.40,3,100,1,0
matched,"A2 sensitivity, detector",A2-detector-c02-12-s1,21,detector,11.71,2,8.11,9,25.21,2,102,1,0
matched,"A2 sensitivity, detector",A2-detector-c02-12-s1,22,detector,11.57,2,8.21,9,25.36,3,98,1,0
matched,"A2 sensitivity, detector",A2-detector-c02-12-s1,23,detector,11.17,2,9.83,9,27.13,3,101,1,0
matched,"A2 sensitivity, detector",A2-detector-c02-12-s1,24,detector,10.65,2,9.35,9,26.86,3,99,1,0
matched,"A2 sensitivity, detector",A2-detector-c02-12-s1,25,detector,11.47,2,8.33,9,25.52,3,102,1,0
matched,"A2 sensitivity, detector",A2-detector-c02-12-s1,26,detector,11.31,2,8.34,9,25.59,2,100,1,0
matched,"A2 sensitivity, detector",A2-detector-c02-12-s1,27,detector,10.79,2,9.63,9,27.08,2,100,1,0
matched,"A2 sensitivity, detector",A2-detector-c02-12-s1,28,detector,11.32,2,8.73,9,25.97,7,99,1,0
matched,"A2 sensitivity, detector",A2-detector-c02-12-s1,29,detector,12.32,2,8.17,9,25.05,4,100,1,0
matched,"A2 sensitivity, detector",A2-detector-c02-12-s1,30,detector,12.62,2,9.06,9,25.83,3,99,1,0
matched,"A2 sensitivity, detector",A2-detector-c02-12-s1,31,detector,10.40,2,9.83,9,27.44,5,101,1,0
matched,"A2 sensitivity, detector",A2-detector-c02-13-s1,0,detector,11.02,2,10.32,10,27.68,9,101,1,0
matched,"A2 sensitivity, detector",A2-detector-c02-13-s1,1,detector,12.68,2,8.31,9,25.06,5,99,1,0
matched,"A2 sensitivity, detector",A2-detector-c02-13-s1,2,detector,12.21,2,10.05,10,26.96,4,99,1,0
matched,"A2 sensitivity, detector",A2-detector-c02-13-s1,3,detector,12.19,2,9.78,9,26.70,2,99,1,0
matched,"A2 sensitivity, detector",A2-detector-c02-13-s1,4,detector,12.00,2,11.38,10,28.37,5,100,1,0
matched,"A2 sensitivity, detector",A2-detector-c02-13-s1,5,detector,10.83,2,8.61,9,26.05,7,101,1,0
matched,"A2 sensitivity, detector",A2-detector-c02-13-s1,6,detector,10.96,2,9.64,9,27.02,2,100,1,0
matched,"A2 sensitivity, detector",A2-detector-c02-13-s1,7,detector,12.51,2,11.85,10,28.66,3,100,1,0
matched,"A2 sensitivity, detector",A2-detector-c02-13-s1,8,detector,12.18,2,11.95,10,28.88,3,98,1,0
matched,"A2 sensitivity, detector",A2-detector-c02-13-s1,9,detector,11.70,2,11.21,10,28.31,5,101,1,0
matched,"A2 sensitivity, detector",A2-detector-c02-13-s1,10,detector,10.32,2,9.75,9,27.39,3,99,1,0
matched,"A2 sensitivity, detector",A2-detector-c02-13-s1,11,detector,10.30,2,8.41,9,26.06,4,101,1,0
matched,"A2 sensitivity, detector",A2-detector-c02-13-s1,12,detector,12.59,2,11.48,10,28.26,4,99,1,0
matched,"A2 sensitivity, detector",A2-detector-c02-13-s1,13,detector,11.08,2,10.70,10,28.04,3,99,1,0
matched,"A2 sensitivity, detector",A2-detector-c02-13-s1,14,detector,12.29,2,11.38,10,28.27,4,100,1,0
matched,"A2 sensitivity, detector",A2-detector-c02-13-s1,15,detector,10.72,2,9.58,9,27.06,2,101,1,0
matched,"A2 sensitivity, detector",A2-detector-c02-13-s1,16,detector,10.75,2,11.91,10,29.38,2,99,1,0
matched,"A2 sensitivity, detector",A2-detector-c02-13-s1,17,detector,10.83,2,10.07,10,27.51,9,100,1,0
matched,"A2 sensitivity, detector",A2-detector-c02-13-s1,18,detector,11.68,2,10.98,10,28.09,3,100,1,0
matched,"A2 sensitivity, detector",A2-detector-c02-13-s1,19,detector,10.24,2,8.80,9,26.48,12,103,1,0
matched,"A2 sensitivity, detector",A2-detector-c02-13-s1,20,detector,11.65,2,8.92,9,26.04,3,98,1,0
matched,"A2 sensitivity, detector",A2-detector-c02-13-s1,21,detector,10.45,2,9.61,9,27.20,3,99,1,0
matched,"A2 sensitivity, detector",A2-detector-c02-13-s1,22,detector,10.51,2,11.65,10,29.22,1,99,1,0
matched,"A2 sensitivity, detector",A2-detector-c02-13-s1,23,detector,11.53,2,9.55,9,26.71,2,99,1,0
matched,"A2 sensitivity, detector",A2-detector-c02-13-s1,24,detector,10.84,2,10.27,10,27.70,5,100,1,0
matched,"A2 sensitivity, detector",A2-detector-c02-13-s1,25,detector,11.51,2,8.23,9,25.40,4,101,1,0
matched,"A2 sensitivity, detector",A2-detector-c02-13-s1,26,detector,11.12,2,11.29,10,28.61,3,100,1,0
matched,"A2 sensitivity, detector",A2-detector-c02-13-s1,27,detector,11.82,2,8.84,9,25.90,4,99,1,0
matched,"A2 sensitivity, detector",A2-detector-c02-13-s1,28,detector,12.56,2,9.66,9,26.45,9,99,1,0
matched,"A2 sensitivity, detector",A2-detector-c02-13-s1,29,detector,10.81,2,10.29,10,27.73,4,102,1,0
matched,"A2 sensitivity, detector",A2-detector-c02-13-s1,30,detector,10.89,2,8.76,9,26.17,3,102,1,0
matched,"A2 sensitivity, detector",A2-detector-c02-13-s1,31,detector,12.58,2,8.70,9,25.48,2,105,1,0
matched,"A2 sensitivity, detector",A2-detector-c02-14-s1,0,detector,11.45,2,10.63,10,27.82,5,99,1,0
matched,"A2 sensitivity, detector",A2-detector-c02-14-s1,1,detector,12.52,2,10.32,10,27.13,6,99,1,0
matched,"A2 sensitivity, detector",A2-detector-c02-14-s1,2,detector,11.64,2,11.71,10,28.83,6,99,1,0
matched,"A2 sensitivity, detector",A2-detector-c02-14-s1,3,detector,10.34,2,11.10,10,28.74,4,100,1,0
matched,"A2 sensitivity, detector",A2-detector-c02-14-s1,4,detector,11.90,2,11.16,10,28.19,7,99,1,0
matched,"A2 sensitivity, detector",A2-detector-c02-14-s1,5,detector,12.54,2,11.81,10,28.61,4,98,1,0
matched,"A2 sensitivity, detector",A2-detector-c02-14-s1,6,detector,11.33,2,10.95,10,28.19,2,98,1,0
matched,"A2 sensitivity, detector",A2-detector-c02-14-s1,7,detector,11.58,2,11.49,10,28.63,2,99,1,0
matched,"A2 sensitivity, detector",A2-detector-c02-14-s1,8,detector,10.56,2,10.86,10,28.40,5,99,1,0
matched,"A2 sensitivity, detector",A2-detector-c02-14-s1,9,detector,10.22,2,11.01,10,28.70,9,99,1,0
matched,"A2 sensitivity, detector",A2-detector-c02-14-s1,10,detector,10.75,2,11.22,10,28.69,7,101,1,0
matched,"A2 sensitivity, detector",A2-detector-c02-14-s1,11,detector,11.02,2,10.01,10,27.37,3,99,1,0
matched,"A2 sensitivity, detector",A2-detector-c02-14-s1,12,detector,10.11,2,11.12,10,28.85,2,100,1,0
matched,"A2 sensitivity, detector",A2-detector-c02-14-s1,13,detector,12.67,2,10.69,10,27.44,3,100,1,0
matched,"A2 sensitivity, detector",A2-detector-c02-14-s1,14,detector,11.54,2,10.25,10,27.41,4,101,1,0
matched,"A2 sensitivity, detector",A2-detector-c02-14-s1,15,detector,10.41,2,10.67,10,28.28,3,100,1,0
matched,"A2 sensitivity, detector",A2-detector-c02-14-s1,16,detector,11.98,2,10.83,10,27.83,4,99,1,0
matched,"A2 sensitivity, detector",A2-detector-c02-14-s1,17,detector,12.20,2,11.85,10,28.77,3,100,1,0
matched,"A2 sensitivity, detector",A2-detector-c02-14-s1,18,detector,10.94,2,10.51,10,27.90,3,97,1,0
matched,"A2 sensitivity, detector",A2-detector-c02-14-s1,19,detector,10.78,2,11.60,10,29.06,3,100,1,0
matched,"A2 sensitivity, detector",A2-detector-c02-14-s1,20,detector,11.95,2,10.99,10,28.00,3,97,1,0
matched,"A2 sensitivity, detector",A2-detector-c02-14-s1,21,detector,10.38,2,11.04,10,28.66,3,96,1,0
matched,"A2 sensitivity, detector",A2-detector-c02-14-s1,22,detector,10.13,2,10.12,10,27.85,2,99,1,0
matched,"A2 sensitivity, detector",A2-detector-c02-14-s1,23,detector,10.98,2,11.19,10,28.57,3,102,1,0
matched,"A2 sensitivity, detector",A2-detector-c02-14-s1,24,detector,12.48,2,11.94,10,28.76,5,98,1,0
matched,"A2 sensitivity, detector",A2-detector-c02-14-s1,25,detector,11.58,2,10.33,10,27.47,3,105,1,0
matched,"A2 sensitivity, detector",A2-detector-c02-14-s1,26,detector,12.50,2,11.83,10,28.64,4,99,1,0
matched,"A2 sensitivity, detector",A2-detector-c02-14-s1,27,detector,11.56,2,10.29,10,27.44,6,97,1,0
matched,"A2 sensitivity, detector",A2-detector-c02-14-s1,28,detector,11.00,2,11.90,10,29.27,2,99,1,0
matched,"A2 sensitivity, detector",A2-detector-c02-14-s1,29,detector,12.17,2,10.22,10,27.15,2,99,1,0
matched,"A2 sensitivity, detector",A2-detector-c02-14-s1,30,detector,10.34,2,10.87,10,28.51,2,101,1,0
matched,"A2 sensitivity, detector",A2-detector-c02-14-s1,31,detector,12.09,2,11.89,10,28.85,4,100,1,0
matched,"A2 sensitivity, detector",A2-detector-c02-15-s1,0,detector,11.22,2,13.51,11,30.79,5,99,1,0
matched,"A2 sensitivity, detector",A2-detector-c02-15-s1,1,detector,12.65,2,12.92,11,29.68,2,102,1,0
matched,"A2 sensitivity, detector",A2-detector-c02-15-s1,2,detector,11.69,2,13.97,11,31.07,12,100,1,0
matched,"A2 sensitivity, detector",A2-detector-c02-15-s1,3,detector,10.75,2,12.11,11,29.58,2,99,1,0
matched,"A2 sensitivity, detector",A2-detector-c02-15-s1,4,detector,11.89,2,12.61,11,29.64,3,99,1,0
matched,"A2 sensitivity, detector",A2-detector-c02-15-s1,5,detector,11.63,2,13.07,11,30.20,3,100,1,0
matched,"A2 sensitivity, detector",A2-detector-c02-15-s1,6,detector,11.16,2,13.43,11,30.73,2,100,1,0
matched,"A2 sensitivity, detector",A2-detector-c02-15-s1,7,detector,10.39,2,13.27,11,30.89,2,100,1,0
matched,"A2 sensitivity, detector",A2-detector-c02-15-s1,8,detector,12.44,2,12.53,11,29.36,2,100,1,0
matched,"A2 sensitivity, detector",A2-detector-c02-15-s1,9,detector,12.44,2,13.20,11,30.03,4,99,1,0
matched,"A2 sensitivity, detector",A2-detector-c02-15-s1,10,detector,11.20,2,12.79,11,30.08,4,98,1,0
matched,"A2 sensitivity, detector",A2-detector-c02-15-s1,11,detector,11.49,2,12.38,11,29.56,3,98,1,0
matched,"A2 sensitivity, detector",A2-detector-c02-15-s1,12,detector,10.09,2,13.45,11,31.19,5,99,1,0
matched,"A2 sensitivity, detector",A2-detector-c02-15-s1,13,detector,10.11,2,13.22,11,30.95,7,98,1,0
matched,"A2 sensitivity, detector",A2-detector-c02-15-s1,14,detector,11.23,2,13.56,11,30.84,11,100,1,0
matched,"A2 sensitivity, detector",A2-detector-c02-15-s1,15,detector,11.25,2,13.68,11,30.95,2,100,1,0
matched,"A2 sensitivity, detector",A2-detector-c02-15-s1,16,detector,11.56,2,12.95,11,30.10,3,99,1,0
matched,"A2 sensitivity, detector",A2-detector-c02-15-s1,17,detector,10.31,2,12.03,11,29.68,2,97,1,0
matched,"A2 sensitivity, detector",A2-detector-c02-15-s1,18,detector,10.82,2,13.48,11,30.92,2,102,1,0
matched,"A2 sensitivity, detector",A2-detector-c02-15-s1,19,detector,10.15,2,12.02,11,29.74,9,100,1,0
matched,"A2 sensitivity, detector",A2-detector-c02-15-s1,20,detector,11.72,2,13.87,11,30.96,11,101,1,0
matched,"A2 sensitivity, detector",A2-detector-c02-15-s1,21,detector,10.54,2,13.53,11,31.08,2,97,1,0
matched,"A2 sensitivity, detector",A2-detector-c02-15-s1,22,detector,10.60,2,12.88,11,30.41,2,97,1,0
matched,"A2 sensitivity, detector",A2-detector-c02-15-s1,23,detector,11.96,2,12.47,11,29.47,3,101,1,0
matched,"A2 sensitivity, detector",A2-detector-c02-15-s1,24,detector,10.52,2,12.29,11,29.85,2,102,1,0
matched,"A2 sensitivity, detector",A2-detector-c02-15-s1,25,detector,11.27,2,13.82,11,31.08,4,101,1,0
matched,"A2 sensitivity, detector",A2-detector-c02-15-s1,26,detector,11.67,2,13.43,11,30.54,5,99,1,0
matched,"A2 sensitivity, detector",A2-detector-c02-15-s1,27,detector,11.32,2,13.43,11,30.67,12,99,1,0
matched,"A2 sensitivity, detector",A2-detector-c02-15-s1,28,detector,10.98,2,12.03,11,29.41,3,98,1,0
matched,"A2 sensitivity, detector",A2-detector-c02-15-s1,29,detector,10.28,2,13.01,11,30.67,6,100,1,0
matched,"A2 sensitivity, detector",A2-detector-c02-15-s1,30,detector,11.64,2,13.22,11,30.34,3,101,1,0
matched,"A2 sensitivity, detector",A2-detector-c02-15-s1,31,detector,12.28,2,13.60,11,30.49,4,101,1,0
matched,"A2 sensitivity, detector",A2-detector-c02-16-s1,0,detector,11.84,2,12.82,11,29.87,4,99,1,0
matched,"A2 sensitivity, detector",A2-detector-c02-16-s1,1,detector,11.24,2,15.42,12,32.69,4,99,1,0
matched,"A2 sensitivity, detector",A2-detector-c02-16-s1,2,detector,11.56,2,15.40,12,32.55,2,99,1,0
matched,"A2 sensitivity, detector",A2-detector-c02-16-s1,3,detector,11.41,2,14.85,12,32.06,11,101,1,0
matched,"A2 sensitivity, detector",A2-detector-c02-16-s1,4,detector,11.81,2,15.11,12,32.17,4,98,1,0
matched,"A2 sensitivity, detector",A2-detector-c02-16-s1,5,detector,10.11,2,12.37,11,30.10,5,101,1,0
matched,"A2 sensitivity, detector",A2-detector-c02-16-s1,6,detector,12.08,2,13.62,11,30.58,3,103,1,0
matched,"A2 sensitivity, detector",A2-detector-c02-16-s1,7,detector,11.33,2,14.06,12,31.30,4,99,1,0
matched,"A2 sensitivity, detector",A2-detector-c02-16-s1,8,detector,10.93,2,12.31,11,29.71,5,100,1,0
matched,"A2 sensitivity, detector",A2-detector-c02-16-s1,9,detector,10.24,2,15.43,12,33.11,14,98,1,0
matched,"A2 sensitivity, detector",A2-detector-c02-16-s1,10,detector,11.02,2,15.94,12,33.30,3,102,1,0
matched,"A2 sensitivity, detector",A2-detector-c02-16-s1,11,detector,11.05,2,15.08,12,32.43,3,99,1,0
matched,"A2 sensitivity, detector",A2-detector-c02-16-s1,12,detector,11.61,2,12.39,11,29.52,3,99,1,0
matched,"A2 sensitivity, detector",A2-detector-c02-16-s1,13,detector,10.96,2,12.64,11,30.02,2,101,1,0
matched,"A2 sensitivity, detector",A2-detector-c02-16-s1,14,detector,12.63,2,12.25,11,29.02,3,100,1,0
matched,"A2 sensitivity, detector",A2-detector-c02-16-s1,15,detector,11.16,2,14.90,12,32.20,2,100,1,0
matched,"A2 sensitivity, detector",A2-detector-c02-16-s1,16,detector,11.20,2,13.14,11,30.43,8,98,1,0
matched,"A2 sensitivity, detector",A2-detector-c02-16-s1,17,detector,11.34,2,12.20,11,29.44,4,100,1,0
matched,"A2 sensitivity, detector",A2-detector-c02-16-s1,18,detector,10.31,2,12.37,11,30.02,2,99,1,0
matched,"A2 sensitivity, detector",A2-detector-c02-16-s1,19,detector,12.02,2,12.71,11,29.69,4,97,1,0
matched,"A2 sensitivity, detector",A2-detector-c02-16-s1,20,detector,11.70,2,13.60,11,30.70,2,99,1,0
matched,"A2 sensitivity, detector",A2-detector-c02-16-s1,21,detector,12.13,2,15.82,12,32.76,3,100,1,0
matched,"A2 sensitivity, detector",A2-detector-c02-16-s1,22,detector,11.32,2,14.83,12,32.07,15,97,1,0
matched,"A2 sensitivity, detector",A2-detector-c02-16-s1,23,detector,12.66,2,15.40,12,32.16,3,100,1,0
matched,"A2 sensitivity, detector",A2-detector-c02-16-s1,24,detector,10.71,2,12.85,11,30.33,11,99,1,0
matched,"A2 sensitivity, detector",A2-detector-c02-16-s1,25,detector,10.88,2,15.64,12,33.06,4,100,1,0
matched,"A2 sensitivity, detector",A2-detector-c02-16-s1,26,detector,11.98,2,13.14,11,30.14,4,99,1,0
matched,"A2 sensitivity, detector",A2-detector-c02-16-s1,27,detector,10.31,2,15.19,12,32.84,2,100,1,0
matched,"A2 sensitivity, detector",A2-detector-c02-16-s1,28,detector,11.23,2,12.80,11,30.08,3,98,1,0
matched,"A2 sensitivity, detector",A2-detector-c02-16-s1,29,detector,11.84,2,13.48,11,30.53,3,99,1,0
matched,"A2 sensitivity, detector",A2-detector-c02-16-s1,30,detector,11.30,2,15.69,12,32.94,3,100,1,0
matched,"A2 sensitivity, detector",A2-detector-c02-16-s1,31,detector,10.24,2,15.21,12,32.89,4,102,1,0
matched,"A2 sensitivity, detector",A2-detector-c02-17-s1,0,detector,10.32,2,14.07,12,31.71,3,99,1,0
matched,"A2 sensitivity, detector",A2-detector-c02-17-s1,1,detector,11.45,2,15.45,12,32.64,5,98,1,0
matched,"A2 sensitivity, detector",A2-detector-c02-17-s1,2,detector,12.25,2,15.51,12,32.41,3,97,1,0
matched,"A2 sensitivity, detector",A2-detector-c02-17-s1,3,detector,11.63,2,14.96,12,32.09,3,100,1,0
matched,"A2 sensitivity, detector",A2-detector-c02-17-s1,4,detector,10.82,2,14.33,12,31.77,4,100,1,0
matched,"A2 sensitivity, detector",A2-detector-c02-17-s1,5,detector,10.53,2,14.64,12,32.20,8,99,1,0
matched,"A2 sensitivity, detector",A2-detector-c02-17-s1,6,detector,10.47,2,14.64,12,32.22,3,98,1,0
matched,"A2 sensitivity, detector",A2-detector-c02-17-s1,7,detector,12.40,2,14.23,12,31.08,4,95,1,0
matched,"A2 sensitivity, detector",A2-detector-c02-17-s1,8,detector,10.35,2,14.75,12,32.38,2,103,1,0
matched,"A2 sensitivity, detector",A2-detector-c02-17-s1,9,detector,12.38,2,15.83,12,32.68,7,98,1,0
matched,"A2 sensitivity, detector",A2-detector-c02-17-s1,10,detector,11.14,2,14.79,12,32.10,2,102,1,0
matched,"A2 sensitivity, detector",A2-detector-c02-17-s1,11,detector,10.81,2,15.70,12,33.14,2,101,1,0
matched,"A2 sensitivity, detector",A2-detector-c02-17-s1,12,detector,11.84,2,15.21,12,32.26,2,99,1,0
matched,"A2 sensitivity, detector",A2-detector-c02-17-s1,13,detector,11.33,2,15.07,12,32.31,24,100,1,0
matched,"A2 sensitivity, detector",A2-detector-c02-17-s1,14,detector,11.75,2,15.29,12,32.37,3,98,1,0
matched,"A2 sensitivity, detector",A2-detector-c02-17-s1,15,detector,12.35,2,15.79,12,32.65,4,102,1,0
matched,"A2 sensitivity, detector",A2-detector-c02-17-s1,16,detector,10.19,2,14.16,12,31.86,11,98,1,0
matched,"A2 sensitivity, detector",A2-detector-c02-17-s1,17,detector,11.54,2,14.95,12,32.11,3,98,1,0
matched,"A2 sensitivity, detector",A2-detector-c02-17-s1,18,detector,10.92,2,14.48,12,31.88,2,98,1,0
matched,"A2 sensitivity, detector",A2-detector-c02-17-s1,19,detector,11.07,2,14.98,12,32.32,4,97,1,0
matched,"A2 sensitivity, detector",A2-detector-c02-17-s1,20,detector,11.95,2,15.48,12,32.49,6,102,1,0
matched,"A2 sensitivity, detector",A2-detector-c02-17-s1,21,detector,10.43,2,15.94,12,33.54,3,99,1,0
matched,"A2 sensitivity, detector",A2-detector-c02-17-s1,22,detector,11.36,2,15.61,12,32.84,2,99,1,0
matched,"A2 sensitivity, detector",A2-detector-c02-17-s1,23,detector,11.61,2,14.99,12,32.12,8,100,1,0
matched,"A2 sensitivity, detector",A2-detector-c02-17-s1,24,detector,12.40,2,15.42,12,32.27,2,100,1,0
matched,"A2 sensitivity, detector",A2-detector-c02-17-s1,25,detector,10.67,2,15.12,12,32.62,6,100,1,0
matched,"A2 sensitivity, detector",A2-detector-c02-17-s1,26,detector,11.82,2,14.29,12,31.35,4,102,1,0
matched,"A2 sensitivity, detector",A2-detector-c02-17-s1,27,detector,10.40,2,14.48,12,32.09,2,101,1,0
matched,"A2 sensitivity, detector",A2-detector-c02-17-s1,28,detector,10.42,2,14.68,12,32.28,5,102,1,0
matched,"A2 sensitivity, detector",A2-detector-c02-17-s1,29,detector,12.57,2,14.38,12,31.17,1,99,1,0
matched,"A2 sensitivity, detector",A2-detector-c02-17-s1,30,detector,12.46,2,14.98,12,31.81,4,102,1,0
matched,"A2 sensitivity, detector",A2-detector-c02-17-s1,31,detector,10.95,2,14.61,12,32.00,7,104,1,0
matched,"A2 sensitivity, detector",A2-detector-c02-18-s1,0,detector,12.00,2,17.99,13,34.98,4,99,1,0
matched,"A2 sensitivity, detector",A2-detector-c02-18-s1,1,detector,10.36,2,17.02,13,34.65,3,99,1,0
matched,"A2 sensitivity, detector",A2-detector-c02-18-s1,2,detector,12.31,2,16.73,13,33.61,3,99,1,0
matched,"A2 sensitivity, detector",A2-detector-c02-18-s1,3,detector,12.04,2,17.92,13,34.90,4,101,1,0
matched,"A2 sensitivity, detector",A2-detector-c02-18-s1,4,detector,12.31,2,16.18,13,33.06,4,101,1,0
matched,"A2 sensitivity, detector",A2-detector-c02-18-s1,5,detector,12.33,2,16.02,13,32.89,2,100,1,0
matched,"A2 sensitivity, detector",A2-detector-c02-18-s1,6,detector,10.43,2,16.59,13,34.19,20,98,1,0
matched,"A2 sensitivity, detector",A2-detector-c02-18-s1,7,detector,12.49,2,17.68,13,34.50,3,102,1,0
matched,"A2 sensitivity, detector",A2-detector-c02-18-s1,8,detector,10.41,2,17.73,13,35.34,12,100,1,0
matched,"A2 sensitivity, detector",A2-detector-c02-18-s1,9,detector,11.60,2,17.56,13,34.70,6,99,1,0
matched,"A2 sensitivity, detector",A2-detector-c02-18-s1,10,detector,12.48,2,16.70,13,33.52,3,99,1,0
matched,"A2 sensitivity, detector",A2-detector-c02-18-s1,11,detector,12.33,2,17.17,13,34.04,3,102,1,0
matched,"A2 sensitivity, detector",A2-detector-c02-18-s1,12,detector,11.28,2,17.08,13,34.34,2,98,1,0
matched,"A2 sensitivity, detector",A2-detector-c02-18-s1,13,detector,10.26,2,16.30,13,33.97,7,98,1,0
matched,"A2 sensitivity, detector",A2-detector-c02-18-s1,14,detector,11.80,2,16.09,13,33.15,2,100,1,0
matched,"A2 sensitivity, detector",A2-detector-c02-18-s1,15,detector,11.66,2,16.17,13,33.28,4,97,1,0
matched,"A2 sensitivity, detector",A2-detector-c02-18-s1,16,detector,11.54,2,17.74,13,34.90,2,102,1,0
matched,"A2 sensitivity, detector",A2-detector-c02-18-s1,17,detector,11.80,2,16.81,13,33.87,4,99,1,0
matched,"A2 sensitivity, detector",A2-detector-c02-18-s1,18,detector,11.02,2,17.20,13,34.56,7,100,1,0
matched,"A2 sensitivity, detector",A2-detector-c02-18-s1,19,detector,12.27,2,17.61,13,34.50,4,100,1,0
matched,"A2 sensitivity, detector",A2-detector-c02-18-s1,20,detector,10.75,2,17.49,13,34.96,6,101,1,0
matched,"A2 sensitivity, detector",A2-detector-c02-18-s1,21,detector,10.47,2,16.64,13,34.22,4,101,1,0
matched,"A2 sensitivity, detector",A2-detector-c02-18-s1,22,detector,11.58,2,17.58,13,34.72,4,99,1,0
matched,"A2 sensitivity, detector",A2-detector-c02-18-s1,23,detector,11.99,2,17.40,13,34.39,3,101,1,0
matched,"A2 sensitivity, detector",A2-detector-c02-18-s1,24,detector,12.03,2,16.77,13,33.75,3,97,1,0
matched,"A2 sensitivity, detector",A2-detector-c02-18-s1,25,detector,11.02,2,17.01,13,34.37,6,101,1,0
matched,"A2 sensitivity, detector",A2-detector-c02-18-s1,26,detector,10.46,2,16.80,13,34.39,2,99,1,0
matched,"A2 sensitivity, detector",A2-detector-c02-18-s1,27,detector,12.63,2,16.64,13,33.41,3,102,1,0
matched,"A2 sensitivity, detector",A2-detector-c02-18-s1,28,detector,12.28,2,16.92,13,33.81,3,101,1,0
matched,"A2 sensitivity, detector",A2-detector-c02-18-s1,29,detector,11.31,2,17.86,13,35.11,5,100,1,0
matched,"A2 sensitivity, detector",A2-detector-c02-18-s1,30,detector,11.31,2,17.58,13,34.83,6,100,1,0
matched,"A2 sensitivity, detector",A2-detector-c02-18-s1,31,detector,12.61,2,17.64,13,34.41,4,101,1,0
matched,"A2 sensitivity, detector",A2-detector-c02-19-s1,0,detector,10.71,2,16.49,13,33.97,2,98,1,0
matched,"A2 sensitivity, detector",A2-detector-c02-19-s1,1,detector,12.66,2,18.34,14,35.10,3,99,1,0
matched,"A2 sensitivity, detector",A2-detector-c02-19-s1,2,detector,10.50,2,18.94,14,36.51,23,99,1,0
matched,"A2 sensitivity, detector",A2-detector-c02-19-s1,3,detector,10.68,2,18.96,14,36.46,4,99,1,0
matched,"A2 sensitivity, detector",A2-detector-c02-19-s1,4,detector,10.74,2,16.08,13,33.55,3,100,1,0
matched,"A2 sensitivity, detector",A2-detector-c02-19-s1,5,detector,11.15,2,16.88,13,34.19,4,102,1,0
matched,"A2 sensitivity, detector",A2-detector-c02-19-s1,6,detector,11.84,2,16.74,13,33.79,3,98,1,0
matched,"A2 sensitivity, detector",A2-detector-c02-19-s1,7,detector,11.08,2,19.30,14,36.64,2,98,1,0
matched,"A2 sensitivity, detector",A2-detector-c02-19-s1,8,detector,12.11,2,16.73,13,33.68,5,100,1,0
matched,"A2 sensitivity, detector",A2-detector-c02-19-s1,9,detector,10.58,2,17.75,13,35.29,27,99,1,0
matched,"A2 sensitivity, detector",A2-detector-c02-19-s1,10,detector,12.63,2,17.49,13,34.26,6,98,1,0
matched,"A2 sensitivity, detector",A2-detector-c02-19-s1,11,detector,10.41,2,17.76,13,35.37,3,97,1,0
matched,"A2 sensitivity, detector",A2-detector-c02-19-s1,12,detector,10.95,2,18.92,14,36.31,2,102,1,0
matched,"A2 sensitivity, detector",A2-detector-c02-19-s1,13,detector,10.44,2,19.30,14,36.89,5,101,1,0
matched,"A2 sensitivity, detector",A2-detector-c02-19-s1,14,detector,10.22,2,16.40,13,34.09,21,100,1,0
matched,"A2 sensitivity, detector",A2-detector-c02-19-s1,15,detector,12.64,2,19.95,14,36.71,3,100,1,0
matched,"A2 sensitivity, detector",A2-detector-c02-19-s1,16,detector,10.71,2,18.80,14,36.28,9,102,1,0
matched,"A2 sensitivity, detector",A2-detector-c02-19-s1,17,detector,10.95,2,17.11,13,34.50,3,101,1,0
matched,"A2 sensitivity, detector",A2-detector-c02-19-s1,18,detector,11.60,2,19.10,14,36.24,4,99,1,0
matched,"A2 sensitivity, detector",A2-detector-c02-19-s1,19,detector,10.82,2,16.12,13,33.56,4,101,1,0
matched,"A2 sensitivity, detector",A2-detector-c02-19-s1,20,detector,11.96,2,16.13,13,33.13,3,99,1,0
matched,"A2 sensitivity, detector",A2-detector-c02-19-s1,21,detector,11.87,2,17.92,13,34.96,2,100,1,0
matched,"A2 sensitivity, detector",A2-detector-c02-19-s1,22,detector,12.39,2,18.05,14,34.90,4,103,1,0
matched,"A2 sensitivity, detector",A2-detector-c02-19-s1,23,detector,11.67,2,16.09,13,33.20,7,101,1,0
matched,"A2 sensitivity, detector",A2-detector-c02-19-s1,24,detector,11.62,2,17.14,13,34.27,7,100,1,0
matched,"A2 sensitivity, detector",A2-detector-c02-19-s1,25,detector,12.39,2,18.84,14,35.69,3,100,1,0
matched,"A2 sensitivity, detector",A2-detector-c02-19-s1,26,detector,12.46,2,17.96,13,34.79,4,100,1,0
matched,"A2 sensitivity, detector",A2-detector-c02-19-s1,27,detector,12.53,2,19.17,14,35.97,2,101,1,0
matched,"A2 sensitivity, detector",A2-detector-c02-19-s1,28,detector,10.90,2,19.74,14,37.15,2,101,1,0
matched,"A2 sensitivity, detector",A2-detector-c02-19-s1,29,detector,10.27,2,19.88,14,37.55,8,102,1,0
matched,"A2 sensitivity, detector",A2-detector-c02-19-s1,30,detector,12.65,2,19.27,14,36.03,4,102,1,0
matched,"A2 sensitivity, detector",A2-detector-c02-19-s1,31,detector,11.00,2,18.77,14,36.14,16,100,1,0
matched,"A2 sensitivity, detector",A2-detector-c02-20-s1,0,detector,10.71,2,18.88,14,36.36,2,101,1,0
matched,"A2 sensitivity, detector",A2-detector-c02-20-s1,1,detector,10.53,2,19.05,14,36.61,28,101,1,0
matched,"A2 sensitivity, detector",A2-detector-c02-20-s1,2,detector,10.70,2,18.46,14,35.95,2,100,1,0
matched,"A2 sensitivity, detector",A2-detector-c02-20-s1,3,detector,11.62,2,19.27,14,36.40,4,98,1,0
matched,"A2 sensitivity, detector",A2-detector-c02-20-s1,4,detector,12.55,2,19.22,14,36.02,4,101,1,0
matched,"A2 sensitivity, detector",A2-detector-c02-20-s1,5,detector,12.07,2,18.18,14,35.14,3,102,1,0
matched,"A2 sensitivity, detector",A2-detector-c02-20-s1,6,detector,11.35,2,19.96,14,37.19,2,101,1,0
matched,"A2 sensitivity, detector",A2-detector-c02-20-s1,7,detector,10.11,2,18.09,14,35.82,7,98,1,0
matched,"A2 sensitivity, detector",A2-detector-c02-20-s1,8,detector,10.10,2,19.37,14,37.11,6,103,1,0
matched,"A2 sensitivity, detector",A2-detector-c02-20-s1,9,detector,10.73,2,19.93,14,37.41,2,97,1,0
matched,"A2 sensitivity, detector",A2-detector-c02-20-s1,10,detector,10.89,2,18.41,14,35.82,1,102,1,0
matched,"A2 sensitivity, detector",A2-detector-c02-20-s1,11,detector,12.05,2,18.71,14,35.68,4,101,1,0
matched,"A2 sensitivity, detector",A2-detector-c02-20-s1,12,detector,10.21,2,18.17,14,35.86,3,97,1,0
matched,"A2 sensitivity, detector",A2-detector-c02-20-s1,13,detector,11.10,2,19.66,14,36.99,2,101,1,0
matched,"A2 sensitivity, detector",A2-detector-c02-20-s1,14,detector,12.64,2,18.06,14,34.82,3,101,1,0
matched,"A2 sensitivity, detector",A2-detector-c02-20-s1,15,detector,10.27,2,19.91,14,37.58,6,98,1,0
matched,"A2 sensitivity, detector",A2-detector-c02-20-s1,16,detector,10.39,2,19.98,14,37.60,4,102,1,0
matched,"A2 sensitivity, detector",A2-detector-c02-20-s1,17,detector,10.27,2,18.93,14,36.60,2,101,1,0
matched,"A2 sensitivity, detector",A2-detector-c02-20-s1,18,detector,10.33,2,18.50,14,36.14,10,100,1,0
matched,"A2 sensitivity, detector",A2-detector-c02-20-s1,19,detector,11.73,2,18.58,14,35.67,4,102,1,0
matched,"A2 sensitivity, detector",A2-detector-c02-20-s1,20,detector,10.74,2,19.14,14,36.61,7,98,1,0
matched,"A2 sensitivity, detector",A2-detector-c02-20-s1,21,detector,10.16,2,19.01,14,36.72,3,101,1,0
matched,"A2 sensitivity, detector",A2-detector-c02-20-s1,22,detector,11.36,2,18.22,14,35.45,4,101,1,0
matched,"A2 sensitivity, detector",A2-detector-c02-20-s1,23,detector,11.15,2,18.87,14,36.18,5,99,1,0
matched,"A2 sensitivity, detector",A2-detector-c02-20-s1,24,detector,12.58,2,18.44,14,35.22,2,98,1,0
matched,"A2 sensitivity, detector",A2-detector-c02-20-s1,25,detector,10.35,2,18.82,14,36.45,4,103,1,0
matched,"A2 sensitivity, detector",A2-detector-c02-20-s1,26,detector,10.24,2,19.23,14,36.91,4,98,1,0
matched,"A2 sensitivity, detector",A2-detector-c02-20-s1,27,detector,11.29,2,18.50,14,35.75,5,98,1,0
matched,"A2 sensitivity, detector",A2-detector-c02-20-s1,28,detector,11.96,2,18.01,14,35.01,2,102,1,0
matched,"A2 sensitivity, detector",A2-detector-c02-20-s1,29,detector,11.81,2,18.54,14,35.60,5,100,1,0
matched,"A2 sensitivity, detector",A2-detector-c02-20-s1,30,detector,11.11,2,19.28,14,36.60,6,100,1,0
matched,"A2 sensitivity, detector",A2-detector-c02-20-s1,31,detector,11.04,2,19.12,14,36.47,7,100,1,0
matched,"A2 sensitivity, detector",A2-detector-c03-0-s1,0,detector,14.81,3,-7.00,1,9.08,100,100,0,0
matched,"A2 sensitivity, detector",A2-detector-c03-0-s1,1,detector,15.03,3,-7.47,1,8.54,101,101,0,0
matched,"A2 sensitivity, detector",A2-detector-c03-0-s1,2,detector,14.09,3,-6.60,1,9.69,101,101,0,0
matched,"A2 sensitivity, detector",A2-detector-c03-0-s1,3,detector,15.71,3,-6.85,1,8.97,103,103,0,0
matched,"A2 sensitivity, detector",A2-detector-c03-0-s1,4,detector,13.59,3,-7.98,1,8.47,99,99,0,0
matched,"A2 sensitivity, detector",A2-detector-c03-0-s1,5,detector,14.96,3,-7.70,1,8.33,99,99,0,0
matched,"A2 sensitivity, detector",A2-detector-c03-0-s1,6,detector,14.52,3,-6.21,1,9.95,98,98,0,0
matched,"A2 sensitivity, detector",A2-detector-c03-0-s1,7,detector,13.50,3,-6.88,1,9.60,103,103,0,0
matched,"A2 sensitivity, detector",A2-detector-c03-0-s1,8,detector,14.46,3,-6.38,1,9.80,98,98,0,0
matched,"A2 sensitivity, detector",A2-detector-c03-0-s1,9,detector,13.12,3,-6.65,1,9.95,100,100,0,0
matched,"A2 sensitivity, detector",A2-detector-c03-0-s1,10,detector,14.97,3,-7.93,1,8.10,102,102,0,0
matched,"A2 sensitivity, detector",A2-detector-c03-0-s1,11,detector,12.72,3,-7.64,1,9.10,99,99,0,0
matched,"A2 sensitivity, detector",A2-detector-c03-0-s1,12,detector,14.04,3,-7.39,1,8.92,98,98,0,0
matched,"A2 sensitivity, detector",A2-detector-c03-0-s1,13,detector,13.37,3,-7.79,1,8.73,100,100,0,0
matched,"A2 sensitivity, detector",A2-detector-c03-0-s1,14,detector,15.34,3,-7.30,1,8.62,98,98,0,0
matched,"A2 sensitivity, detector",A2-detector-c03-0-s1,15,detector,12.98,3,-6.11,1,10.54,99,99,0,0
matched,"A2 sensitivity, detector",A2-detector-c03-0-s1,16,detector,13.78,3,-6.07,1,10.32,100,100,0,0
matched,"A2 sensitivity, detector",A2-detector-c03-0-s1,17,detector,13.00,3,-7.95,1,8.69,98,98,0,0
matched,"A2 sensitivity, detector",A2-detector-c03-0-s1,18,detector,15.26,3,-7.92,1,8.03,99,99,0,0
matched,"A2 sensitivity, detector",A2-detector-c03-0-s1,19,detector,15.35,3,-6.80,1,9.12,98,98,0,0
matched,"A2 sensitivity, detector",A2-detector-c03-0-s1,20,detector,15.55,3,-6.26,1,9.60,100,100,0,0
matched,"A2 sensitivity, detector",A2-detector-c03-0-s1,21,detector,13.84,3,-7.66,1,8.71,98,98,0,0
matched,"A2 sensitivity, detector",A2-detector-c03-0-s1,22,detector,15.70,3,-7.88,1,7.94,100,100,0,0
matched,"A2 sensitivity, detector",A2-detector-c03-0-s1,23,detector,15.19,3,-6.63,1,9.34,99,99,0,0
matched,"A2 sensitivity, detector",A2-detector-c03-0-s1,24,detector,13.74,3,-7.27,1,9.13,100,100,0,0
matched,"A2 sensitivity, detector",A2-detector-c03-0-s1,25,detector,13.59,3,-8.00,1,8.45,100,100,0,0
matched,"A2 sensitivity, detector",A2-detector-c03-0-s1,26,detector,14.10,3,-6.12,1,10.17,100,100,0,0
matched,"A2 sensitivity, detector",A2-detector-c03-0-s1,27,detector,15.55,3,-7.96,1,7.90,99,99,0,0
matched,"A2 sensitivity, detector",A2-detector-c03-0-s1,28,detector,13.46,3,-7.18,1,9.31,98,98,0,0
matched,"A2 sensitivity, detector",A2-detector-c03-0-s1,29,detector,13.52,3,-7.25,1,9.22,100,100,0,0
matched,"A2 sensitivity, detector",A2-detector-c03-0-s1,30,detector,13.48,3,-6.65,1,9.83,99,99,0,0
matched,"A2 sensitivity, detector",A2-detector-c03-0-s1,31,detector,15.34,3,-6.98,1,8.94,98,98,0,0
matched,"A2 sensitivity, detector",A2-detector-c03-1-s1,0,detector,13.51,3,-6.08,1,10.39,99,99,0,0
matched,"A2 sensitivity, detector",A2-detector-c03-1-s1,1,detector,15.67,3,-4.92,2,10.91,100,100,0,0
matched,"A2 sensitivity, detector",A2-detector-c03-1-s1,2,detector,13.11,3,-7.05,1,9.56,99,99,0,0
matched,"A2 sensitivity, detector",A2-detector-c03-1-s1,3,detector,15.10,3,-4.92,2,11.07,97,97,0,0
matched,"A2 sensitivity, detector",A2-detector-c03-1-s1,4,detector,14.51,3,-5.17,2,10.99,100,100,0,0
matched,"A2 sensitivity, detector",A2-detector-c03-1-s1,5,detector,12.85,3,-4.85,2,11.84,101,101,0,0
matched,"A2 sensitivity, detector",A2-detector-c03-1-s1,6,detector,15.83,3,-4.01,2,11.78,100,100,0,0
matched,"A2 sensitivity, detector",A2-detector-c03-1-s1,7,detector,15.44,3,-5.78,2,10.12,100,100,0,0
matched,"A2 sensitivity, detector",A2-detector-c03-1-s1,8,detector,12.85,3,-5.46,2,11.23,100,100,0,0
matched,"A2 sensitivity, detector",A2-detector-c03-1-s1,9,detector,14.94,3,-4.51,2,11.53,100,100,0,0
matched,"A2 sensitivity, detector",A2-detector-c03-1-s1,10,detector,12.74,3,-7.65,1,9.08,98,98,0,0
matched,"A2 sensitivity, detector",A2-detector-c03-1-s1,11,detector,13.82,3,-5.73,2,10.65,98,98,0,0
matched,"A2 sensitivity, detector",A2-detector-c03-1-s1,12,detector,15.86,3,-7.64,1,8.14,100,100,0,0
matched,"A2 sensitivity, detector",A2-detector-c03-1-s1,13,detector,14.12,3,-4.65,2,11.63,102,102,0,0
matched,"A2 sensitivity, detector",A2-detector-c03-1-s1,14,detector,14.91,3,-4.69,2,11.36,102,102,0,0
matched,"A2 sensitivity, detector",A2-detector-c03-1-s1,15,detector,15.43,3,-7.85,1,8.05,101,101,0,0
matched,"A2 sensitivity, detector",A2-detector-c03-1-s1,16,detector,14.86,3,-7.97,1,8.09,99,99,0,0
matched,"A2 sensitivity, detector",A2-detector-c03-1-s1,17,detector,13.97,3,-7.06,1,9.27,99,99,0,0
matched,"A2 sensitivity, detector",A2-detector-c03-1-s1,18,detector,14.95,3,-7.47,1,8.57,99,99,0,0
matched,"A2 sensitivity, detector",A2-detector-c03-1-s1,19,detector,14.28,3,-6.59,1,9.64,97,97,0,0
matched,"A2 sensitivity, detector",A2-detector-c03-1-s1,20,detector,14.57,3,-6.93,1,9.22,100,100,0,0
matched,"A2 sensitivity, detector",A2-detector-c03-1-s1,21,detector,15.78,3,-7.19,1,8.61,99,99,0,0
matched,"A2 sensitivity, detector",A2-detector-c03-1-s1,22,detector,12.89,3,-6.03,1,10.65,98,98,0,0
matched,"A2 sensitivity, detector",A2-detector-c03-1-s1,23,detector,15.59,3,-7.25,1,8.60,102,102,0,0
matched,"A2 sensitivity, detector",A2-detector-c03-1-s1,24,detector,15.62,3,-6.70,1,9.14,98,98,0,0
matched,"A2 sensitivity, detector",A2-detector-c03-1-s1,25,detector,13.58,3,-4.05,2,12.40,99,99,1,0
matched,"A2 sensitivity, detector",A2-detector-c03-1-s1,26,detector,14.08,3,-4.01,2,12.29,95,101,1,0
matched,"A2 sensitivity, detector",A2-detector-c03-1-s1,27,detector,13.61,3,-5.03,2,11.41,101,101,0,0
matched,"A2 sensitivity, detector",A2-detector-c03-1-s1,28,detector,15.51,3,-4.67,2,11.21,101,101,1,0
matched,"A2 sensitivity, detector",A2-detector-c03-1-s1,29,detector,13.43,3,-7.99,1,8.51,99,99,0,0
matched,"A2 sensitivity, detector",A2-detector-c03-1-s1,30,detector,15.34,3,-5.98,2,9.94,100,100,0,0
matched,"A2 sensitivity, detector",A2-detector-c03-1-s1,31,detector,13.14,3,-6.24,1,10.36,99,99,0,0
matched,"A2 sensitivity, detector",A2-detector-c03-2-s1,0,detector,14.53,3,-4.13,2,12.03,101,101,1,0
matched,"A2 sensitivity, detector",A2-detector-c03-2-s1,1,detector,12.90,3,-5.79,2,10.89,100,100,0,0
matched,"A2 sensitivity, detector",A2-detector-c03-2-s1,2,detector,15.95,3,-5.39,2,10.36,98,98,0,0
matched,"A2 sensitivity, detector",A2-detector-c03-2-s1,3,detector,14.03,3,-5.85,2,10.46,100,100,0,0
matched,"A2 sensitivity, detector",A2-detector-c03-2-s1,4,detector,15.59,3,-5.28,2,10.57,101,101,0,0
matched,"A2 sensitivity, detector",A2-detector-c03-2-s1,5,detector,14.08,3,-4.51,2,11.79,101,101,0,0
matched,"A2 sensitivity, detector",A2-detector-c03-2-s1,6,detector,15.50,3,-5.36,2,10.52,99,99,0,0
matched,"A2 sensitivity, detector",A2-detector-c03-2-s1,7,detector,14.43,3,-4.58,2,11.61,95,95,0,0
matched,"A2 sensitivity, detector",A2-detector-c03-2-s1,8,detector,15.50,3,-5.80,2,10.08,100,100,0,0
matched,"A2 sensitivity, detector",A2-detector-c03-2-s1,9,detector,13.26,3,-4.72,2,11.84,99,99,0,0
matched,"A2 sensitivity, detector",A2-detector-c03-2-s1,10,detector,15.05,3,-4.28,2,11.73,102,102,1,0
matched,"A2 sensitivity, detector",A2-detector-c03-2-s1,11,detector,14.05,3,-4.62,2,11.68,99,99,1,0
matched,"A2 sensitivity, detector",A2-detector-c03-2-s1,12,detector,13.00,3,-5.24,2,11.40,101,101,0,0
matched,"A2 sensitivity, detector",A2-detector-c03-2-s1,13,detector,12.97,3,-5.94,2,10.71,102,102,0,0
matched,"A2 sensitivity, detector",A2-detector-c03-2-s1,14,detector,13.75,3,-4.05,2,12.35,99,99,0,0
matched,"A2 sensitivity, detector",A2-detector-c03-2-s1,15,detector,15.13,3,-4.82,2,11.16,99,99,0,0
matched,"A2 sensitivity, detector",A2-detector-c03-2-s1,16,detector,15.56,3,-5.95,2,9.91,102,102,0,0
matched,"A2 sensitivity, detector",A2-detector-c03-2-s1,17,detector,15.06,3,-5.50,2,10.50,99,99,0,0
matched,"A2 sensitivity, detector",A2-detector-c03-2-s1,18,detector,13.63,3,-4.85,2,11.59,99,99,0,0
matched,"A2 sensitivity, detector",A2-detector-c03-2-s1,19,detector,15.11,3,-4.50,2,11.49,102,102,0,0
matched,"A2 sensitivity, detector",A2-detector-c03-2-s1,20,detector,14.23,3,-4.69,2,11.56,99,99,0,0
matched,"A2 sensitivity, detector",A2-detector-c03-2-s1,21,detector,13.41,3,-5.24,2,11.27,102,102,0,0
matched,"A2 sensitivity, detector",A2-detector-c03-2-s1,22,detector,13.56,3,-4.76,2,11.70,103,103,0,0
matched,"A2 sensitivity, detector",A2-detector-c03-2-s1,23,detector,13.45,3,-5.72,2,10.77,101,101,0,0
matched,"A2 sensitivity, detector",A2-detector-c03-2-s1,24,detector,15.56,3,-4.03,2,11.83,101,101,1,0
matched,"A2 sensitivity, detector",A2-detector-c03-2-s1,25,detector,14.73,3,-5.15,2,10.95,100,100,0,0
matched,"A2 sensitivity, detector",A2-detector-c03-2-s1,26,detector,14.01,3,-5.20,2,11.12,102,102,0,0
matched,"A2 sensitivity, detector",A2-detector-c03-2-s1,27,detector,15.51,3,-5.94,2,9.94,99,99,0,0
matched,"A2 sensitivity, detector",A2-detector-c03-2-s1,28,detector,12.84,3,-4.37,2,12.33,98,98,1,0
matched,"A2 sensitivity, detector",A2-detector-c03-2-s1,29,detector,12.69,3,-5.57,2,11.18,100,100,0,0
matched,"A2 sensitivity, detector",A2-detector-c03-2-s1,30,detector,14.17,3,-5.40,2,10.87,102,102,0,0
matched,"A2 sensitivity, detector",A2-detector-c03-2-s1,31,detector,13.38,3,-5.73,2,10.79,101,101,0,0
matched,"A2 sensitivity, detector",A2-detector-c03-3-s1,0,detector,13.89,3,-2.67,3,13.68,74,99,1,0
matched,"A2 sensitivity, detector",A2-detector-c03-3-s1,1,detector,14.64,3,-2.08,3,14.05,68,98,1,0
matched,"A2 sensitivity, detector",A2-detector-c03-3-s1,2,detector,15.48,3,-2.10,3,13.78,62,97,1,0
matched,"A2 sensitivity, detector",A2-detector-c03-3-s1,3,detector,14.07,3,-2.51,3,13.79,69,97,1,0
matched,"A2 sensitivity, detector",A2-detector-c03-3-s1,4,detector,15.45,3,-3.42,3,12.47,98,105,1,0
matched,"A2 sensitivity, detector",A2-detector-c03-3-s1,5,detector,15.23,3,-3.06,3,12.89,99,99,1,0
matched,"A2 sensitivity, detector",A2-detector-c03-3-s1,6,detector,12.69,3,-3.42,3,13.33,96,101,1,0
matched,"A2 sensitivity, detector",A2-detector-c03-3-s1,7,detector,15.31,3,-2.48,3,13.45,12,100,1,0
matched,"A2 sensitivity, detector",A2-detector-c03-3-s1,8,detector,14.08,3,-3.01,3,13.29,86,100,1,0
matched,"A2 sensitivity, detector",A2-detector-c03-3-s1,9,detector,13.93,3,-3.10,3,13.24,87,100,1,0
matched,"A2 sensitivity, detector",A2-detector-c03-3-s1,10,detector,14.92,3,-3.11,3,12.93,87,99,1,0
matched,"A2 sensitivity, detector",A2-detector-c03-3-s1,11,detector,15.83,3,-2.33,3,13.46,25,99,1,0
matched,"A2 sensitivity, detector",A2-detector-c03-3-s1,12,detector,14.45,3,-3.54,3,12.64,100,100,1,0
matched,"A2 sensitivity, detector",A2-detector-c03-3-s1,13,detector,14.28,3,-3.43,3,12.80,99,99,1,0
matched,"A2 sensitivity, detector",A2-detector-c03-3-s1,14,detector,15.33,3,-3.26,3,12.67,99,99,0,0
matched,"A2 sensitivity, detector",A2-detector-c03-3-s1,15,detector,15.26,3,-3.52,3,12.43,101,101,1,0
matched,"A2 sensitivity, detector",A2-detector-c03-3-s1,16,detector,15.28,3,-3.27,3,12.67,99,99,0,0
matched,"A2 sensitivity, detector",A2-detector-c03-3-s1,17,detector,14.17,3,-2.55,3,13.72,156,96,1,0
matched,"A2 sensitivity, detector",A2-detector-c03-3-s1,18,detector,15.27,3,-3.98,3,11.96,97,97,1,0
matched,"A2 sensitivity, detector",A2-detector-c03-3-s1,19,detector,15.95,3,-3.99,3,11.76,100,100,0,0
matched,"A2 sensitivity, detector",A2-detector-c03-3-s1,20,detector,15.30,3,-2.72,3,13.21,96,101,1,0
matched,"A2 sensitivity, detector",A2-detector-c03-3-s1,21,detector,14.70,3,-2.92,3,13.19,101,101,1,0
matched,"A2 sensitivity, detector",A2-detector-c03-3-s1,22,detector,12.71,3,-3.62,3,13.12,100,100,1,0
matched,"A2 sensitivity, detector",A2-detector-c03-3-s1,23,detector,13.83,3,-2.24,3,14.13,66,100,1,0
matched,"A2 sensitivity, detector",A2-detector-c03-3-s1,24,detector,15.94,3,-3.41,3,12.35,71,100,1,0
matched,"A2 sensitivity, detector",A2-detector-c03-3-s1,25,detector,14.85,3,-2.14,3,13.92,45,98,1,0
matched,"A2 sensitivity, detector",A2-detector-c03-3-s1,26,detector,13.54,3,-3.36,3,13.11,98,98,1,0
matched,"A2 sensitivity, detector",A2-detector-c03-3-s1,27,detector,13.09,3,-3.71,3,12.90,94,96,1,0
matched,"A2 sensitivity, detector",A2-detector-c03-3-s1,28,detector,15.06,3,-2.98,3,13.02,53,100,1,0
matched,"A2 sensitivity, detector",A2-detector-c03-3-s1,29,detector,13.15,3,-3.79,3,12.80,86,101,1,0
matched,"A2 sensitivity, detector",A2-detector-c03-3-s1,30,detector,14.70,3,-3.96,3,12.15,98,99,1,0
matched,"A2 sensitivity, detector",A2-detector-c03-3-s1,31,detector,13.29,3,-3.97,3,12.58,98,98,1,0
matched,"A2 sensitivity, detector",A2-detector-c03-4-s1,0,detector,12.78,3,-2.60,3,14.12,78,101,1,0
matched,"A2 sensitivity, detector",A2-detector-c03-4-s1,1,detector,13.02,3,-0.09,4,16.55,22,100,1,0
matched,"A2 sensitivity, detector",A2-detector-c03-4-s1,2,detector,14.49,3,-1.70,4,14.47,62,98,1,0
matched,"A2 sensitivity, detector",A2-detector-c03-4-s1,3,detector,15.70,3,-1.80,4,14.02,8,100,1,0
matched,"A2 sensitivity, detector",A2-detector-c03-4-s1,4,detector,14.77,3,-3.51,3,12.58,75,99,1,0
matched,"A2 sensitivity, detector",A2-detector-c03-4-s1,5,detector,14.29,3,-0.59,4,15.64,49,101,1,0
matched,"A2 sensitivity, detector",A2-detector-c03-4-s1,6,detector,13.00,3,-3.52,3,13.12,101,101,1,0
matched,"A2 sensitivity, detector",A2-detector-c03-4-s1,7,detector,12.82,3,-0.62,4,16.08,6,98,1,0
matched,"A2 sensitivity, detector",A2-detector-c03-4-s1,8,detector,14.56,3,-2.80,3,13.35,42,101,1,0
matched,"A2 sensitivity, detector",A2-detector-c03-4-s1,9,detector,15.01,3,-3.29,3,12.73,97,101,1,0
matched,"A2 sensitivity, detector",A2-detector-c03-4-s1,10,detector,15.71,3,-2.81,3,13.01,94,97,1,0
matched,"A2 sensitivity, detector",A2-detector-c03-4-s1,11,detector,14.81,3,-1.40,4,14.68,65,101,1,0
matched,"A2 sensitivity, detector",A2-detector-c03-4-s1,12,detector,13.00,3,-3.89,3,12.75,100,100,1,0
matched,"A2 sensitivity, detector",A2-detector-c03-4-s1,13,detector,15.55,3,-3.93,3,11.93,101,102,1,0
matched,"A2 sensitivity, detector",A2-detector-c03-4-s1,14,detector,15.22,3,-0.23,4,15.73,2,100,1,0
matched,"A2 sensitivity, detector",A2-detector-c03-4-s1,15,detector,13.60,3,-3.65,3,12.80,94,99,1,0
matched,"A2 sensitivity, detector",A2-detector-c03-4-s1,16,detector,15.55,3,-1.01,4,14.85,38,101,1,0
matched,"A2 sensitivity, detector",A2-detector-c03-4-s1,17,detector,13.05,3,-1.90,4,14.73,66,98,1,0
matched,"A2 sensitivity, detector",A2-detector-c03-4-s1,18,detector,15.00,3,-0.15,4,15.87,37,100,1,0
matched,"A2 sensitivity, detector",A2-detector-c03-4-s1,19,detector,13.62,3,-2.37,3,14.07,72,101,1,0
matched,"A2 sensitivity, detector",A2-detector-c03-4-s1,20,detector,14.45,3,-1.43,4,14.75,19,100,1,0
matched,"A2 sensitivity, detector",A2-detector-c03-4-s1,21,detector,12.88,3,-3.23,3,13.45,76,102,1,0
matched,"A2 sensitivity, detector",A2-detector-c03-4-s1,22,detector,15.94,3,-2.79,3,12.97,96,99,1,0
matched,"A2 sensitivity, detector",A2-detector-c03-4-s1,23,detector,13.18,3,-1.61,4,14.97,64,99,1,0
matched,"A2 sensitivity, detector",A2-detector-c03-4-s1,24,detector,14.50,3,-2.37,3,13.80,90,98,1,0
matched,"A2 sensitivity, detector",A2-detector-c03-4-s1,25,detector,13.21,3,-0.57,4,16.00,31,99,1,0
matched,"A2 sensitivity, detector",A2-detector-c03-4-s1,26,detector,14.99,3,-2.00,3,14.02,44,100,1,0
matched,"A2 sensitivity, detector",A2-detector-c03-4-s1,27,detector,13.87,3,-0.10,4,16.26,11,102,1,0
matched,"A2 sensitivity, detector",A2-detector-c03-4-s1,28,detector,15.53,3,-1.97,4,13.90,74,101,1,0
matched,"A2 sensitivity, detector",A2-detector-c03-4-s1,29,detector,14.69,3,-3.51,3,12.60,100,100,1,0
matched,"A2 sensitivity, detector",A2-detector-c03-4-s1,30,detector,15.49,3,-3.64,3,12.24,102,102,1,0
matched,"A2 sensitivity, detector",A2-detector-c03-4-s1,31,detector,13.96,3,-0.87,4,15.46,22,100,1,0
matched,"A2 sensitivity, detector",A2-detector-c03-5-s1,0,detector,13.88,3,-1.41,4,14.95,42,101,1,0
matched,"A2 sensitivity, detector",A2-detector-c03-5-s1,1,detector,13.82,3,-1.81,4,14.57,33,99,1,0
matched,"A2 sensitivity, detector",A2-detector-c03-5-s1,2,detector,13.28,3,-1.20,4,15.35,4,100,1,0
matched,"A2 sensitivity, detector",A2-detector-c03-5-s1,3,detector,15.00,3,-1.82,4,14.20,98,99,1,0
matched,"A2 sensitivity, detector",A2-detector-c03-5-s1,4,detector,13.85,3,-0.61,4,15.76,29,100,1,0
matched,"A2 sensitivity, detector",A2-detector-c03-5-s1,5,detector,13.91,3,-0.87,4,15.48,15,101,1,0
matched,"A2 sensitivity, detector",A2-detector-c03-5-s1,6,detector,15.27,3,-1.73,4,14.21,61,100,1,0
matched,"A2 sensitivity, detector",A2-detector-c03-5-s1,7,detector,12.70,3,-1.32,4,15.42,26,100,1,0
matched,"A2 sensitivity, detector",A2-detector-c03-5-s1,8,detector,13.25,3,-0.23,4,16.33,17,99,1,0
matched,"A2 sensitivity, detector",A2-detector-c03-5-s1,9,detector,15.64,3,-1.13,4,14.71,12,99,1,0
matched,"A2 sensitivity, detector",A2-detector-c03-5-s1,10,detector,14.41,3,-1.79,4,14.40,30,102,1,0
matched,"A2 sensitivity, detector",A2-detector-c03-5-s1,11,detector,14.85,3,-0.56,4,15.50,3,99,1,0
matched,"A2 sensitivity, detector",A2-detector-c03-5-s1,12,detector,14.99,3,-1.02,4,15.00,26,102,1,0
matched,"A2 sensitivity, detector",A2-detector-c03-5-s1,13,detector,14.97,3,-1.38,4,14.65,81,99,1,0
matched,"A2 sensitivity, detector",A2-detector-c03-5-s1,14,detector,14.39,3,-1.10,4,15.10,37,99,1,0
matched,"A2 sensitivity, detector",A2-detector-c03-5-s1,15,detector,13.38,3,-1.15,4,15.37,47,100,1,0
matched,"A2 sensitivity, detector",A2-detector-c03-5-s1,16,detector,12.81,3,-1.44,4,15.27,26,98,1,0
matched,"A2 sensitivity, detector",A2-detector-c03-5-s1,17,detector,14.87,3,-0.82,4,15.24,24,102,1,0
matched,"A2 sensitivity, detector",A2-detector-c03-5-s1,18,detector,13.79,3,-0.39,4,16.00,2,100,1,0
matched,"A2 sensitivity, detector",A2-detector-c03-5-s1,19,detector,13.00,3,-0.98,4,15.66,11,100,1,0
matched,"A2 sensitivity, detector",A2-detector-c03-5-s1,20,detector,13.67,3,-0.22,4,16.20,17,99,1,0
matched,"A2 sensitivity, detector",A2-detector-c03-5-s1,21,detector,13.72,3,-1.01,4,15.40,21,102,1,0
matched,"A2 sensitivity, detector",A2-detector-c03-5-s1,22,detector,13.41,3,-0.90,4,15.61,19,98,1,0
matched,"A2 sensitivity, detector",A2-detector-c03-5-s1,23,detector,14.78,3,-1.95,4,14.13,59,101,1,0
matched,"A2 sensitivity, detector",A2-detector-c03-5-s1,24,detector,13.50,3,-1.11,4,15.37,56,97,1,0
matched,"A2 sensitivity, detector",A2-detector-c03-5-s1,25,detector,15.32,3,-1.17,4,14.76,34,101,1,0
matched,"A2 sensitivity, detector",A2-detector-c03-5-s1,26,detector,12.86,3,-1.07,4,15.62,6,99,1,0
matched,"A2 sensitivity, detector",A2-detector-c03-5-s1,27,detector,14.72,3,-1.02,4,15.08,45,99,1,0
matched,"A2 sensitivity, detector",A2-detector-c03-5-s1,28,detector,14.71,3,-0.40,4,15.71,27,99,1,0
matched,"A2 sensitivity, detector",A2-detector-c03-5-s1,29,detector,14.18,3,-0.63,4,15.63,29,101,1,0
matched,"A2 sensitivity, detector",A2-detector-c03-5-s1,30,detector,13.47,3,-1.66,4,14.83,50,97,1,0
matched,"A2 sensitivity, detector",A2-detector-c03-5-s1,31,detector,13.30,3,-1.95,4,14.59,36,99,1,0
matched,"A2 sensitivity, detector",A2-detector-c03-6-s1,0,detector,13.32,3,0.99,5,17.53,2,101,1,0
matched,"A2 sensitivity, detector",A2-detector-c03-6-s1,1,detector,14.43,3,0.07,5,16.26,14,98,1,0
matched,"A2 sensitivity, detector",A2-detector-c03-6-s1,2,detector,15.96,3,0.77,5,16.52,4,100,1,0
matched,"A2 sensitivity, detector",A2-detector-c03-6-s1,3,detector,14.31,3,1.99,5,18.22,2,101,1,0
matched,"A2 sensitivity, detector",A2-detector-c03-6-s1,4,detector,14.53,3,1.47,5,17.63,2,101,1,0
matched,"A2 sensitivity, detector",A2-detector-c03-6-s1,5,detector,15.35,3,0.91,5,16.83,15,100,1,0
matched,"A2 sensitivity, detector",A2-detector-c03-6-s1,6,detector,14.53,3,1.25,5,17.41,9,101,1,0
matched,"A2 sensitivity, detector",A2-detector-c03-6-s1,7,detector,15.61,3,1.34,5,17.19,2,101,1,0
matched,"A2 sensitivity, detector",A2-detector-c03-6-s1,8,detector,15.47,3,1.97,5,17.86,2,97,1,0
matched,"A2 sensitivity, detector",A2-detector-c03-6-s1,9,detector,14.28,3,1.20,5,17.43,1,98,1,0
matched,"A2 sensitivity, detector",A2-detector-c03-6-s1,10,detector,14.68,3,1.23,5,17.34,14,100,1,0
matched,"A2 sensitivity, detector",A2-detector-c03-6-s1,11,detector,13.07,3,0.22,5,16.84,8,101,1,0
matched,"A2 sensitivity, detector",A2-detector-c03-6-s1,12,detector,14.97,3,1.13,5,17.16,2,99,1,0
matched,"A2 sensitivity, detector",A2-detector-c03-6-s1,13,detector,14.85,3,1.08,5,17.14,5,101,1,0
matched,"A2 sensitivity, detector",A2-detector-c03-6-s1,14,detector,13.51,3,0.23,5,16.70,16,101,1,0
matched,"A2 sensitivity, detector",A2-detector-c03-6-s1,15,detector,13.83,3,0.05,5,16.42,5,101,1,0
matched,"A2 sensitivity, detector",A2-detector-c03-6-s1,16,detector,13.52,3,1.63,5,18.10,3,101,1,0
matched,"A2 sensitivity, detector",A2-detector-c03-6-s1,17,detector,14.60,3,0.71,5,16.85,2,103,1,0
matched,"A2 sensitivity, detector",A2-detector-c03-6-s1,18,detector,14.19,3,0.78,5,17.04,25,97,1,0
matched,"A2 sensitivity, detector",A2-detector-c03-6-s1,19,detector,14.88,3,0.71,5,16.77,3,100,1,0
matched,"A2 sensitivity, detector",A2-detector-c03-6-s1,20,detector,13.45,3,0.37,5,16.86,4,100,1,0
matched,"A2 sensitivity, detector",A2-detector-c03-6-s1,21,detector,14.05,3,0.77,5,17.07,4,98,1,0
matched,"A2 sensitivity, detector",A2-detector-c03-6-s1,22,detector,14.19,3,1.19,5,17.45,5,101,1,0
matched,"A2 sensitivity, detector",A2-detector-c03-6-s1,23,detector,15.78,3,1.98,5,17.78,2,101,1,0
matched,"A2 sensitivity, detector",A2-detector-c03-6-s1,24,detector,13.77,3,0.42,5,16.81,23,101,1,0
matched,"A2 sensitivity, detector",A2-detector-c03-6-s1,25,detector,13.64,3,0.85,5,17.28,5,97,1,0
matched,"A2 sensitivity, detector",A2-detector-c03-6-s1,26,detector,15.02,3,1.23,5,17.24,2,102,1,0
matched,"A2 sensitivity, detector",A2-detector-c03-6-s1,27,detector,13.21,3,0.68,5,17.25,4,98,1,0
matched,"A2 sensitivity, detector",A2-detector-c03-6-s1,28,detector,13.20,3,1.05,5,17.63,14,98,1,0
matched,"A2 sensitivity, detector",A2-detector-c03-6-s1,29,detector,12.89,3,1.70,5,18.38,4,102,1,0
matched,"A2 sensitivity, detector",A2-detector-c03-6-s1,30,detector,13.78,3,1.96,5,18.35,2,101,1,0
matched,"A2 sensitivity, detector",A2-detector-c03-6-s1,31,detector,15.39,3,1.28,5,17.19,3,98,1,0
matched,"A2 sensitivity, detector",A2-detector-c03-7-s1,0,detector,13.21,3,3.03,6,19.60,2,97,1,0
matched,"A2 sensitivity, detector",A2-detector-c03-7-s1,1,detector,14.51,3,3.83,6,19.99,2,99,1,0
matched,"A2 sensitivity, detector",A2-detector-c03-7-s1,2,detector,15.07,3,2.46,6,18.46,2,100,1,0
matched,"A2 sensitivity, detector",A2-detector-c03-7-s1,3,detector,13.36,3,1.67,5,18.19,21,98,1,0
matched,"A2 sensitivity, detector",A2-detector-c03-7-s1,4,detector,14.90,3,2.84,6,18.89,4,100,1,0
matched,"A2 sensitivity, detector",A2-detector-c03-7-s1,5,detector,14.95,3,2.38,6,18.42,4,100,1,0
matched,"A2 sensitivity, detector",A2-detector-c03-7-s1,6,detector,13.22,3,3.19,6,19.76,2,98,1,0
matched,"A2 sensitivity, detector",A2-detector-c03-7-s1,7,detector,12.90,3,0.93,5,17.61,2,100,1,0
matched,"A2 sensitivity, detector",A2-detector-c03-7-s1,8,detector,13.72,3,1.66,5,18.07,4,100,1,0
matched,"A2 sensitivity, detector",A2-detector-c03-7-s1,9,detector,13.27,3,2.55,6,19.10,4,100,1,0
matched,"A2 sensitivity, detector",A2-detector-c03-7-s1,10,detector,13.77,3,3.06,6,19.45,2,102,1,0
matched,"A2 sensitivity, detector",A2-detector-c03-7-s1,11,detector,14.81,3,1.15,5,17.23,23,103,1,0
matched,"A2 sensitivity, detector",A2-detector-c03-7-s1,12,detector,15.87,3,0.95,5,16.73,2,100,1,0
matched,"A2 sensitivity, detector",A2-detector-c03-7-s1,13,detector,15.11,3,3.18,6,19.17,1,100,1,0
matched,"A2 sensitivity, detector",A2-detector-c03-7-s1,14,detector,15.66,3,1.23,5,17.06,25,99,1,0
matched,"A2 sensitivity, detector",A2-detector-c03-7-s1,15,detector,14.15,3,0.03,5,16.30,3,102,1,0
matched,"A2 sensitivity, detector",A2-detector-c03-7-s1,16,detector,14.60,3,0.90,5,17.04,13,98,1,0
matched,"A2 sensitivity, detector",A2-detector-c03-7-s1,17,detector,13.45,3,1.65,5,18.14,4,101,1,0
matched,"A2 sensitivity, detector",A2-detector-c03-7-s1,18,detector,14.42,3,2.08,6,18.27,2,100,1,0
matched,"A2 sensitivity, detector",A2-detector-c03-7-s1,19,detector,14.41,3,0.41,5,16.60,2,98,1,0
matched,"A2 sensitivity, detector",A2-detector-c03-7-s1,20,detector,14.17,3,0.73,5,17.00,13,101,1,0
matched,"A2 sensitivity, detector",A2-detector-c03-7-s1,21,detector,14.45,3,0.45,5,16.63,10,99,1,0
matched,"A2 sensitivity, detector",A2-detector-c03-7-s1,22,detector,14.26,3,1.10,5,17.34,2,101,1,0
matched,"A2 sensitivity, detector",A2-detector-c03-7-s1,23,detector,14.78,3,2.67,6,18.75,3,102,1,0
matched,"A2 sensitivity, detector",A2-detector-c03-7-s1,24,detector,15.75,3,0.45,5,16.26,29,98,1,0
matched,"A2 sensitivity, detector",A2-detector-c03-7-s1,25,detector,14.69,3,2.98,6,19.09,2,101,1,0
matched,"A2 sensitivity, detector",A2-detector-c03-7-s1,26,detector,12.79,3,3.84,6,20.55,2,97,1,0
matched,"A2 sensitivity, detector",A2-detector-c03-7-s1,27,detector,13.09,3,0.75,5,17.36,15,99,1,0
matched,"A2 sensitivity, detector",A2-detector-c03-7-s1,28,detector,12.84,3,2.82,6,19.52,3,96,1,0
matched,"A2 sensitivity, detector",A2-detector-c03-7-s1,29,detector,13.72,3,0.83,5,17.24,2,98,1,0
matched,"A2 sensitivity, detector",A2-detector-c03-7-s1,30,detector,14.89,3,2.93,6,18.98,4,101,1,0
matched,"A2 sensitivity, detector",A2-detector-c03-7-s1,31,detector,14.35,3,3.73,6,19.94,2,99,1,0
matched,"A2 sensitivity, detector",A2-detector-c03-8-s1,0,detector,14.49,3,3.67,6,19.84,2,99,1,0
matched,"A2 sensitivity, detector",A2-detector-c03-8-s1,1,detector,14.53,3,3.03,6,19.19,2,99,1,0
matched,"A2 sensitivity, detector",A2-detector-c03-8-s1,2,detector,14.52,3,3.72,6,19.88,2,99,1,0
matched,"A2 sensitivity, detector",A2-detector-c03-8-s1,3,detector,13.25,3,2.64,6,19.20,2,102,1,0
matched,"A2 sensitivity, detector",A2-detector-c03-8-s1,4,detector,15.39,3,3.53,6,19.44,3,99,1,0
matched,"A2 sensitivity, detector",A2-detector-c03-8-s1,5,detector,13.83,3,3.16,6,19.53,2,101,1,0
matched,"A2 sensitivity, detector",A2-detector-c03-8-s1,6,detector,13.76,3,3.49,6,19.89,15,99,1,0
matched,"A2 sensitivity, detector",A2-detector-c03-8-s1,7,detector,13.28,3,2.74,6,19.29,17,101,1,0
matched,"A2 sensitivity, detector",A2-detector-c03-8-s1,8,detector,14.18,3,3.95,6,20.21,2,98,1,0
matched,"A2 sensitivity, detector",A2-detector-c03-8-s1,9,detector,14.63,3,2.13,6,18.26,10,101,1,0
matched,"A2 sensitivity, detector",A2-detector-c03-8-s1,10,detector,15.00,3,3.98,6,20.00,1,98,1,0
matched,"A2 sensitivity, detector",A2-detector-c03-8-s1,11,detector,14.48,3,3.37,6,19.54,1,98,1,0
matched,"A2 sensitivity, detector",A2-detector-c03-8-s1,12,detector,14.44,3,3.08,6,19.27,2,100,1,0
matched,"A2 sensitivity, detector",A2-detector-c03-8-s1,13,detector,15.85,3,2.26,6,18.04,1,99,1,0
matched,"A2 sensitivity, detector",A2-detector-c03-8-s1,14,detector,14.27,3,3.56,6,19.80,2,99,1,0
matched,"A2 sensitivity, detector",A2-detector-c03-8-s1,15,detector,15.16,3,3.94,6,19.91,3,101,1,0
matched,"A2 sensitivity, detector",A2-detector-c03-8-s1,16,detector,14.56,3,3.57,6,19.72,1,100,1,0
matched,"A2 sensitivity, detector",A2-detector-c03-8-s1,17,detector,14.23,3,3.65,6,19.90,3,100,1,0
matched,"A2 sensitivity, detector",A2-detector-c03-8-s1,18,detector,14.31,3,3.18,6,19.41,2,100,1,0
matched,"A2 sensitivity, detector",A2-detector-c03-8-s1,19,detector,13.70,3,2.88,6,19.29,5,99,1,0
matched,"A2 sensitivity, detector",A2-detector-c03-8-s1,20,detector,14.46,3,3.99,6,20.17,2,101,1,0
matched,"A2 sensitivity, detector",A2-detector-c03-8-s1,21,detector,14.43,3,2.03,6,18.22,3,98,1,0
matched,"A2 sensitivity, detector",A2-detector-c03-8-s1,22,detector,14.64,3,2.46,6,18.59,3,99,1,0
matched,"A2 sensitivity, detector",A2-detector-c03-8-s1,23,detector,14.29,3,3.62,6,19.85,5,99,1,0
matched,"A2 sensitivity, detector",A2-detector-c03-8-s1,24,detector,14.42,3,3.75,6,19.94,2,99,1,0
matched,"A2 sensitivity, detector",A2-detector-c03-8-s1,25,detector,15.51,3,3.66,6,19.54,1,100,1,0
matched,"A2 sensitivity, detector",A2-detector-c03-8-s1,26,detector,13.57,3,3.45,6,19.91,2,99,1,0
matched,"A2 sensitivity, detector",A2-detector-c03-8-s1,27,detector,14.14,3,3.26,6,19.54,4,99,1,0
matched,"A2 sensitivity, detector",A2-detector-c03-8-s1,28,detector,14.16,3,3.82,6,20.09,6,99,1,0
matched,"A2 sensitivity, detector",A2-detector-c03-8-s1,29,detector,14.58,3,3.22,6,19.36,3,99,1,0
matched,"A2 sensitivity, detector",A2-detector-c03-8-s1,30,detector,14.33,3,2.20,6,18.42,1,100,1,0
matched,"A2 sensitivity, detector",A2-detector-c03-8-s1,31,detector,13.90,3,2.67,6,19.02,1,99,1,0
matched,"A2 sensitivity, detector",A2-detector-c03-9-s1,0,detector,15.78,3,4.17,7,19.97,1,97,1,0
matched,"A2 sensitivity, detector",A2-detector-c03-9-s1,1,detector,12.98,3,5.56,7,22.21,3,100,1,0
matched,"A2 sensitivity, detector",A2-detector-c03-9-s1,2,detector,15.50,3,4.55,7,20.43,3,101,1,0
matched,"A2 sensitivity, detector",A2-detector-c03-9-s1,3,detector,15.39,3,5.93,7,21.84,1,99,1,0
matched,"A2 sensitivity, detector",A2-detector-c03-9-s1,4,detector,13.92,3,4.32,7,20.67,2,101,1,0
matched,"A2 sensitivity, detector",A2-detector-c03-9-s1,5,detector,12.98,3,5.16,7,21.81,17,100,1,0
matched,"A2 sensitivity, detector",A2-detector-c03-9-s1,6,detector,15.19,3,4.67,7,20.64,2,100,1,0
matched,"A2 sensitivity, detector",A2-detector-c03-9-s1,7,detector,14.70,3,4.39,7,20.50,2,98,1,0
matched,"A2 sensitivity, detector",A2-detector-c03-9-s1,8,detector,15.21,3,5.82,7,21.78,1,102,1,0
matched,"A2 sensitivity, detector",A2-detector-c03-9-s1,9,detector,14.02,3,4.79,7,21.10,2,98,1,0
matched,"A2 sensitivity, detector",A2-detector-c03-9-s1,10,detector,13.35,3,5.89,7,22.42,2,104,1,0
matched,"A2 sensitivity, detector",A2-detector-c03-9-s1,11,detector,14.75,3,5.66,7,21.75,2,99,1,0
matched,"A2 sensitivity, detector",A2-detector-c03-9-s1,12,detector,14.21,3,4.23,7,20.49,3,99,1,0
matched,"A2 sensitivity, detector",A2-detector-c03-9-s1,13,detector,14.10,3,4.09,7,20.38,2,97,1,0
matched,"A2 sensitivity, detector",A2-detector-c03-9-s1,14,detector,14.16,3,5.04,7,21.31,2,102,1,0
matched,"A2 sensitivity, detector",A2-detector-c03-9-s1,15,detector,13.97,3,5.39,7,21.72,4,101,1,0
matched,"A2 sensitivity, detector",A2-detector-c03-9-s1,16,detector,14.63,3,4.50,7,20.63,3,99,1,0
matched,"A2 sensitivity, detector",A2-detector-c03-9-s1,17,detector,13.68,3,4.61,7,21.03,3,100,1,0
matched,"A2 sensitivity, detector",A2-detector-c03-9-s1,18,detector,15.20,3,4.39,7,20.35,2,98,1,0
matched,"A2 sensitivity, detector",A2-detector-c03-9-s1,19,detector,12.82,3,4.32,7,21.02,4,97,1,0
matched,"A2 sensitivity, detector",A2-detector-c03-9-s1,20,detector,12.88,3,4.33,7,21.01,1,98,1,0
matched,"A2 sensitivity, detector",A2-detector-c03-9-s1,21,detector,14.30,3,4.95,7,21.18,2,102,1,0
matched,"A2 sensitivity, detector",A2-detector-c03-9-s1,22,detector,13.16,3,4.67,7,21.26,6,100,1,0
matched,"A2 sensitivity, detector",A2-detector-c03-9-s1,23,detector,14.45,3,5.47,7,21.65,3,98,1,0
matched,"A2 sensitivity, detector",A2-detector-c03-9-s1,24,detector,13.27,3,5.74,7,22.29,2,105,1,0
matched,"A2 sensitivity, detector",A2-detector-c03-9-s1,25,detector,15.40,3,4.95,7,20.86,2,101,1,0
matched,"A2 sensitivity, detector",A2-detector-c03-9-s1,26,detector,14.18,3,4.00,7,20.26,2,101,1,0
matched,"A2 sensitivity, detector",A2-detector-c03-9-s1,27,detector,15.85,3,4.36,7,20.14,1,98,1,0
matched,"A2 sensitivity, detector",A2-detector-c03-9-s1,28,detector,14.86,3,4.99,7,21.05,2,100,1,0
matched,"A2 sensitivity, detector",A2-detector-c03-9-s1,29,detector,14.21,3,5.70,7,21.96,2,100,1,0
matched,"A2 sensitivity, detector",A2-detector-c03-9-s1,30,detector,13.98,3,5.83,7,22.16,2,105,1,0
matched,"A2 sensitivity, detector",A2-detector-c03-9-s1,31,detector,13.88,3,5.60,7,21.96,1,98,1,0
matched,"A2 sensitivity, detector",A2-detector-c03-10-s1,0,detector,13.25,3,4.76,7,21.32,2,99,1,0
matched,"A2 sensitivity, detector",A2-detector-c03-10-s1,1,detector,14.70,3,7.32,8,23.43,1,100,1,0
matched,"A2 sensitivity, detector",A2-detector-c03-10-s1,2,detector,13.77,3,5.08,7,21.47,1,99,1,0
matched,"A2 sensitivity, detector",A2-detector-c03-10-s1,3,detector,12.75,3,5.70,7,22.43,3,102,1,0
matched,"A2 sensitivity, detector",A2-detector-c03-10-s1,4,detector,12.90,3,4.86,7,21.54,2,99,1,0
matched,"A2 sensitivity, detector",A2-detector-c03-10-s1,5,detector,15.72,3,6.38,8,22.20,1,101,1,0
matched,"A2 sensitivity, detector",A2-detector-c03-10-s1,6,detector,14.29,3,7.78,8,24.01,1,99,1,0
matched,"A2 sensitivity, detector",A2-detector-c03-10-s1,7,detector,13.53,3,6.30,8,22.77,3,101,1,0
matched,"A2 sensitivity, detector",A2-detector-c03-10-s1,8,detector,13.40,3,7.63,8,24.14,1,101,1,0
matched,"A2 sensitivity, detector",A2-detector-c03-10-s1,9,detector,13.59,3,6.91,8,23.36,3,101,1,0
matched,"A2 sensitivity, detector",A2-detector-c03-10-s1,10,detector,14.54,3,4.32,7,20.48,2,100,1,0
matched,"A2 sensitivity, detector",A2-detector-c03-10-s1,11,detector,14.85,3,7.74,8,23.80,2,101,1,0
matched,"A2 sensitivity, detector",A2-detector-c03-10-s1,12,detector,12.75,3,7.80,8,24.53,2,98,1,0
matched,"A2 sensitivity, detector",A2-detector-c03-10-s1,13,detector,15.25,3,5.91,7,21.86,1,101,1,0
matched,"A2 sensitivity, detector",A2-detector-c03-10-s1,14,detector,13.93,3,4.27,7,20.61,14,100,1,0
matched,"A2 sensitivity, detector",A2-detector-c03-10-s1,15,detector,14.14,3,7.61,8,23.89,3,97,1,0
matched,"A2 sensitivity, detector",A2-detector-c03-10-s1,16,detector,14.95,3,6.44,8,22.48,2,99,1,0
matched,"A2 sensitivity, detector",A2-detector-c03-10-s1,17,detector,15.11,3,4.80,7,20.79,2,101,1,0
matched,"A2 sensitivity, detector",A2-detector-c03-10-s1,18,detector,14.48,3,5.82,7,21.99,2,101,1,0
matched,"A2 sensitivity, detector",A2-detector-c03-10-s1,19,detector,13.85,3,7.12,8,23.49,1,100,1,0
matched,"A2 sensitivity, detector",A2-detector-c03-10-s1,20,detector,12.93,3,5.96,7,22.63,2,98,1,0
matched,"A2 sensitivity, detector",A2-detector-c03-10-s1,21,detector,12.95,3,7.64,8,24.30,3,99,1,0
matched,"A2 sensitivity, detector",A2-detector-c03-10-s1,22,detector,12.79,3,6.09,8,22.80,2,100,1,0
matched,"A2 sensitivity, detector",A2-detector-c03-10-s1,23,detector,13.63,3,4.97,7,21.41,6,98,1,0
matched,"A2 sensitivity, detector",A2-detector-c03-10-s1,24,detector,15.82,3,5.51,7,21.30,2,102,1,0
matched,"A2 sensitivity, detector",A2-detector-c03-10-s1,25,detector,14.70,3,7.37,8,23.48,2,101,1,0
matched,"A2 sensitivity, detector",A2-detector-c03-10-s1,26,detector,13.26,3,5.92,7,22.48,2,99,1,0
matched,"A2 sensitivity, detector",A2-detector-c03-10-s1,27,detector,14.59,3,4.58,7,20.72,2,100,1,0
matched,"A2 sensitivity, detector",A2-detector-c03-10-s1,28,detector,15.70,3,5.11,7,20.93,2,100,1,0
matched,"A2 sensitivity, detector",A2-detector-c03-10-s1,29,detector,15.83,3,7.20,8,22.99,3,101,1,0
matched,"A2 sensitivity, detector",A2-detector-c03-10-s1,30,detector,14.51,3,6.24,8,22.40,4,99,1,0
matched,"A2 sensitivity, detector",A2-detector-c03-10-s1,31,detector,12.91,3,5.00,7,21.67,19,98,1,0
matched,"A2 sensitivity, detector",A2-detector-c03-11-s1,0,detector,14.58,3,7.13,8,23.27,2,99,1,0
matched,"A2 sensitivity, detector",A2-detector-c03-11-s1,1,detector,14.84,3,7.66,8,23.73,1,100,1,0
matched,"A2 sensitivity, detector",A2-detector-c03-11-s1,2,detector,14.25,3,6.29,8,22.53,3,98,1,0
matched,"A2 sensitivity, detector",A2-detector-c03-11-s1,3,detector,15.51,3,7.53,8,23.41,2,101,1,0
matched,"A2 sensitivity, detector",A2-detector-c03-11-s1,4,detector,14.32,3,7.66,8,23.88,2,99,1,0
matched,"A2 sensitivity, detector",A2-detector-c03-11-s1,5,detector,15.08,3,6.20,8,22.20,1,98,1,0
matched,"A2 sensitivity, detector",A2-detector-c03-11-s1,6,detector,15.53,3,6.15,8,22.02,1,101,1,0
matched,"A2 sensitivity, detector",A2-detector-c03-11-s1,7,detector,13.94,3,6.27,8,22.61,1,102,1,0
matched,"A2 sensitivity, detector",A2-detector-c03-11-s1,8,detector,14.89,3,7.11,8,23.16,2,105,1,0
matched,"A2 sensitivity, detector",A2-detector-c03-11-s1,9,detector,13.57,3,7.39,8,23.85,3,99,1,0
matched,"A2 sensitivity, detector",A2-detector-c03-11-s1,10,detector,15.32,3,6.93,8,22.86,2,103,1,0
matched,"A2 sensitivity, detector",A2-detector-c03-11-s1,11,detector,13.89,3,7.23,8,23.58,1,98,1,0
matched,"A2 sensitivity, detector",A2-detector-c03-11-s1,12,detector,14.07,3,6.17,8,22.47,2,99,1,0
matched,"A2 sensitivity, detector",A2-detector-c03-11-s1,13,detector,13.92,3,7.72,8,24.07,3,102,1,0
matched,"A2 sensitivity, detector",A2-detector-c03-11-s1,14,detector,15.53,3,7.00,8,22.87,1,100,1,0
matched,"A2 sensitivity, detector",A2-detector-c03-11-s1,15,detector,13.79,3,6.19,8,22.58,1,101,1,0
matched,"A2 sensitivity, detector",A2-detector-c03-11-s1,16,detector,12.86,3,7.81,8,24.50,4,98,1,0
matched,"A2 sensitivity, detector",A2-detector-c03-11-s1,17,detector,14.14,3,7.41,8,23.69,2,101,1,0
matched,"A2 sensitivity, detector",A2-detector-c03-11-s1,18,detector,13.48,3,7.88,8,24.36,4,97,1,0
matched,"A2 sensitivity, detector",A2-detector-c03-11-s1,19,detector,15.31,3,7.70,8,23.63,2,101,1,0
matched,"A2 sensitivity, detector",A2-detector-c03-11-s1,20,detector,13.98,3,6.37,8,22.70,2,104,1,0
matched,"A2 sensitivity, detector",A2-detector-c03-11-s1,21,detector,13.66,3,7.66,8,24.09,2,99,1,0
matched,"A2 sensitivity, detector",A2-detector-c03-11-s1,22,detector,14.42,3,6.57,8,22.76,2,99,1,0
matched,"A2 sensitivity, detector",A2-detector-c03-11-s1,23,detector,12.84,3,6.10,8,22.80,1,100,1,0
matched,"A2 sensitivity, detector",A2-detector-c03-11-s1,24,detector,12.70,3,7.01,8,23.75,2,101,1,0
matched,"A2 sensitivity, detector",A2-detector-c03-11-s1,25,detector,14.16,3,7.06,8,23.33,2,99,1,0
matched,"A2 sensitivity, detector",A2-detector-c03-11-s1,26,detector,15.35,3,6.14,8,22.06,2,99,1,0
matched,"A2 sensitivity, detector",A2-detector-c03-11-s1,27,detector,14.05,3,6.62,8,22.92,3,101,1,0
matched,"A2 sensitivity, detector",A2-detector-c03-11-s1,28,detector,13.49,3,6.63,8,23.11,1,99,1,0
matched,"A2 sensitivity, detector",A2-detector-c03-11-s1,29,detector,13.57,3,7.82,8,24.28,1,101,1,0
matched,"A2 sensitivity, detector",A2-detector-c03-11-s1,30,detector,15.22,3,6.44,8,22.40,1,103,1,0
matched,"A2 sensitivity, detector",A2-detector-c03-11-s1,31,detector,12.71,3,7.77,8,24.51,4,101,1,0
matched,"A2 sensitivity, detector",A2-detector-c03-12-s1,0,detector,13.72,3,8.60,9,25.01,2,98,1,0
matched,"A2 sensitivity, detector",A2-detector-c03-12-s1,1,detector,15.60,3,8.76,9,24.61,2,97,1,0
matched,"A2 sensitivity, detector",A2-detector-c03-12-s1,2,detector,13.61,3,9.44,9,25.88,2,100,1,0
matched,"A2 sensitivity, detector",A2-detector-c03-12-s1,3,detector,15.84,3,9.19,9,24.97,1,102,1,0
matched,"A2 sensitivity, detector",A2-detector-c03-12-s1,4,detector,12.95,3,9.21,9,25.87,2,104,1,0
matched,"A2 sensitivity, detector",A2-detector-c03-12-s1,5,detector,14.05,3,9.72,9,26.02,2,99,1,0
matched,"A2 sensitivity, detector",A2-detector-c03-12-s1,6,detector,14.15,3,9.54,9,25.81,1,99,1,0
matched,"A2 sensitivity, detector",A2-detector-c03-12-s1,7,detector,15.54,3,9.26,9,25.13,1,96,1,0
matched,"A2 sensitivity, detector",A2-detector-c03-12-s1,8,detector,15.67,3,8.99,9,24.82,1,101,1,0
matched,"A2 sensitivity, detector",A2-detector-c03-12-s1,9,detector,14.52,3,9.19,9,25.35,2,101,1,0
matched,"A2 sensitivity, detector",A2-detector-c03-12-s1,10,detector,13.66,3,8.88,9,25.31,3,105,1,0
matched,"A2 sensitivity, detector",A2-detector-c03-12-s1,11,detector,13.06,3,9.09,9,25.71,3,99,1,0
matched,"A2 sensitivity, detector",A2-detector-c03-12-s1,12,detector,15.10,3,9.61,9,25.60,2,100,1,0
matched,"A2 sensitivity, detector",A2-detector-c03-12-s1,13,detector,14.44,3,8.80,9,24.99,2,98,1,0
matched,"A2 sensitivity, detector",A2-detector-c03-12-s1,14,detector,14.85,3,9.51,9,25.57,1,100,1,0
matched,"A2 sensitivity, detector",A2-detector-c03-12-s1,15,detector,14.39,3,9.55,9,25.75,3,101,1,0
matched,"A2 sensitivity, detector",A2-detector-c03-12-s1,16,detector,14.68,3,8.91,9,25.02,1,100,1,0
matched,"A2 sensitivity, detector",A2-detector-c03-12-s1,17,detector,15.77,3,8.80,9,24.60,2,100,1,0
matched,"A2 sensitivity, detector",A2-detector-c03-12-s1,18,detector,15.46,3,9.27,9,25.16,3,98,1,0
matched,"A2 sensitivity, detector",A2-detector-c03-12-s1,19,detector,13.82,3,8.73,9,25.11,2,99,1,0
matched,"A2 sensitivity, detector",A2-detector-c03-12-s1,20,detector,12.76,3,9.05,9,25.77,2,98,1,0
matched,"A2 sensitivity, detector",A2-detector-c03-12-s1,21,detector,13.58,3,9.33,9,25.78,2,100,1,0
matched,"A2 sensitivity, detector",A2-detector-c03-12-s1,22,detector,12.75,3,9.49,9,26.22,2,98,1,0
matched,"A2 sensitivity, detector",A2-detector-c03-12-s1,23,detector,13.08,3,8.45,9,25.07,3,99,1,0
matched,"A2 sensitivity, detector",A2-detector-c03-12-s1,24,detector,13.32,3,9.12,9,25.66,3,99,1,0
matched,"A2 sensitivity, detector",A2-detector-c03-12-s1,25,detector,14.21,3,8.23,9,24.49,2,98,1,0
matched,"A2 sensitivity, detector",A2-detector-c03-12-s1,26,detector,13.62,3,9.98,9,26.42,1,101,1,0
matched,"A2 sensitivity, detector",A2-detector-c03-12-s1,27,detector,15.63,3,8.41,9,24.25,2,97,1,0
matched,"A2 sensitivity, detector",A2-detector-c03-12-s1,28,detector,13.81,3,9.03,9,25.41,2,98,1,0
matched,"A2 sensitivity, detector",A2-detector-c03-12-s1,29,detector,13.00,3,9.38,9,26.02,10,96,1,0
matched,"A2 sensitivity, detector",A2-detector-c03-12-s1,30,detector,14.25,3,9.56,9,25.80,2,105,1,0
matched,"A2 sensitivity, detector",A2-detector-c03-12-s1,31,detector,14.55,3,8.02,9,24.17,3,101,1,0
matched,"A2 sensitivity, detector",A2-detector-c03-13-s1,0,detector,15.57,3,8.44,9,24.30,1,99,1,0
matched,"A2 sensitivity, detector",A2-detector-c03-13-s1,1,detector,13.48,3,10.39,10,26.87,2,100,1,0
matched,"A2 sensitivity, detector",A2-detector-c03-13-s1,2,detector,14.27,3,10.48,10,26.72,2,101,1,0
matched,"A2 sensitivity, detector",A2-detector-c03-13-s1,3,detector,15.29,3,11.03,10,26.97,2,100,1,0
matched,"A2 sensitivity, detector",A2-detector-c03-13-s1,4,detector,13.20,3,9.54,9,26.12,3,99,1,0
matched,"A2 sensitivity, detector",A2-detector-c03-13-s1,5,detector,13.60,3,10.71,10,27.16,5,99,1,0
matched,"A2 sensitivity, detector",A2-detector-c03-13-s1,6,detector,13.70,3,10.94,10,27.35,1,102,1,0
matched,"A2 sensitivity, detector",A2-detector-c03-13-s1,7,detector,13.75,3,11.79,10,28.19,2,99,1,0
matched,"A2 sensitivity, detector",A2-detector-c03-13-s1,8,detector,13.33,3,8.65,9,25.18,2,103,1,0
matched,"A2 sensitivity, detector",A2-detector-c03-13-s1,9,detector,15.70,3,8.51,9,24.33,2,101,1,0
matched,"A2 sensitivity, detector",A2-detector-c03-13-s1,10,detector,14.91,3,10.46,10,26.51,3,99,1,0
matched,"A2 sensitivity, detector",A2-detector-c03-13-s1,11,detector,15.35,3,8.76,9,24.68,1,100,1,0
matched,"A2 sensitivity, detector",A2-detector-c03-13-s1,12,detector,13.26,3,8.69,9,25.25,3,101,1,0
matched,"A2 sensitivity, detector",A2-detector-c03-13-s1,13,detector,12.86,3,8.29,9,24.98,5,102,1,0
matched,"A2 sensitivity, detector",A2-detector-c03-13-s1,14,detector,14.00,3,9.02,9,25.34,1,99,1,0
matched,"A2 sensitivity, detector",A2-detector-c03-13-s1,15,detector,15.39,3,11.10,10,27.01,3,101,1,0
matched,"A2 sensitivity, detector",A2-detector-c03-13-s1,16,detector,13.69,3,8.41,9,24.83,2,102,1,0
matched,"A2 sensitivity, detector",A2-detector-c03-13-s1,17,detector,15.35,3,10.86,10,26.78,2,101,1,0
matched,"A2 sensitivity, detector",A2-detector-c03-13-s1,18,detector,14.27,3,8.06,9,24.30,2,102,1,0
matched,"A2 sensitivity, detector",A2-detector-c03-13-s1,19,detector,14.08,3,9.92,9,26.22,1,99,1,0
matched,"A2 sensitivity, detector",A2-detector-c03-13-s1,20,detector,13.38,3,9.14,9,25.66,2,98,1,0
matched,"A2 sensitivity, detector",A2-detector-c03-13-s1,21,detector,13.99,3,10.86,10,27.18,1,99,1,0
matched,"A2 sensitivity, detector",A2-detector-c03-13-s1,22,detector,14.79,3,11.01,10,27.09,2,99,1,0
matched,"A2 sensitivity, detector",A2-detector-c03-13-s1,23,detector,15.41,3,9.07,9,24.97,1,100,1,0
matched,"A2 sensitivity, detector",A2-detector-c03-13-s1,24,detector,15.90,3,8.93,9,24.70,1,99,1,0
matched,"A2 sensitivity, detector",A2-detector-c03-13-s1,25,detector,14.85,3,11.81,10,27.87,2,102,1,0
matched,"A2 sensitivity, detector",A2-detector-c03-13-s1,26,detector,15.48,3,10.28,10,26.16,2,99,1,0
matched,"A2 sensitivity, detector",A2-detector-c03-13-s1,27,detector,12.93,3,10.46,10,27.13,2,99,1,0
matched,"A2 sensitivity, detector",A2-detector-c03-13-s1,28,detector,14.52,3,8.86,9,25.02,2,101,1,0
matched,"A2 sensitivity, detector",A2-detector-c03-13-s1,29,detector,13.66,3,8.16,9,24.59,2,98,1,0
matched,"A2 sensitivity, detector",A2-detector-c03-13-s1,30,detector,13.58,3,11.23,10,27.68,1,100,1,0
matched,"A2 sensitivity, detector",A2-detector-c03-13-s1,31,detector,15.07,3,10.71,10,26.71,2,101,1,0
matched,"A2 sensitivity, detector",A2-detector-c03-14-s1,0,detector,14.11,3,11.14,10,27.43,2,102,1,0
matched,"A2 sensitivity, detector",A2-detector-c03-14-s1,1,detector,14.79,3,11.98,10,28.06,2,100,1,0
matched,"A2 sensitivity, detector",A2-detector-c03-14-s1,2,detector,13.01,3,10.26,10,26.90,1,102,1,0
matched,"A2 sensitivity, detector",A2-detector-c03-14-s1,3,detector,13.49,3,10.35,10,26.83,3,100,1,0
matched,"A2 sensitivity, detector",A2-detector-c03-14-s1,4,detector,13.66,3,10.91,10,27.34,2,100,1,0
matched,"A2 sensitivity, detector",A2-detector-c03-14-s1,5,detector,14.19,3,10.95,10,27.21,1,98,1,0
matched,"A2 sensitivity, detector",A2-detector-c03-14-s1,6,detector,14.63,3,10.68,10,26.81,2,101,1,0
matched,"A2 sensitivity, detector",A2-detector-c03-14-s1,7,detector,13.41,3,10.26,10,26.77,4,100,1,0
matched,"A2 sensitivity, detector",A2-detector-c03-14-s1,8,detector,13.37,3,10.71,10,27.23,2,98,1,0
matched,"A2 sensitivity, detector",A2-detector-c03-14-s1,9,detector,13.68,3,11.20,10,27.62,2,96,1,0
matched,"A2 sensitivity, detector",A2-detector-c03-14-s1,10,detector,12.72,3,11.77,10,28.51,2,98,1,0
matched,"A2 sensitivity, detector",A2-detector-c03-14-s1,11,detector,12.95,3,11.27,10,27.93,2,102,1,0
matched,"A2 sensitivity, detector",A2-detector-c03-14-s1,12,detector,14.24,3,11.80,10,28.05,2,98,1,0
matched,"A2 sensitivity, detector",A2-detector-c03-14-s1,13,detector,14.28,3,11.45,10,27.68,2,96,1,0
matched,"A2 sensitivity, detector",A2-detector-c03-14-s1,14,detector,13.74,3,11.31,10,27.71,2,99,1,0
matched,"A2 sensitivity, detector",A2-detector-c03-14-s1,15,detector,15.67,3,10.73,10,26.56,1,96,1,0
matched,"A2 sensitivity, detector",A2-detector-c03-14-s1,16,detector,14.83,3,10.87,10,26.94,2,100,1,0
matched,"A2 sensitivity, detector",A2-detector-c03-14-s1,17,detector,13.29,3,11.93,10,28.48,19,100,1,0
matched,"A2 sensitivity, detector",A2-detector-c03-14-s1,18,detector,15.85,3,11.54,10,27.32,2,100,1,0
matched,"A2 sensitivity, detector",A2-detector-c03-14-s1,19,detector,13.48,3,11.97,10,28.45,1,99,1,0
matched,"A2 sensitivity, detector",A2-detector-c03-14-s1,20,detector,15.95,3,11.53,10,27.28,3,99,1,0
matched,"A2 sensitivity, detector",A2-detector-c03-14-s1,21,detector,15.01,3,10.70,10,26.72,2,98,1,0
matched,"A2 sensitivity, detector",A2-detector-c03-14-s1,22,detector,13.88,3,10.20,10,26.56,2,101,1,0
matched,"A2 sensitivity, detector",A2-detector-c03-14-s1,23,detector,15.28,3,10.94,10,26.88,1,97,1,0
matched,"A2 sensitivity, detector",A2-detector-c03-14-s1,24,detector,12.95,3,10.33,10,26.99,2,98,1,0
matched,"A2 sensitivity, detector",A2-detector-c03-14-s1,25,detector,12.97,3,11.31,10,27.96,2,97,1,0
matched,"A2 sensitivity, detector",A2-detector-c03-14-s1,26,detector,14.00,3,10.06,10,26.38,1,101,1,0
matched,"A2 sensitivity, detector",A2-detector-c03-14-s1,27,detector,14.40,3,11.21,10,27.41,2,100,1,0
matched,"A2 sensitivity, detector",A2-detector-c03-14-s1,28,detector,15.89,3,10.92,10,26.69,2,100,1,0
matched,"A2 sensitivity, detector",A2-detector-c03-14-s1,29,detector,14.74,3,11.17,10,27.27,2,100,1,0
matched,"A2 sensitivity, detector",A2-detector-c03-14-s1,30,detector,14.68,3,10.82,10,26.93,2,102,1,0
matched,"A2 sensitivity, detector",A2-detector-c03-14-s1,31,detector,15.55,3,10.74,10,26.60,1,99,1,0
matched,"A2 sensitivity, detector",A2-detector-c03-15-s1,0,detector,15.36,3,12.91,11,28.83,1,99,1,0
matched,"A2 sensitivity, detector",A2-detector-c03-15-s1,1,detector,13.94,3,12.54,11,28.88,2,100,1,0
matched,"A2 sensitivity, detector",A2-detector-c03-15-s1,2,detector,13.78,3,12.58,11,28.97,1,101,1,0
matched,"A2 sensitivity, detector",A2-detector-c03-15-s1,3,detector,13.36,3,12.85,11,29.37,2,102,1,0
matched,"A2 sensitivity, detector",A2-detector-c03-15-s1,4,detector,13.06,3,13.93,11,30.55,2,99,1,0
matched,"A2 sensitivity, detector",A2-detector-c03-15-s1,5,detector,15.47,3,13.56,11,29.45,1,99,1,0
matched,"A2 sensitivity, detector",A2-detector-c03-15-s1,6,detector,13.67,3,13.19,11,29.61,2,99,1,0
matched,"A2 sensitivity, detector",A2-detector-c03-15-s1,7,detector,13.80,3,12.23,11,28.61,2,101,1,0
matched,"A2 sensitivity, detector",A2-detector-c03-15-s1,8,detector,14.81,3,13.11,11,29.19,1,100,1,0
matched,"A2 sensitivity, detector",A2-detector-c03-15-s1,9,detector,12.69,3,12.28,11,29.03,2,98,1,0
matched,"A2 sensitivity, detector",A2-detector-c03-15-s1,10,detector,13.23,3,13.00,11,29.57,1,100,1,0
matched,"A2 sensitivity, detector",A2-detector-c03-15-s1,11,detector,15.43,3,13.52,11,29.42,2,104,1,0
matched,"A2 sensitivity, detector",A2-detector-c03-15-s1,12,detector,13.87,3,12.95,11,29.31,1,100,1,0
matched,"A2 sensitivity, detector",A2-detector-c03-15-s1,13,detector,15.49,3,13.17,11,29.05,1,100,1,0
matched,"A2 sensitivity, detector",A2-detector-c03-15-s1,14,detector,14.88,3,12.63,11,28.69,2,98,1,0
matched,"A2 sensitivity, detector",A2-detector-c03-15-s1,15,detector,13.29,3,12.48,11,29.03,1,102,1,0
matched,"A2 sensitivity, detector",A2-detector-c03-15-s1,16,detector,13.87,3,12.24,11,28.60,2,100,1,0
matched,"A2 sensitivity, detector",A2-detector-c03-15-s1,17,detector,14.94,3,13.12,11,29.16,2,99,1,0
matched,"A2 sensitivity, detector",A2-detector-c03-15-s1,18,detector,15.11,3,12.98,11,28.97,2,100,1,0
matched,"A2 sensitivity, detector",A2-detector-c03-15-s1,19,detector,12.80,3,12.08,11,28.79,2,100,1,0
matched,"A2 sensitivity, detector",A2-detector-c03-15-s1,20,detector,15.66,3,12.45,11,28.28,1,100,1,0
matched,"A2 sensitivity, detector",A2-detector-c03-15-s1,21,detector,13.24,3,13.45,11,30.01,4,100,1,0
matched,"A2 sensitivity, detector",A2-detector-c03-15-s1,22,detector,14.84,3,12.16,11,28.23,2,100,1,0
matched,"A2 sensitivity, detector",A2-detector-c03-15-s1,23,detector,12.94,3,13.98,11,30.64,2,101,1,0
matched,"A2 sensitivity, detector",A2-detector-c03-15-s1,24,detector,12.76,3,12.88,11,29.60,2,101,1,0
matched,"A2 sensitivity, detector",A2-detector-c03-15-s1,25,detector,12.71,3,13.57,11,30.31,2,98,1,0
matched,"A2 sensitivity, detector",A2-detector-c03-15-s1,26,detector,15.35,3,13.65,11,29.57,1,102,1,0
matched,"A2 sensitivity, detector",A2-detector-c03-15-s1,27,detector,13.33,3,13.19,11,29.72,2,101,1,0
matched,"A2 sensitivity, detector",A2-detector-c03-15-s1,28,detector,13.46,3,13.57,11,30.06,1,99,1,0
matched,"A2 sensitivity, detector",A2-detector-c03-15-s1,29,detector,15.23,3,13.32,11,29.27,2,99,1,0
matched,"A2 sensitivity, detector",A2-detector-c03-15-s1,30,detector,14.79,3,13.39,11,29.47,1,99,1,0
matched,"A2 sensitivity, detector",A2-detector-c03-15-s1,31,detector,14.72,3,12.53,11,28.63,1,100,1,0
matched,"A2 sensitivity, detector",A2-detector-c03-16-s1,0,detector,14.59,3,13.69,11,29.83,2,98,1,0
matched,"A2 sensitivity, detector",A2-detector-c03-16-s1,1,detector,13.81,3,12.96,11,29.34,2,100,1,0
matched,"A2 sensitivity, detector",A2-detector-c03-16-s1,2,detector,12.88,3,15.02,12,31.70,2,101,1,0
matched,"A2 sensitivity, detector",A2-detector-c03-16-s1,3,detector,15.32,3,13.80,11,29.73,2,101,1,0
matched,"A2 sensitivity, detector",A2-detector-c03-16-s1,4,detector,13.08,3,14.68,12,31.30,14,99,1,0
matched,"A2 sensitivity, detector",A2-detector-c03-16-s1,5,detector,14.32,3,12.46,11,28.68,1,99,1,0
matched,"A2 sensitivity, detector",A2-detector-c03-16-s1,6,detector,12.68,3,14.43,12,31.18,5,100,1,0
matched,"A2 sensitivity, detector",A2-detector-c03-16-s1,7,detector,12.81,3,14.21,12,30.92,2,100,1,0
matched,"A2 sensitivity, detector",A2-detector-c03-16-s1,8,detector,15.67,3,13.20,11,29.03,2,100,1,0
matched,"A2 sensitivity, detector",A2-detector-c03-16-s1,9,detector,14.88,3,14.09,12,30.15,2,99,1,0
matched,"A2 sensitivity, detector",A2-detector-c03-16-s1,10,detector,15.73,3,15.93,12,31.74,2,99,1,0
matched,"A2 sensitivity, detector",A2-detector-c03-16-s1,11,detector,14.25,3,15.50,12,31.74,2,99,1,0
matched,"A2 sensitivity, detector",A2-detector-c03-16-s1,12,detector,14.35,3,15.75,12,31.96,2,99,1,0
matched,"A2 sensitivity, detector",A2-detector-c03-16-s1,13,detector,15.77,3,13.86,11,29.66,2,101,1,0
matched,"A2 sensitivity, detector",A2-detector-c03-16-s1,14,detector,15.46,3,14.41,12,30.30,2,102,1,0
matched,"A2 sensitivity, detector",A2-detector-c03-16-s1,15,detector,12.87,3,12.32,11,29.01,1,99,1,0
matched,"A2 sensitivity, detector",A2-detector-c03-16-s1,16,detector,14.98,3,14.95,12,30.98,2,99,1,0
matched,"A2 sensitivity, detector",A2-detector-c03-16-s1,17,detector,13.94,3,15.00,12,31.34,2,102,1,0
matched,"A2 sensitivity, detector",A2-detector-c03-16-s1,18,detector,13.59,3,12.24,11,28.69,1,100,1,0
matched,"A2 sensitivity, detector",A2-detector-c03-16-s1,19,detector,15.18,3,15.89,12,31.86,2,101,1,0
matched,"A2 sensitivity, detector",A2-detector-c03-16-s1,20,detector,13.40,3,13.72,11,30.23,6,101,1,0
matched,"A2 sensitivity, detector",A2-detector-c03-16-s1,21,detector,12.93,3,15.95,12,32.62,5,100,1,0
matched,"A2 sensitivity, detector",A2-detector-c03-16-s1,22,detector,13.36,3,12.24,11,28.76,12,99,1,0
matched,"A2 sensitivity, detector",A2-detector-c03-16-s1,23,detector,13.59,3,15.09,12,31.54,3,99,1,0
matched,"A2 sensitivity, detector",A2-detector-c03-16-s1,24,detector,14.03,3,14.73,12,31.04,2,102,1,0
matched,"A2 sensitivity, detector",A2-detector-c03-16-s1,25,detector,14.56,3,12.43,11,28.58,3,98,1,0
matched,"A2 sensitivity, detector",A2-detector-c03-16-s1,26,detector,15.38,3,12.90,11,28.81,2,98,1,0
matched,"A2 sensitivity, detector",A2-detector-c03-16-s1,27,detector,13.10,3,12.88,11,29.49,2,98,1,0
matched,"A2 sensitivity, detector",A2-detector-c03-16-s1,28,detector,13.01,3,12.30,11,28.94,5,98,1,0
matched,"A2 sensitivity, detector",A2-detector-c03-16-s1,29,detector,13.16,3,12.07,11,28.66,4,101,1,0
matched,"A2 sensitivity, detector",A2-detector-c03-16-s1,30,detector,14.98,3,15.50,12,31.53,2,101,1,0
matched,"A2 sensitivity, detector",A2-detector-c03-16-s1,31,detector,12.82,3,12.72,11,29.42,2,101,1,0
matched,"A2 sensitivity, detector",A2-detector-c03-17-s1,0,detector,12.73,3,15.80,12,32.53,3,104,1,0
matched,"A2 sensitivity, detector",A2-detector-c03-17-s1,1,detector,14.92,3,14.10,12,30.14,2,100,1,0
matched,"A2 sensitivity, detector",A2-detector-c03-17-s1,2,detector,13.66,3,15.23,12,31.66,1,100,1,0
matched,"A2 sensitivity, detector",A2-detector-c03-17-s1,3,detector,15.18,3,15.74,12,31.71,2,99,1,0
matched,"A2 sensitivity, detector",A2-detector-c03-17-s1,4,detector,13.05,3,14.82,12,31.45,4,99,1,0
matched,"A2 sensitivity, detector",A2-detector-c03-17-s1,5,detector,13.30,3,15.17,12,31.71,2,105,1,0
matched,"A2 sensitivity, detector",A2-detector-c03-17-s1,6,detector,13.97,3,14.65,12,30.98,2,100,1,0
matched,"A2 sensitivity, detector",A2-detector-c03-17-s1,7,detector,13.60,3,14.89,12,31.34,2,100,1,0
matched,"A2 sensitivity, detector",A2-detector-c03-17-s1,8,detector,14.70,3,14.51,12,30.62,2,100,1,0
matched,"A2 sensitivity, detector",A2-detector-c03-17-s1,9,detector,13.47,3,14.47,12,30.96,3,100,1,0
matched,"A2 sensitivity, detector",A2-detector-c03-17-s1,10,detector,13.42,3,14.18,12,30.68,4,99,1,0
matched,"A2 sensitivity, detector",A2-detector-c03-17-s1,11,detector,15.24,3,14.62,12,30.57,2,101,1,0
matched,"A2 sensitivity, detector",A2-detector-c03-17-s1,12,detector,15.57,3,14.69,12,30.55,2,105,1,0
matched,"A2 sensitivity, detector",A2-detector-c03-17-s1,13,detector,12.73,3,15.58,12,32.31,4,101,1,0
matched,"A2 sensitivity, detector",A2-detector-c03-17-s1,14,detector,13.40,3,15.38,12,31.89,1,99,1,0
matched,"A2 sensitivity, detector",A2-detector-c03-17-s1,15,detector,15.49,3,14.12,12,30.00,1,101,1,0
matched,"A2 sensitivity, detector",A2-detector-c03-17-s1,16,detector,15.67,3,15.82,12,31.65,2,99,1,0
matched,"A2 sensitivity, detector",A2-detector-c03-17-s1,17,detector,14.94,3,14.67,12,30.71,1,102,1,0
matched,"A2 sensitivity, detector",A2-detector-c03-17-s1,18,detector,13.94,3,14.66,12,31.00,2,100,1,0
matched,"A2 sensitivity, detector",A2-detector-c03-17-s1,19,detector,12.81,3,14.83,12,31.54,2,100,1,0
matched,"A2 sensitivity, detector",A2-detector-c03-17-s1,20,detector,13.01,3,14.00,12,30.64,2,98,1,0
matched,"A2 sensitivity, detector",A2-detector-c03-17-s1,21,detector,14.97,3,14.44,12,30.47,1,102,1,0
matched,"A2 sensitivity, detector",A2-detector-c03-17-s1,22,detector,15.42,3,15.69,12,31.59,1,99,1,0
matched,"A2 sensitivity, detector",A2-detector-c03-17-s1,23,detector,15.69,3,14.62,12,30.45,2,100,1,0
matched,"A2 sensitivity, detector",A2-detector-c03-17-s1,24,detector,14.17,3,14.67,12,30.94,1,99,1,0
matched,"A2 sensitivity, detector",A2-detector-c03-17-s1,25,detector,14.31,3,15.77,12,32.00,1,100,1,0
matched,"A2 sensitivity, detector",A2-detector-c03-17-s1,26,detector,14.32,3,15.84,12,32.06,2,98,1,0
matched,"A2 sensitivity, detector",A2-detector-c03-17-s1,27,detector,12.74,3,15.67,12,32.40,3,103,1,0
matched,"A2 sensitivity, detector",A2-detector-c03-17-s1,28,detector,14.69,3,15.05,12,31.16,2,99,1,0
matched,"A2 sensitivity, detector",A2-detector-c03-17-s1,29,detector,15.84,3,14.44,12,30.22,2,99,1,0
matched,"A2 sensitivity, detector",A2-detector-c03-17-s1,30,detector,15.25,3,15.41,12,31.36,1,97,1,0
matched,"A2 sensitivity, detector",A2-detector-c03-17-s1,31,detector,13.66,3,15.45,12,31.88,1,97,1,0
matched,"A2 sensitivity, detector",A2-detector-c03-18-s1,0,detector,15.85,3,17.66,13,33.44,2,98,1,0
matched,"A2 sensitivity, detector",A2-detector-c03-18-s1,1,detector,14.84,3,16.33,13,32.40,2,101,1,0
matched,"A2 sensitivity, detector",A2-detector-c03-18-s1,2,detector,13.34,3,17.82,13,34.35,2,98,1,0
matched,"A2 sensitivity, detector",A2-detector-c03-18-s1,3,detector,15.31,3,16.91,13,32.84,1,98,1,0
matched,"A2 sensitivity, detector",A2-detector-c03-18-s1,4,detector,12.75,3,16.72,13,33.45,14,98,1,0
matched,"A2 sensitivity, detector",A2-detector-c03-18-s1,5,detector,13.72,3,16.77,13,33.18,1,101,1,0
matched,"A2 sensitivity, detector",A2-detector-c03-18-s1,6,detector,15.05,3,16.55,13,32.56,2,101,1,0
matched,"A2 sensitivity, detector",A2-detector-c03-18-s1,7,detector,15.79,3,16.07,13,31.87,2,98,1,0
matched,"A2 sensitivity, detector",A2-detector-c03-18-s1,8,detector,15.40,3,17.13,13,33.04,1,101,1,0
matched,"A2 sensitivity, detector",A2-detector-c03-18-s1,9,detector,15.59,3,16.14,13,31.99,1,100,1,0
matched,"A2 sensitivity, detector",A2-detector-c03-18-s1,10,detector,14.73,3,17.37,13,33.47,2,101,1,0
matched,"A2 sensitivity, detector",A2-detector-c03-18-s1,11,detector,15.95,3,17.48,13,33.23,2,100,1,0
matched,"A2 sensitivity, detector",A2-detector-c03-18-s1,12,detector,14.72,3,17.26,13,33.36,2,99,1,0
matched,"A2 sensitivity, detector",A2-detector-c03-18-s1,13,detector,15.70,3,17.45,13,33.27,1,97,1,0
matched,"A2 sensitivity, detector",A2-detector-c03-18-s1,14,detector,13.62,3,16.56,13,33.00,2,98,1,0
matched,"A2 sensitivity, detector",A2-detector-c03-18-s1,15,detector,13.40,3,17.26,13,33.77,2,99,1,0
matched,"A2 sensitivity, detector",A2-detector-c03-18-s1,16,detector,14.56,3,17.46,13,33.61,2,99,1,0
matched,"A2 sensitivity, detector",A2-detector-c03-18-s1,17,detector,13.96,3,17.44,13,33.77,1,98,1,0
matched,"A2 sensitivity, detector",A2-detector-c03-18-s1,18,detector,15.54,3,17.53,13,33.40,1,101,1,0
matched,"A2 sensitivity, detector",A2-detector-c03-18-s1,19,detector,13.37,3,16.54,13,33.06,3,97,1,0
matched,"A2 sensitivity, detector",A2-detector-c03-18-s1,20,detector,14.24,3,17.84,13,34.09,1,100,1,0
matched,"A2 sensitivity, detector",A2-detector-c03-18-s1,21,detector,15.25,3,16.79,13,32.74,1,96,1,0
matched,"A2 sensitivity, detector",A2-detector-c03-18-s1,22,detector,13.18,3,16.37,13,32.95,5,100,1,0
matched,"A2 sensitivity, detector",A2-detector-c03-18-s1,23,detector,14.48,3,17.58,13,33.75,2,102,1,0
matched,"A2 sensitivity, detector",A2-detector-c03-18-s1,24,detector,14.19,3,16.09,13,32.35,2,99,1,0
matched,"A2 sensitivity, detector",A2-detector-c03-18-s1,25,detector,14.56,3,16.15,13,32.30,2,101,1,0
matched,"A2 sensitivity, detector",A2-detector-c03-18-s1,26,detector,14.02,3,17.95,13,34.26,1,100,1,0
matched,"A2 sensitivity, detector",A2-detector-c03-18-s1,27,detector,14.41,3,17.52,13,33.71,1,98,1,0
matched,"A2 sensitivity, detector",A2-detector-c03-18-s1,28,detector,14.47,3,17.69,13,33.87,2,99,1,0
matched,"A2 sensitivity, detector",A2-detector-c03-18-s1,29,detector,13.90,3,16.27,13,32.62,1,100,1,0
matched,"A2 sensitivity, detector",A2-detector-c03-18-s1,30,detector,14.78,3,16.42,13,32.50,1,100,1,0
matched,"A2 sensitivity, detector",A2-detector-c03-18-s1,31,detector,13.64,3,17.42,13,33.85,2,98,1,0
matched,"A2 sensitivity, detector",A2-detector-c03-19-s1,0,detector,13.08,3,19.49,14,36.11,3,102,1,0
matched,"A2 sensitivity, detector",A2-detector-c03-19-s1,1,detector,14.67,3,16.68,13,32.80,1,99,1,0
matched,"A2 sensitivity, detector",A2-detector-c03-19-s1,2,detector,15.25,3,19.04,14,34.99,1,98,1,0
matched,"A2 sensitivity, detector",A2-detector-c03-19-s1,3,detector,14.30,3,19.28,14,35.51,1,99,1,0
matched,"A2 sensitivity, detector",A2-detector-c03-19-s1,4,detector,14.57,3,19.83,14,35.98,1,98,1,0
matched,"A2 sensitivity, detector",A2-detector-c03-19-s1,5,detector,13.56,3,16.13,13,32.59,2,100,1,0
matched,"A2 sensitivity, detector",A2-detector-c03-19-s1,6,detector,12.98,3,19.12,14,35.77,2,97,1,0
matched,"A2 sensitivity, detector",A2-detector-c03-19-s1,7,detector,13.95,3,18.89,14,35.23,1,99,1,0
matched,"A2 sensitivity, detector",A2-detector-c03-19-s1,8,detector,15.41,3,18.02,14,33.92,1,99,1,0
matched,"A2 sensitivity, detector",A2-detector-c03-19-s1,9,detector,15.34,3,18.93,14,34.85,2,98,1,0
matched,"A2 sensitivity, detector",A2-detector-c03-19-s1,10,detector,13.34,3,17.21,13,33.74,6,97,1,0
matched,"A2 sensitivity, detector",A2-detector-c03-19-s1,11,detector,13.62,3,16.00,13,32.44,1,101,1,0
matched,"A2 sensitivity, detector",A2-detector-c03-19-s1,12,detector,14.49,3,17.32,13,33.49,2,97,1,0
matched,"A2 sensitivity, detector",A2-detector-c03-19-s1,13,detector,12.87,3,17.44,13,34.13,2,99,1,0
matched,"A2 sensitivity, detector",A2-detector-c03-19-s1,14,detector,13.22,3,17.90,13,34.47,2,103,1,0
matched,"A2 sensitivity, detector",A2-detector-c03-19-s1,15,detector,14.95,3,18.95,14,34.99,1,99,1,0
matched,"A2 sensitivity, detector",A2-detector-c03-19-s1,16,detector,12.93,3,16.48,13,33.15,3,100,1,0
matched,"A2 sensitivity, detector",A2-detector-c03-19-s1,17,detector,13.12,3,18.74,14,35.34,2,100,1,0
matched,"A2 sensitivity, detector",A2-detector-c03-19-s1,18,detector,12.69,3,18.27,14,35.02,2,99,1,0
matched,"A2 sensitivity, detector",A2-detector-c03-19-s1,19,detector,15.66,3,16.28,13,32.11,2,98,1,0
matched,"A2 sensitivity, detector",A2-detector-c03-19-s1,20,detector,12.77,3,18.77,14,35.49,2,99,1,0
matched,"A2 sensitivity, detector",A2-detector-c03-19-s1,21,detector,14.87,3,19.80,14,35.86,2,99,1,0
matched,"A2 sensitivity, detector",A2-detector-c03-19-s1,22,detector,13.82,3,17.94,13,34.32,2,98,1,0
matched,"A2 sensitivity, detector",A2-detector-c03-19-s1,23,detector,14.97,3,16.91,13,32.94,2,97,1,0
matched,"A2 sensitivity, detector",A2-detector-c03-19-s1,24,detector,13.37,3,16.59,13,33.11,3,98,1,0
matched,"A2 sensitivity, detector",A2-detector-c03-19-s1,25,detector,15.93,3,17.30,13,33.06,2,100,1,0
matched,"A2 sensitivity, detector",A2-detector-c03-19-s1,26,detector,13.22,3,17.90,13,34.47,2,101,1,0
matched,"A2 sensitivity, detector",A2-detector-c03-19-s1,27,detector,14.39,3,19.17,14,35.37,2,99,1,0
matched,"A2 sensitivity, detector",A2-detector-c03-19-s1,28,detector,13.13,3,17.57,13,34.17,4,99,1,0
matched,"A2 sensitivity, detector",A2-detector-c03-19-s1,29,detector,14.03,3,16.64,13,32.95,1,98,1,0
matched,"A2 sensitivity, detector",A2-detector-c03-19-s1,30,detector,15.65,3,19.21,14,35.05,1,101,1,0
matched,"A2 sensitivity, detector",A2-detector-c03-19-s1,31,detector,13.22,3,19.61,14,36.18,1,100,1,0
matched,"A2 sensitivity, detector",A2-detector-c03-20-s1,0,detector,15.75,3,19.79,14,35.60,3,100,1,0
matched,"A2 sensitivity, detector",A2-detector-c03-20-s1,1,detector,15.55,3,19.18,14,35.04,3,100,1,0
matched,"A2 sensitivity, detector",A2-detector-c03-20-s1,2,detector,13.28,3,19.90,14,36.45,1,97,1,0
matched,"A2 sensitivity, detector",A2-detector-c03-20-s1,3,detector,13.89,3,19.40,14,35.75,2,101,1,0
matched,"A2 sensitivity, detector",A2-detector-c03-20-s1,4,detector,14.09,3,19.41,14,35.70,2,100,1,0
matched,"A2 sensitivity, detector",A2-detector-c03-20-s1,5,detector,14.19,3,18.03,14,34.29,2,99,1,0
matched,"A2 sensitivity, detector",A2-detector-c03-20-s1,6,detector,14.15,3,19.47,14,35.74,1,102,1,0
matched,"A2 sensitivity, detector",A2-detector-c03-20-s1,7,detector,14.35,3,19.03,14,35.24,3,100,1,0
matched,"A2 sensitivity, detector",A2-detector-c03-20-s1,8,detector,14.26,3,19.32,14,35.56,1,99,1,0
matched,"A2 sensitivity, detector",A2-detector-c03-20-s1,9,detector,14.21,3,19.81,14,36.07,2,101,1,0
matched,"A2 sensitivity, detector",A2-detector-c03-20-s1,10,detector,14.20,3,19.98,14,36.24,2,100,1,0
matched,"A2 sensitivity, detector",A2-detector-c03-20-s1,11,detector,13.06,3,19.66,14,36.28,1,100,1,0
matched,"A2 sensitivity, detector",A2-detector-c03-20-s1,12,detector,12.88,3,18.11,14,34.79,4,99,1,0
matched,"A2 sensitivity, detector",A2-detector-c03-20-s1,13,detector,15.18,3,18.92,14,34.89,2,100,1,0
matched,"A2 sensitivity, detector",A2-detector-c03-20-s1,14,detector,15.26,3,19.81,14,35.76,2,99,1,0
matched,"A2 sensitivity, detector",A2-detector-c03-20-s1,15,detector,15.90,3,19.24,14,35.01,2,102,1,0
matched,"A2 sensitivity, detector",A2-detector-c03-20-s1,16,detector,13.10,3,18.05,14,34.66,2,101,1,0
matched,"A2 sensitivity, detector",A2-detector-c03-20-s1,17,detector,14.32,3,19.96,14,36.18,2,101,1,0
matched,"A2 sensitivity, detector",A2-detector-c03-20-s1,18,detector,15.31,3,19.87,14,35.80,3,101,1,0
matched,"A2 sensitivity, detector",A2-detector-c03-20-s1,19,detector,14.00,3,19.38,14,35.70,2,99,1,0
matched,"A2 sensitivity, detector",A2-detector-c03-20-s1,20,detector,13.41,3,19.99,14,36.50,3,100,1,0
matched,"A2 sensitivity, detector",A2-detector-c03-20-s1,21,detector,15.62,3,19.75,14,35.59,1,104,1,0
matched,"A2 sensitivity, detector",A2-detector-c03-20-s1,22,detector,14.26,3,19.29,14,35.53,3,98,1,0
matched,"A2 sensitivity, detector",A2-detector-c03-20-s1,23,detector,13.98,3,18.07,14,34.40,2,99,1,0
matched,"A2 sensitivity, detector",A2-detector-c03-20-s1,24,detector,15.96,3,19.78,14,35.53,2,101,1,0
matched,"A2 sensitivity, detector",A2-detector-c03-20-s1,25,detector,15.20,3,19.43,14,35.39,2,99,1,0
matched,"A2 sensitivity, detector",A2-detector-c03-20-s1,26,detector,13.16,3,18.03,14,34.62,2,97,1,0
matched,"A2 sensitivity, detector",A2-detector-c03-20-s1,27,detector,14.50,3,18.89,14,35.06,1,102,1,0
matched,"A2 sensitivity, detector",A2-detector-c03-20-s1,28,detector,13.96,3,19.15,14,35.48,2,101,1,0
matched,"A2 sensitivity, detector",A2-detector-c03-20-s1,29,detector,15.29,3,18.88,14,34.82,2,103,1,0
matched,"A2 sensitivity, detector",A2-detector-c03-20-s1,30,detector,14.10,3,19.84,14,36.13,3,100,1,0
matched,"A2 sensitivity, detector",A2-detector-c03-20-s1,31,detector,12.87,3,19.65,14,36.34,4,98,1,0
matched,"A2 sensitivity, detector",A2-detector-c04-0-s1,0,detector,16.59,4,-7.60,1,7.98,102,102,0,0
matched,"A2 sensitivity, detector",A2-detector-c04-0-s1,1,detector,17.91,4,-6.02,1,9.23,100,100,0,0
matched,"A2 sensitivity, detector",A2-detector-c04-0-s1,2,detector,17.05,4,-6.34,1,9.12,98,98,0,0
matched,"A2 sensitivity, detector",A2-detector-c04-0-s1,3,detector,17.48,4,-6.10,1,9.26,99,99,0,0
matched,"A2 sensitivity, detector",A2-detector-c04-0-s1,4,detector,16.18,4,-7.75,1,7.94,99,99,0,0
matched,"A2 sensitivity, detector",A2-detector-c04-0-s1,5,detector,19.19,4,-6.28,1,8.67,100,100,0,0
matched,"A2 sensitivity, detector",A2-detector-c04-0-s1,6,detector,17.69,4,-6.87,1,8.43,99,99,0,0
matched,"A2 sensitivity, detector",A2-detector-c04-0-s1,7,detector,19.44,4,-6.59,1,8.30,102,102,0,0
matched,"A2 sensitivity, detector",A2-detector-c04-0-s1,8,detector,17.45,4,-6.23,1,9.13,101,101,0,0
matched,"A2 sensitivity, detector",A2-detector-c04-0-s1,9,detector,18.64,4,-7.27,1,7.81,96,96,0,0
matched,"A2 sensitivity, detector",A2-detector-c04-0-s1,10,detector,18.16,4,-7.53,1,7.66,99,99,0,0
matched,"A2 sensitivity, detector",A2-detector-c04-0-s1,11,detector,17.19,4,-7.62,1,7.81,99,99,0,0
matched,"A2 sensitivity, detector",A2-detector-c04-0-s1,12,detector,18.28,4,-6.31,1,8.85,100,100,0,0
matched,"A2 sensitivity, detector",A2-detector-c04-0-s1,13,detector,17.20,4,-7.50,1,7.93,98,98,0,0
matched,"A2 sensitivity, detector",A2-detector-c04-0-s1,14,detector,18.94,4,-6.14,1,8.87,98,98,0,0
matched,"A2 sensitivity, detector",A2-detector-c04-0-s1,15,detector,18.09,4,-6.75,1,8.46,98,98,0,0
matched,"A2 sensitivity, detector",A2-detector-c04-0-s1,16,detector,18.37,4,-7.96,1,7.18,102,102,0,0
matched,"A2 sensitivity, detector",A2-detector-c04-0-s1,17,detector,16.71,4,-7.90,1,7.65,97,97,0,0
matched,"A2 sensitivity, detector",A2-detector-c04-0-s1,18,detector,17.25,4,-6.21,1,9.20,100,100,0,0
matched,"A2 sensitivity, detector",A2-detector-c04-0-s1,19,detector,17.63,4,-7.97,1,7.35,99,99,0,0
matched,"A2 sensitivity, detector",A2-detector-c04-0-s1,20,detector,17.07,4,-7.82,1,7.64,98,98,0,0
matched,"A2 sensitivity, detector",A2-detector-c04-0-s1,21,detector,16.81,4,-6.60,1,8.93,100,100,0,0
matched,"A2 sensitivity, detector",A2-detector-c04-0-s1,22,detector,17.88,4,-7.59,1,7.67,102,102,0,0
matched,"A2 sensitivity, detector",A2-detector-c04-0-s1,23,detector,16.02,4,-6.10,1,9.63,99,99,0,0
matched,"A2 sensitivity, detector",A2-detector-c04-0-s1,24,detector,16.93,4,-7.39,1,8.10,98,98,0,0
matched,"A2 sensitivity, detector",A2-detector-c04-0-s1,25,detector,19.10,4,-7.42,1,7.55,100,100,0,0
matched,"A2 sensitivity, detector",A2-detector-c04-0-s1,26,detector,17.74,4,-6.90,1,8.39,102,102,0,0
matched,"A2 sensitivity, detector",A2-detector-c04-0-s1,27,detector,16.01,4,-7.70,1,8.04,101,101,0,0
matched,"A2 sensitivity, detector",A2-detector-c04-0-s1,28,detector,19.84,4,-7.45,1,7.36,100,100,0,0
matched,"A2 sensitivity, detector",A2-detector-c04-0-s1,29,detector,19.08,4,-7.37,1,7.61,100,100,0,0
matched,"A2 sensitivity, detector",A2-detector-c04-0-s1,30,detector,15.99,4,-7.76,1,7.98,99,99,0,0
matched,"A2 sensitivity, detector",A2-detector-c04-0-s1,31,detector,17.60,4,-6.09,1,9.24,101,101,0,0
matched,"A2 sensitivity, detector",A2-detector-c04-1-s1,0,detector,16.41,4,-5.77,2,9.86,98,98,0,0
matched,"A2 sensitivity, detector",A2-detector-c04-1-s1,1,detector,17.88,4,-6.90,1,8.36,102,102,0,0
matched,"A2 sensitivity, detector",A2-detector-c04-1-s1,2,detector,19.73,4,-4.94,2,9.89,100,100,0,0
matched,"A2 sensitivity, detector",A2-detector-c04-1-s1,3,detector,16.43,4,-4.31,2,11.32,99,99,1,0
matched,"A2 sensitivity, detector",A2-detector-c04-1-s1,4,detector,16.49,4,-7.37,1,8.24,100,100,0,0
matched,"A2 sensitivity, detector",A2-detector-c04-1-s1,5,detector,19.77,4,-7.08,1,7.74,99,99,0,0
matched,"A2 sensitivity, detector",A2-detector-c04-1-s1,6,detector,18.21,4,-6.07,1,9.11,101,101,0,0
matched,"A2 sensitivity, detector",A2-detector-c04-1-s1,7,detector,19.31,4,-4.42,2,10.50,98,98,1,0
matched,"A2 sensitivity, detector",A2-detector-c04-1-s1,8,detector,19.19,4,-7.67,1,7.28,99,99,0,0
matched,"A2 sensitivity, detector",A2-detector-c04-1-s1,9,detector,18.70,4,-5.67,2,9.39,100,100,0,0
matched,"A2 sensitivity, detector",A2-detector-c04-1-s1,10,detector,18.97,4,-4.16,2,10.84,99,99,0,0
matched,"A2 sensitivity, detector",A2-detector-c04-1-s1,11,detector,19.57,4,-6.36,1,8.51,101,101,0,0
matched,"A2 sensitivity, detector",A2-detector-c04-1-s1,12,detector,19.72,4,-7.66,1,7.17,102,102,0,0
matched,"A2 sensitivity, detector",A2-detector-c04-1-s1,13,detector,19.57,4,-4.46,2,10.41,100,100,0,0
matched,"A2 sensitivity, detector",A2-detector-c04-1-s1,14,detector,19.63,4,-4.46,2,10.39,100,100,0,0
matched,"A2 sensitivity, detector",A2-detector-c04-1-s1,15,detector,16.33,4,-6.67,1,8.98,99,99,0,0
matched,"A2 sensitivity, detector",A2-detector-c04-1-s1,16,detector,16.19,4,-7.48,1,8.21,100,100,0,0
matched,"A2 sensitivity, detector",A2-detector-c04-1-s1,17,detector,17.12,4,-7.67,1,7.78,101,101,0,0
matched,"A2 sensitivity, detector",A2-detector-c04-1-s1,18,detector,16.01,4,-7.63,1,8.11,102,102,0,0
matched,"A2 sensitivity, detector",A2-detector-c04-1-s1,19,detector,20.04,4,-7.80,1,6.96,99,99,0,0
matched,"A2 sensitivity, detector",A2-detector-c04-1-s1,20,detector,17.48,4,-4.47,2,10.89,100,100,0,0
matched,"A2 sensitivity, detector",A2-detector-c04-1-s1,21,detector,19.08,4,-4.04,2,10.94,101,101,0,0
matched,"A2 sensitivity, detector",A2-detector-c04-1-s1,22,detector,17.27,4,-5.28,2,10.13,102,102,0,0
matched,"A2 sensitivity, detector",A2-detector-c04-1-s1,23,detector,18.48,4,-7.77,1,7.34,99,99,0,0
matched,"A2 sensitivity, detector",A2-detector-c04-1-s1,24,detector,19.80,4,-4.61,2,10.20,99,99,0,0
matched,"A2 sensitivity, detector",A2-detector-c04-1-s1,25,detector,18.19,4,-7.78,1,7.40,101,101,0,0
matched,"A2 sensitivity, detector",A2-detector-c04-1-s1,26,detector,19.97,4,-7.49,1,7.29,101,101,0,0
matched,"A2 sensitivity, detector",A2-detector-c04-1-s1,27,detector,17.02,4,-5.60,2,9.87,100,100,0,0
matched,"A2 sensitivity, detector",A2-detector-c04-1-s1,28,detector,17.48,4,-5.03,2,10.33,100,100,0,0
matched,"A2 sensitivity, detector",A2-detector-c04-1-s1,29,detector,18.66,4,-5.81,2,9.26,101,101,0,0
matched,"A2 sensitivity, detector",A2-detector-c04-1-s1,30,detector,17.31,4,-4.11,2,11.29,99,99,1,0
matched,"A2 sensitivity, detector",A2-detector-c04-1-s1,31,detector,16.40,4,-6.12,1,9.51,98,98,0,0
matched,"A2 sensitivity, detector",A2-detector-c04-2-s1,0,detector,17.45,4,-4.18,2,11.18,100,100,0,0
matched,"A2 sensitivity, detector",A2-detector-c04-2-s1,1,detector,19.46,4,-5.65,2,9.24,102,102,0,0
matched,"A2 sensitivity, detector",A2-detector-c04-2-s1,2,detector,19.62,4,-4.27,2,10.58,100,100,0,0
matched,"A2 sensitivity, detector",A2-detector-c04-2-s1,3,detector,17.50,4,-4.55,2,10.80,101,101,0,0
matched,"A2 sensitivity, detector",A2-detector-c04-2-s1,4,detector,16.23,4,-5.95,2,9.73,101,101,0,0
matched,"A2 sensitivity, detector",A2-detector-c04-2-s1,5,detector,19.56,4,-5.67,2,9.20,101,101,0,0
matched,"A2 sensitivity, detector",A2-detector-c04-2-s1,6,detector,19.44,4,-5.20,2,9.69,101,101,0,0
matched,"A2 sensitivity, detector",A2-detector-c04-2-s1,7,detector,17.16,4,-5.94,2,9.50,101,101,0,0
matched,"A2 sensitivity, detector",A2-detector-c04-2-s1,8,detector,18.51,4,-5.86,2,9.25,100,100,0,0
matched,"A2 sensitivity, detector",A2-detector-c04-2-s1,9,detector,16.27,4,-4.85,2,10.82,98,98,0,0
matched,"A2 sensitivity, detector",A2-detector-c04-2-s1,10,detector,18.40,4,-5.57,2,9.56,101,101,0,0
matched,"A2 sensitivity, detector",A2-detector-c04-2-s1,11,detector,17.18,4,-5.18,2,10.25,99,99,0,0
matched,"A2 sensitivity, detector",A2-detector-c04-2-s1,12,detector,18.49,4,-5.66,2,9.45,100,100,0,0
matched,"A2 sensitivity, detector",A2-detector-c04-2-s1,13,detector,19.02,4,-5.93,2,9.06,99,99,0,0
matched,"A2 sensitivity, detector",A2-detector-c04-2-s1,14,detector,19.03,4,-4.26,2,10.73,99,99,0,0
matched,"A2 sensitivity, detector",A2-detector-c04-2-s1,15,detector,19.27,4,-5.19,2,9.74,99,99,0,0
matched,"A2 sensitivity, detector",A2-detector-c04-2-s1,16,detector,19.96,4,-4.34,2,10.44,99,99,0,0
matched,"A2 sensitivity, detector",A2-detector-c04-2-s1,17,detector,16.42,4,-5.59,2,10.04,101,101,0,0
matched,"A2 sensitivity, detector",A2-detector-c04-2-s1,18,detector,19.77,4,-5.40,2,9.42,98,98,0,0
matched,"A2 sensitivity, detector",A2-detector-c04-2-s1,19,detector,17.00,4,-4.10,2,11.38,100,101,1,0
matched,"A2 sensitivity, detector",A2-detector-c04-2-s1,20,detector,17.39,4,-5.23,2,10.15,98,98,0,0
matched,"A2 sensitivity, detector",A2-detector-c04-2-s1,21,detector,18.02,4,-4.07,2,11.15,101,101,0,0
matched,"A2 sensitivity, detector",A2-detector-c04-2-s1,22,detector,18.04,4,-4.03,2,11.19,102,102,0,0
matched,"A2 sensitivity, detector",A2-detector-c04-2-s1,23,detector,16.88,4,-5.48,2,10.03,98,98,0,0
matched,"A2 sensitivity, detector",A2-detector-c04-2-s1,24,detector,18.21,4,-4.47,2,10.71,101,101,0,0
matched,"A2 sensitivity, detector",A2-detector-c04-2-s1,25,detector,18.57,4,-4.83,2,10.26,98,98,0,0
matched,"A2 sensitivity, detector",A2-detector-c04-2-s1,26,detector,19.46,4,-4.58,2,10.31,101,101,0,0
matched,"A2 sensitivity, detector",A2-detector-c04-2-s1,27,detector,19.55,4,-5.67,2,9.20,102,102,0,0
matched,"A2 sensitivity, detector",A2-detector-c04-2-s1,28,detector,17.53,4,-4.57,2,10.77,101,101,0,0
matched,"A2 sensitivity, detector",A2-detector-c04-2-s1,29,detector,18.46,4,-4.43,2,10.69,100,100,0,0
matched,"A2 sensitivity, detector",A2-detector-c04-2-s1,30,detector,19.60,4,-4.21,2,10.65,99,99,0,0
matched,"A2 sensitivity, detector",A2-detector-c04-2-s1,31,detector,16.56,4,-4.05,2,11.54,99,99,1,0
matched,"A2 sensitivity, detector",A2-detector-c04-3-s1,0,detector,16.93,4,-2.54,3,12.95,75,102,1,0
matched,"A2 sensitivity, detector",A2-detector-c04-3-s1,1,detector,16.44,4,-2.33,3,13.29,72,101,1,0
matched,"A2 sensitivity, detector",A2-detector-c04-3-s1,2,detector,17.71,4,-3.18,3,12.12,97,99,1,0
matched,"A2 sensitivity, detector",A2-detector-c04-3-s1,3,detector,19.57,4,-3.28,3,11.59,98,98,1,0
matched,"A2 sensitivity, detector",A2-detector-c04-3-s1,4,detector,16.17,4,-3.83,3,11.86,101,101,1,0
matched,"A2 sensitivity, detector",A2-detector-c04-3-s1,5,detector,17.15,4,-2.50,3,12.94,74,103,1,0
matched,"A2 sensitivity, detector",A2-detector-c04-3-s1,6,detector,17.03,4,-2.64,3,12.83,53,100,1,0
matched,"A2 sensitivity, detector",A2-detector-c04-3-s1,7,detector,19.17,4,-3.52,3,11.44,100,100,0,0
matched,"A2 sensitivity, detector",A2-detector-c04-3-s1,8,detector,19.68,4,-3.35,3,11.49,97,97,1,0
matched,"A2 sensitivity, detector",A2-detector-c04-3-s1,9,detector,17.57,4,-3.81,3,11.52,99,99,1,0
matched,"A2 sensitivity, detector",A2-detector-c04-3-s1,10,detector,17.15,4,-3.00,3,12.44,93,100,1,0
matched,"A2 sensitivity, detector",A2-detector-c04-3-s1,11,detector,18.96,4,-2.28,3,12.72,73,97,1,0
matched,"A2 sensitivity, detector",A2-detector-c04-3-s1,12,detector,20.01,4,-2.28,3,12.49,80,98,1,0
matched,"A2 sensitivity, detector",A2-detector-c04-3-s1,13,detector,19.53,4,-2.82,3,12.05,100,100,1,0
matched,"A2 sensitivity, detector",A2-detector-c04-3-s1,14,detector,17.03,4,-2.94,3,12.53,100,100,1,0
matched,"A2 sensitivity, detector",A2-detector-c04-3-s1,15,detector,18.16,4,-2.17,3,13.02,61,101,1,0
matched,"A2 sensitivity, detector",A2-detector-c04-3-s1,16,detector,19.67,4,-2.20,3,12.64,82,101,1,0
matched,"A2 sensitivity, detector",A2-detector-c04-3-s1,17,detector,17.43,4,-2.69,3,12.68,75,99,1,0
matched,"A2 sensitivity, detector",A2-detector-c04-3-s1,18,detector,18.01,4,-3.77,3,11.46,99,99,0,0
matched,"A2 sensitivity, detector",A2-detector-c04-3-s1,19,detector,16.10,4,-3.52,3,12.19,98,98,1,0
matched,"A2 sensitivity, detector",A2-detector-c04-3-s1,20,detector,17.89,4,-2.42,3,12.84,85,99,1,0
matched,"A2 sensitivity, detector",A2-detector-c04-3-s1,21,detector,19.81,4,-3.73,3,11.08,100,100,0,0
matched,"A2 sensitivity, detector",A2-detector-c04-3-s1,22,detector,17.28,4,-3.13,3,12.28,99,99,1,0
matched,"A2 sensitivity, detector",A2-detector-c04-3-s1,23,detector,19.17,4,-2.27,3,12.69,84,101,1,0
matched,"A2 sensitivity, detector",A2-detector-c04-3-s1,24,detector,16.85,4,-3.81,3,11.71,100,100,0,0
matched,"A2 sensitivity, detector",A2-detector-c04-3-s1,25,detector,19.28,4,-2.52,3,12.41,68,100,1,0
matched,"A2 sensitivity, detector",A2-detector-c04-3-s1,26,detector,18.55,4,-2.44,3,12.66,76,99,1,0
matched,"A2 sensitivity, detector",A2-detector-c04-3-s1,27,detector,16.92,4,-2.92,3,12.58,103,103,1,0
matched,"A2 sensitivity, detector",A2-detector-c04-3-s1,28,detector,17.41,4,-2.83,3,12.54,91,100,1,0
matched,"A2 sensitivity, detector",A2-detector-c04-3-s1,29,detector,16.15,4,-3.63,3,12.07,100,100,1,0
matched,"A2 sensitivity, detector",A2-detector-c04-3-s1,30,detector,17.53,4,-2.10,3,13.24,64,101,1,0
matched,"A2 sensitivity, detector",A2-detector-c04-3-s1,31,detector,17.48,4,-2.69,3,12.67,83,99,1,0
matched,"A2 sensitivity, detector",A2-detector-c04-4-s1,0,detector,19.29,4,-0.48,4,14.45,28,99,1,0
matched,"A2 sensitivity, detector",A2-detector-c04-4-s1,1,detector,19.31,4,-3.62,3,11.30,98,98,1,0
matched,"A2 sensitivity, detector",A2-detector-c04-4-s1,2,detector,16.82,4,-2.89,3,12.63,100,101,1,0
matched,"A2 sensitivity, detector",A2-detector-c04-4-s1,3,detector,19.03,4,-1.79,4,13.20,30,99,1,0
matched,"A2 sensitivity, detector",A2-detector-c04-4-s1,4,detector,16.67,4,-3.85,3,11.71,99,99,1,0
matched,"A2 sensitivity, detector",A2-detector-c04-4-s1,5,detector,17.13,4,-2.87,3,12.57,92,100,1,0
matched,"A2 sensitivity, detector",A2-detector-c04-4-s1,6,detector,17.12,4,-1.69,4,13.76,19,100,1,0
matched,"A2 sensitivity, detector",A2-detector-c04-4-s1,7,detector,16.62,4,-3.69,3,11.89,102,102,1,0
matched,"A2 sensitivity, detector",A2-detector-c04-4-s1,8,detector,16.20,4,-1.70,4,13.99,49,99,1,0
matched,"A2 sensitivity, detector",A2-detector-c04-4-s1,9,detector,16.95,4,-2.78,3,12.71,86,103,1,0
matched,"A2 sensitivity, detector",A2-detector-c04-4-s1,10,detector,16.07,4,-3.84,3,11.88,99,99,1,0
matched,"A2 sensitivity, detector",A2-detector-c04-4-s1,11,detector,16.18,4,-1.87,4,13.82,87,102,1,0
matched,"A2 sensitivity, detector",A2-detector-c04-4-s1,12,detector,16.99,4,-0.44,4,15.04,13,99,1,0
matched,"A2 sensitivity, detector",A2-detector-c04-4-s1,13,detector,18.25,4,-1.91,4,13.26,60,100,1,0
matched,"A2 sensitivity, detector",A2-detector-c04-4-s1,14,detector,19.25,4,-0.10,4,14.84,32,100,1,0
matched,"A2 sensitivity, detector",A2-detector-c04-4-s1,15,detector,17.30,4,-0.45,4,14.95,54,100,1,0
matched,"A2 sensitivity, detector",A2-detector-c04-4-s1,16,detector,17.86,4,-3.53,3,11.73,102,102,1,0
matched,"A2 sensitivity, detector",A2-detector-c04-4-s1,17,detector,18.80,4,-1.16,4,13.88,22,104,1,0
matched,"A2 sensitivity, detector",A2-detector-c04-4-s1,18,detector,16.80,4,-2.49,3,13.04,77,100,1,0
matched,"A2 sensitivity, detector",A2-detector-c04-4-s1,19,detector,16.96,4,-0.00,4,15.49,21,100,1,0
matched,"A2 sensitivity, detector",A2-detector-c04-4-s1,20,detector,18.64,4,-2.07,3,13.01,61,100,1,0
matched,"A2 sensitivity, detector",A2-detector-c04-4-s1,21,detector,17.02,4,-0.43,4,15.04,5,101,1,0
matched,"A2 sensitivity, detector",A2-detector-c04-4-s1,22,detector,17.32,4,-3.32,3,12.08,98,98,1,0
matched,"A2 sensitivity, detector",A2-detector-c04-4-s1,23,detector,18.19,4,-2.97,3,12.21,101,101,0,0
matched,"A2 sensitivity, detector",A2-detector-c04-4-s1,24,detector,19.28,4,-3.15,3,11.78,101,101,1,0
matched,"A2 sensitivity, detector",A2-detector-c04-4-s1,25,detector,18.89,4,-1.54,4,13.48,69,99,1,0
matched,"A2 sensitivity, detector",A2-detector-c04-4-s1,26,detector,19.60,4,-3.19,3,11.67,101,101,1,0
matched,"A2 sensitivity, detector",A2-detector-c04-4-s1,27,detector,17.79,4,-3.19,3,12.09,101,101,1,0
matched,"A2 sensitivity, detector",A2-detector-c04-4-s1,28,detector,16.50,4,-1.15,4,14.46,16,97,1,0
matched,"A2 sensitivity, detector",A2-detector-c04-4-s1,29,detector,19.65,4,-1.66,4,13.19,71,98,1,0
matched,"A2 sensitivity, detector",A2-detector-c04-4-s1,30,detector,17.54,4,-0.08,4,15.26,9,98,1,0
matched,"A2 sensitivity, detector",A2-detector-c04-4-s1,31,detector,16.01,4,-3.32,3,12.42,97,97,1,0
matched,"A2 sensitivity, detector",A2-detector-c04-5-s1,0,detector,18.12,4,-1.16,4,14.04,41,102,1,0
matched,"A2 sensitivity, detector",A2-detector-c04-5-s1,1,detector,18.18,4,-1.02,4,14.17,79,101,1,0
matched,"A2 sensitivity, detector",A2-detector-c04-5-s1,2,detector,18.48,4,-1.57,4,13.54,4,101,1,0
matched,"A2 sensitivity, detector",A2-detector-c04-5-s1,3,detector,17.43,4,-0.67,4,14.70,67,98,1,0
matched,"A2 sensitivity, detector",A2-detector-c04-5-s1,4,detector,16.53,4,-1.68,4,13.92,61,102,1,0
matched,"A2 sensitivity, detector",A2-detector-c04-5-s1,5,detector,20.07,4,-0.73,4,14.03,11,98,1,0
matched,"A2 sensitivity, detector",A2-detector-c04-5-s1,6,detector,18.40,4,-0.04,4,15.09,5,102,1,0
matched,"A2 sensitivity, detector",A2-detector-c04-5-s1,7,detector,16.97,4,-0.32,4,15.16,53,101,1,0
matched,"A2 sensitivity, detector",A2-detector-c04-5-s1,8,detector,17.88,4,-1.65,4,13.61,61,99,1,0
matched,"A2 sensitivity, detector",A2-detector-c04-5-s1,9,detector,16.59,4,-0.28,4,15.30,42,98,1,0
matched,"A2 sensitivity, detector",A2-detector-c04-5-s1,10,detector,16.03,4,-1.89,4,13.84,96,103,1,0
matched,"A2 sensitivity, detector",A2-detector-c04-5-s1,11,detector,19.31,4,-0.93,4,13.99,15,100,1,0
matched,"A2 sensitivity, detector",A2-detector-c04-5-s1,12,detector,17.82,4,-1.56,4,13.71,75,100,1,0
matched,"A2 sensitivity, detector",A2-detector-c04-5-s1,13,detector,19.30,4,-0.08,4,14.85,31,101,1,0
matched,"A2 sensitivity, detector",A2-detector-c04-5-s1,14,detector,19.11,4,-0.05,4,14.92,87,98,1,0
matched,"A2 sensitivity, detector",A2-detector-c04-5-s1,15,detector,16.06,4,-0.01,4,15.71,26,100,1,0
matched,"A2 sensitivity, detector",A2-detector-c04-5-s1,16,detector,18.88,4,-0.57,4,14.45,6,102,1,0
matched,"A2 sensitivity, detector",A2-detector-c04-5-s1,17,detector,19.63,4,-1.11,4,13.74,37,98,1,0
matched,"A2 sensitivity, detector",A2-detector-c04-5-s1,18,detector,18.14,4,-0.07,4,15.13,20,100,1,0
matched,"A2 sensitivity, detector",A2-detector-c04-5-s1,19,detector,18.83,4,-0.37,4,14.66,5,99,1,0
matched,"A2 sensitivity, detector",A2-detector-c04-5-s1,20,detector,16.59,4,-1.98,4,13.60,58,98,1,0
matched,"A2 sensitivity, detector",A2-detector-c04-5-s1,21,detector,16.40,4,-1.58,4,14.05,60,98,1,0
matched,"A2 sensitivity, detector",A2-detector-c04-5-s1,22,detector,18.27,4,-1.68,4,13.48,50,99,1,0
matched,"A2 sensitivity, detector",A2-detector-c04-5-s1,23,detector,17.87,4,-0.56,4,14.70,44,101,1,0
matched,"A2 sensitivity, detector",A2-detector-c04-5-s1,24,detector,16.39,4,-0.31,4,15.33,9,100,1,0
matched,"A2 sensitivity, detector",A2-detector-c04-5-s1,25,detector,19.64,4,-0.23,4,14.62,3,100,1,0
matched,"A2 sensitivity, detector",A2-detector-c04-5-s1,26,detector,18.11,4,-1.06,4,14.14,40,99,1,0
matched,"A2 sensitivity, detector",A2-detector-c04-5-s1,27,detector,17.64,4,-0.14,4,15.18,29,97,1,0
matched,"A2 sensitivity, detector",A2-detector-c04-5-s1,28,detector,19.35,4,-0.25,4,14.66,15,98,1,0
matched,"A2 sensitivity, detector",A2-detector-c04-5-s1,29,detector,19.83,4,-1.87,4,12.94,52,101,1,0
matched,"A2 sensitivity, detector",A2-detector-c04-5-s1,30,detector,17.37,4,-1.70,4,13.68,25,100,1,0
matched,"A2 sensitivity, detector",A2-detector-c04-5-s1,31,detector,16.09,4,-0.54,4,15.18,10,99,1,0
matched,"A2 sensitivity, detector",A2-detector-c04-6-s1,0,detector,17.45,4,1.34,5,16.70,3,99,1,0
matched,"A2 sensitivity, detector",A2-detector-c04-6-s1,1,detector,16.56,4,0.96,5,16.55,4,98,1,0
matched,"A2 sensitivity, detector",A2-detector-c04-6-s1,2,detector,18.57,4,1.47,5,16.56,4,98,1,0
matched,"A2 sensitivity, detector",A2-detector-c04-6-s1,3,detector,17.76,4,1.82,5,17.11,4,100,1,0
matched,"A2 sensitivity, detector",A2-detector-c04-6-s1,4,detector,16.78,4,0.52,5,16.05,19,98,1,0
matched,"A2 sensitivity, detector",A2-detector-c04-6-s1,5,detector,17.04,4,1.72,5,17.19,2,101,1,0
matched,"A2 sensitivity, detector",A2-detector-c04-6-s1,6,detector,17.12,4,1.19,5,16.64,4,101,1,0
matched,"A2 sensitivity, detector",A2-detector-c04-6-s1,7,detector,16.25,4,1.17,5,16.84,7,100,1,0
matched,"A2 sensitivity, detector",A2-detector-c04-6-s1,8,detector,16.32,4,0.43,5,16.08,8,100,1,0
matched,"A2 sensitivity, detector",A2-detector-c04-6-s1,9,detector,19.95,4,1.11,5,15.89,3,102,1,0
matched,"A2 sensitivity, detector",A2-detector-c04-6-s1,10,detector,16.24,4,1.51,5,17.19,2,99,1,0
matched,"A2 sensitivity, detector",A2-detector-c04-6-s1,11,detector,16.60,4,0.10,5,15.68,1,99,1,0
matched,"A2 sensitivity, detector",A2-detector-c04-6-s1,12,detector,20.03,4,0.21,5,14.97,3,101,1,0
matched,"A2 sensitivity, detector",A2-detector-c04-6-s1,13,detector,19.11,4,0.03,5,15.00,14,101,1,0
matched,"A2 sensitivity, detector",A2-detector-c04-6-s1,14,detector,17.28,4,1.10,5,16.51,2,100,1,0
matched,"A2 sensitivity, detector",A2-detector-c04-6-s1,15,detector,18.09,4,0.88,5,16.09,5,101,1,0
matched,"A2 sensitivity, detector",A2-detector-c04-6-s1,16,detector,19.52,4,1.22,5,16.10,2,101,1,0
matched,"A2 sensitivity, detector",A2-detector-c04-6-s1,17,detector,16.99,4,0.24,5,15.72,5,99,1,0
matched,"A2 sensitivity, detector",A2-detector-c04-6-s1,18,detector,17.29,4,1.25,5,16.65,6,99,1,0
matched,"A2 sensitivity, detector",A2-detector-c04-6-s1,19,detector,18.54,4,0.28,5,15.38,6,101,1,0
matched,"A2 sensitivity, detector",A2-detector-c04-6-s1,20,detector,18.55,4,1.92,5,17.02,3,99,1,0
matched,"A2 sensitivity, detector",A2-detector-c04-6-s1,21,detector,19.24,4,0.96,5,15.90,3,99,1,0
matched,"A2 sensitivity, detector",A2-detector-c04-6-s1,22,detector,16.10,4,1.40,5,17.11,3,100,1,0
matched,"A2 sensitivity, detector",A2-detector-c04-6-s1,23,detector,17.53,4,0.97,5,16.31,4,100,1,0
matched,"A2 sensitivity, detector",A2-detector-c04-6-s1,24,detector,16.05,4,1.15,5,16.88,14,100,1,0
matched,"A2 sensitivity, detector",A2-detector-c04-6-s1,25,detector,17.79,4,0.19,5,15.47,4,100,1,0
matched,"A2 sensitivity, detector",A2-detector-c04-6-s1,26,detector,18.27,4,1.68,5,16.84,2,101,1,0
matched,"A2 sensitivity, detector",A2-detector-c04-6-s1,27,detector,17.96,4,0.62,5,15.86,6,98,1,0
matched,"A2 sensitivity, detector",A2-detector-c04-6-s1,28,detector,20.01,4,0.14,5,14.91,30,99,1,0
matched,"A2 sensitivity, detector",A2-detector-c04-6-s1,29,detector,19.90,4,1.95,5,16.74,3,100,1,0
matched,"A2 sensitivity, detector",A2-detector-c04-6-s1,30,detector,17.77,4,0.26,5,15.54,37,99,1,0
matched,"A2 sensitivity, detector",A2-detector-c04-6-s1,31,detector,18.73,4,1.48,5,16.54,3,97,1,0
matched,"A2 sensitivity, detector",A2-detector-c04-7-s1,0,detector,19.83,4,2.68,6,17.49,2,98,1,0
matched,"A2 sensitivity, detector",A2-detector-c04-7-s1,1,detector,19.66,4,2.85,6,17.70,2,100,1,0
matched,"A2 sensitivity, detector",A2-detector-c04-7-s1,2,detector,17.52,4,1.80,5,17.15,5,99,1,0
matched,"A2 sensitivity, detector",A2-detector-c04-7-s1,3,detector,17.31,4,2.13,6,17.53,2,102,1,0
matched,"A2 sensitivity, detector",A2-detector-c04-7-s1,4,detector,18.15,4,3.79,6,18.98,2,99,1,0
matched,"A2 sensitivity, detector",A2-detector-c04-7-s1,5,detector,16.92,4,2.38,6,17.88,2,98,1,0
matched,"A2 sensitivity, detector",A2-detector-c04-7-s1,6,detector,19.46,4,2.51,6,17.40,13,104,1,0
matched,"A2 sensitivity, detector",A2-detector-c04-7-s1,7,detector,16.23,4,1.62,5,17.30,4,102,1,0
matched,"A2 sensitivity, detector",A2-detector-c04-7-s1,8,detector,16.88,4,1.16,5,16.67,16,102,1,0
matched,"A2 sensitivity, detector",A2-detector-c04-7-s1,9,detector,17.18,4,3.41,6,18.84,2,100,1,0
matched,"A2 sensitivity, detector",A2-detector-c04-7-s1,10,detector,17.51,4,3.91,6,19.26,2,99,1,0
matched,"A2 sensitivity, detector",A2-detector-c04-7-s1,11,detector,16.65,4,3.64,6,19.21,2,102,1,0
matched,"A2 sensitivity, detector",A2-detector-c04-7-s1,12,detector,16.12,4,3.27,6,18.98,2,99,1,0
matched,"A2 sensitivity, detector",A2-detector-c04-7-s1,13,detector,16.19,4,0.25,5,15.94,29,101,1,0
matched,"A2 sensitivity, detector",A2-detector-c04-7-s1,14,detector,18.05,4,1.64,5,16.86,4,101,1,0
matched,"A2 sensitivity, detector",A2-detector-c04-7-s1,15,detector,16.94,4,1.66,5,17.15,10,98,1,0
matched,"A2 sensitivity, detector",A2-detector-c04-7-s1,16,detector,16.38,4,0.78,5,16.42,13,97,1,0
matched,"A2 sensitivity, detector",A2-detector-c04-7-s1,17,detector,17.04,4,0.64,5,16.11,6,98,1,0
matched,"A2 sensitivity, detector",A2-detector-c04-7-s1,18,detector,17.71,4,1.34,5,16.64,3,102,1,0
matched,"A2 sensitivity, detector",A2-detector-c04-7-s1,19,detector,16.16,4,1.10,5,16.80,15,100,1,0
matched,"A2 sensitivity, detector",A2-detector-c04-7-s1,20,detector,19.16,4,0.96,5,15.92,3,100,1,0
matched,"A2 sensitivity, detector",A2-detector-c04-7-s1,21,detector,16.42,4,3.41,6,19.04,4,101,1,0
matched,"A2 sensitivity, detector",A2-detector-c04-7-s1,22,detector,17.29,4,2.89,6,18.29,3,101,1,0
matched,"A2 sensitivity, detector",A2-detector-c04-7-s1,23,detector,19.14,4,3.70,6,18.66,3,101,1,0
matched,"A2 sensitivity, detector",A2-detector-c04-7-s1,24,detector,16.51,4,1.40,5,17.00,4,102,1,0
matched,"A2 sensitivity, detector",A2-detector-c04-7-s1,25,detector,18.60,4,3.30,6,18.39,1,97,1,0
matched,"A2 sensitivity, detector",A2-detector-c04-7-s1,26,detector,18.41,4,3.51,6,18.64,2,101,1,0
matched,"A2 sensitivity, detector",A2-detector-c04-7-s1,27,detector,16.65,4,1.31,5,16.88,5,102,1,0
matched,"A2 sensitivity, detector",A2-detector-c04-7-s1,28,detector,19.72,4,3.91,6,18.74,2,100,1,0
matched,"A2 sensitivity, detector",A2-detector-c04-7-s1,29,detector,18.06,4,0.14,5,15.35,11,98,1,0
matched,"A2 sensitivity, detector",A2-detector-c04-7-s1,30,detector,17.32,4,1.84,5,17.24,3,98,1,0
matched,"A2 sensitivity, detector",A2-detector-c04-7-s1,31,detector,18.81,4,0.73,5,15.77,11,99,1,0
matched,"A2 sensitivity, detector",A2-detector-c04-8-s1,0,detector,16.82,4,3.25,6,18.77,3,99,1,0
matched,"A2 sensitivity, detector",A2-detector-c04-8-s1,1,detector,18.90,4,2.16,6,17.18,5,100,1,0
matched,"A2 sensitivity, detector",A2-detector-c04-8-s1,2,detector,16.81,4,3.54,6,19.07,2,98,1,0
matched,"A2 sensitivity, detector",A2-detector-c04-8-s1,3,detector,16.64,4,2.48,6,18.05,1,99,1,0
matched,"A2 sensitivity, detector",A2-detector-c04-8-s1,4,detector,17.59,4,2.37,6,17.70,3,104,1,0
matched,"A2 sensitivity, detector",A2-detector-c04-8-s1,5,detector,17.44,4,3.16,6,18.53,2,101,1,0
matched,"A2 sensitivity, detector",A2-detector-c04-8-s1,6,detector,19.15,4,3.18,6,18.14,21,100,1,0
matched,"A2 sensitivity, detector",A2-detector-c04-8-s1,7,detector,17.46,4,2.12,6,17.48,10,101,1,0
matched,"A2 sensitivity, detector",A2-detector-c04-8-s1,8,detector,20.04,4,2.18,6,16.94,2,101,1,0
matched,"A2 sensitivity, detector",A2-detector-c04-8-s1,9,detector,17.49,4,2.56,6,17.91,14,100,1,0
matched,"A2 sensitivity, detector",A2-detector-c04-8-s1,10,detector,18.94,4,3.48,6,18.49,3,101,1,0
matched,"A2 sensitivity, detector",A2-detector-c04-8-s1,11,detector,17.83,4,3.28,6,18.55,1,99,1,0
matched,"A2 sensitivity, detector",A2-detector-c04-8-s1,12,detector,17.14,4,2.37,6,17.81,2,101,1,0
matched,"A2 sensitivity, detector",A2-detector-c04-8-s1,13,detector,17.37,4,3.29,6,18.67,2,97,1,0
matched,"A2 sensitivity, detector",A2-detector-c04-8-s1,14,detector,18.89,4,3.91,6,18.93,4,99,1,0
matched,"A2 sensitivity, detector",A2-detector-c04-8-s1,15,detector,17.06,4,3.10,6,18.56,3,98,1,0
matched,"A2 sensitivity, detector",A2-detector-c04-8-s1,16,detector,16.97,4,3.10,6,18.58,2,101,1,0
matched,"A2 sensitivity, detector",A2-detector-c04-8-s1,17,detector,17.35,4,2.76,6,18.15,3,99,1,0
matched,"A2 sensitivity, detector",A2-detector-c04-8-s1,18,detector,18.22,4,3.42,6,18.60,1,100,1,0
matched,"A2 sensitivity, detector",A2-detector-c04-8-s1,19,detector,18.84,4,2.91,6,17.94,2,100,1,0
matched,"A2 sensitivity, detector",A2-detector-c04-8-s1,20,detector,17.16,4,2.31,6,17.75,2,99,1,0
matched,"A2 sensitivity, detector",A2-detector-c04-8-s1,21,detector,19.17,4,2.05,6,17.01,2,99,1,0
matched,"A2 sensitivity, detector",A2-detector-c04-8-s1,22,detector,17.64,4,2.02,6,17.34,4,98,1,0
matched,"A2 sensitivity, detector",A2-detector-c04-8-s1,23,detector,19.84,4,2.34,6,17.15,3,98,1,0
matched,"A2 sensitivity, detector",A2-detector-c04-8-s1,24,detector,20.04,4,2.46,6,17.22,5,98,1,0
matched,"A2 sensitivity, detector",A2-detector-c04-8-s1,25,detector,16.41,4,2.25,6,17.88,2,100,1,0
matched,"A2 sensitivity, detector",A2-detector-c04-8-s1,26,detector,18.35,4,2.53,6,17.68,1,105,1,0
matched,"A2 sensitivity, detector",A2-detector-c04-8-s1,27,detector,19.99,4,2.10,6,16.87,5,99,1,0
matched,"A2 sensitivity, detector",A2-detector-c04-8-s1,28,detector,17.19,4,2.57,6,18.00,1,97,1,0
matched,"A2 sensitivity, detector",A2-detector-c04-8-s1,29,detector,16.51,4,2.59,6,18.19,2,101,1,0
matched,"A2 sensitivity, detector",A2-detector-c04-8-s1,30,detector,17.21,4,2.65,6,18.07,3,99,1,0
matched,"A2 sensitivity, detector",A2-detector-c04-8-s1,31,detector,17.26,4,2.21,6,17.62,5,99,1,0
matched,"A2 sensitivity, detector",A2-detector-c04-9-s1,0,detector,18.58,4,4.85,7,19.94,3,99,1,0
matched,"A2 sensitivity, detector",A2-detector-c04-9-s1,1,detector,18.23,4,5.82,7,20.99,1,102,1,0
matched,"A2 sensitivity, detector",A2-detector-c04-9-s1,2,detector,16.30,4,5.38,7,21.04,3,99,1,0
matched,"A2 sensitivity, detector",A2-detector-c04-9-s1,3,detector,18.39,4,5.61,7,20.75,1,100,1,0
matched,"A2 sensitivity, detector",A2-detector-c04-9-s1,4,detector,18.88,4,5.22,7,20.24,2,95,1,0
matched,"A2 sensitivity, detector",A2-detector-c04-9-s1,5,detector,16.89,4,5.90,7,21.41,2,99,1,0
matched,"A2 sensitivity, detector",A2-detector-c04-9-s1,6,detector,16.04,4,4.68,7,20.41,3,100,1,0
matched,"A2 sensitivity, detector",A2-detector-c04-9-s1,7,detector,16.73,4,5.67,7,21.22,1,102,1,0
matched,"A2 sensitivity, detector",A2-detector-c04-9-s1,8,detector,18.33,4,5.90,7,21.05,3,101,1,0
matched,"A2 sensitivity, detector",A2-detector-c04-9-s1,9,detector,16.40,4,5.79,7,21.42,3,99,1,0
matched,"A2 sensitivity, detector",A2-detector-c04-9-s1,10,detector,19.40,4,5.62,7,20.52,2,101,1,0
matched,"A2 sensitivity, detector",A2-detector-c04-9-s1,11,detector,18.79,4,5.37,7,20.41,3,99,1,0
matched,"A2 sensitivity, detector",A2-detector-c04-9-s1,12,detector,16.30,4,5.56,7,21.22,2,100,1,0
matched,"A2 sensitivity, detector",A2-detector-c04-9-s1,13,detector,19.58,4,5.49,7,20.35,3,100,1,0
matched,"A2 sensitivity, detector",A2-detector-c04-9-s1,14,detector,18.61,4,5.66,7,20.74,2,100,1,0
matched,"A2 sensitivity, detector",A2-detector-c04-9-s1,15,detector,17.09,4,4.69,7,20.14,8,99,1,0
matched,"A2 sensitivity, detector",A2-detector-c04-9-s1,16,detector,17.32,4,5.03,7,20.43,3,101,1,0
matched,"A2 sensitivity, detector",A2-detector-c04-9-s1,17,detector,19.62,4,4.27,7,19.12,3,99,1,0
matched,"A2 sensitivity, detector",A2-detector-c04-9-s1,18,detector,18.09,4,5.16,7,20.37,8,97,1,0
matched,"A2 sensitivity, detector",A2-detector-c04-9-s1,19,detector,17.35,4,5.01,7,20.40,1,100,1,0
matched,"A2 sensitivity, detector",A2-detector-c04-9-s1,20,detector,18.36,4,4.55,7,19.69,3,101,1,0
matched,"A2 sensitivity, detector",A2-detector-c04-9-s1,21,detector,18.85,4,4.96,7,19.99,9,97,1,0
matched,"A2 sensitivity, detector",A2-detector-c04-9-s1,22,detector,16.39,4,5.35,7,20.99,1,101,1,0
matched,"A2 sensitivity, detector",A2-detector-c04-9-s1,23,detector,17.60,4,4.60,7,19.93,2,100,1,0
matched,"A2 sensitivity, detector",A2-detector-c04-9-s1,24,detector,16.76,4,5.28,7,20.82,2,95,1,0
matched,"A2 sensitivity, detector",A2-detector-c04-9-s1,25,detector,19.65,4,4.20,7,19.05,2,98,1,0
matched,"A2 sensitivity, detector",A2-detector-c04-9-s1,26,detector,16.36,4,4.91,7,20.55,2,101,1,0
matched,"A2 sensitivity, detector",A2-detector-c04-9-s1,27,detector,16.82,4,4.47,7,19.99,2,101,1,0
matched,"A2 sensitivity, detector",A2-detector-c04-9-s1,28,detector,19.18,4,4.22,7,19.17,2,98,1,0
matched,"A2 sensitivity, detector",A2-detector-c04-9-s1,29,detector,18.52,4,4.54,7,19.65,2,98,1,0
matched,"A2 sensitivity, detector",A2-detector-c04-9-s1,30,detector,19.35,4,4.89,7,19.80,3,99,1,0
matched,"A2 sensitivity, detector",A2-detector-c04-9-s1,31,detector,18.74,4,4.11,7,19.16,1,100,1,0
matched,"A2 sensitivity, detector",A2-detector-c04-10-s1,0,detector,16.47,4,4.32,7,19.93,2,99,1,0
matched,"A2 sensitivity, detector",A2-detector-c04-10-s1,1,detector,18.44,4,7.97,8,23.09,5,100,1,0
matched,"A2 sensitivity, detector",A2-detector-c04-10-s1,2,detector,17.55,4,4.49,7,19.83,1,100,1,0
matched,"A2 sensitivity, detector",A2-detector-c04-10-s1,3,detector,17.97,4,7.71,8,22.95,2,100,1,0
matched,"A2 sensitivity, detector",A2-detector-c04-10-s1,4,detector,20.06,4,7.82,8,22.58,2,100,1,0
matched,"A2 sensitivity, detector",A2-detector-c04-10-s1,5,detector,17.94,4,7.39,8,22.63,3,100,1,0
matched,"A2 sensitivity, detector",A2-detector-c04-10-s1,6,detector,19.67,4,7.35,8,22.19,2,102,1,0
matched,"A2 sensitivity, detector",A2-detector-c04-10-s1,7,detector,19.56,4,4.06,7,18.93,2,98,1,0
matched,"A2 sensitivity, detector",A2-detector-c04-10-s1,8,detector,19.14,4,4.39,7,19.35,30,100,1,0
matched,"A2 sensitivity, detector",A2-detector-c04-10-s1,9,detector,16.71,4,4.24,7,19.79,2,102,1,0
matched,"A2 sensitivity, detector",A2-detector-c04-10-s1,10,detector,17.30,4,7.01,8,22.41,4,100,1,0
matched,"A2 sensitivity, detector",A2-detector-c04-10-s1,11,detector,19.00,4,6.97,8,21.96,3,99,1,0
matched,"A2 sensitivity, detector",A2-detector-c04-10-s1,12,detector,16.35,4,7.68,8,23.33,2,99,1,0
matched,"A2 sensitivity, detector",A2-detector-c04-10-s1,13,detector,20.09,4,4.38,7,19.13,3,100,1,0
matched,"A2 sensitivity, detector",A2-detector-c04-10-s1,14,detector,17.94,4,5.48,7,20.72,1,100,1,0
matched,"A2 sensitivity, detector",A2-detector-c04-10-s1,15,detector,16.31,4,7.39,8,23.05,4,99,1,0
matched,"A2 sensitivity, detector",A2-detector-c04-10-s1,16,detector,16.87,4,7.68,8,23.19,2,99,1,0
matched,"A2 sensitivity, detector",A2-detector-c04-10-s1,17,detector,16.05,4,6.33,8,22.06,2,99,1,0
matched,"A2 sensitivity, detector",A2-detector-c04-10-s1,18,detector,19.53,4,5.12,7,19.99,3,101,1,0
matched,"A2 sensitivity, detector",A2-detector-c04-10-s1,19,detector,18.62,4,4.01,7,19.09,2,97,1,0
matched,"A2 sensitivity, detector",A2-detector-c04-10-s1,20,detector,17.52,4,6.67,8,22.02,2,100,1,0
matched,"A2 sensitivity, detector",A2-detector-c04-10-s1,21,detector,16.24,4,6.48,8,22.16,2,101,1,0
matched,"A2 sensitivity, detector",A2-detector-c04-10-s1,22,detector,17.90,4,5.20,7,20.45,2,102,1,0
matched,"A2 sensitivity, detector",A2-detector-c04-10-s1,23,detector,17.52,4,5.52,7,20.87,1,104,1,0
matched,"A2 sensitivity, detector",A2-detector-c04-10-s1,24,detector,19.60,4,4.17,7,19.03,2,102,1,0
matched,"A2 sensitivity, detector",A2-detector-c04-10-s1,25,detector,19.64,4,4.86,7,19.71,3,102,1,0
matched,"A2 sensitivity, detector",A2-detector-c04-10-s1,26,detector,17.90,4,5.81,7,21.06,1,100,1,0
matched,"A2 sensitivity, detector",A2-detector-c04-10-s1,27,detector,19.92,4,7.67,8,22.46,3,100,1,0
matched,"A2 sensitivity, detector",A2-detector-c04-10-s1,28,detector,19.12,4,7.11,8,22.08,19,100,1,0
matched,"A2 sensitivity, detector",A2-detector-c04-10-s1,29,detector,19.46,4,5.91,7,20.80,2,102,1,0
matched,"A2 sensitivity, detector",A2-detector-c04-10-s1,30,detector,20.00,4,6.44,8,21.21,4,100,1,0
matched,"A2 sensitivity, detector",A2-detector-c04-10-s1,31,detector,18.20,4,4.57,7,19.75,3,101,1,0
matched,"A2 sensitivity, detector",A2-detector-c04-11-s1,0,detector,19.16,4,7.83,8,22.79,2,97,1,0
matched,"A2 sensitivity, detector",A2-detector-c04-11-s1,1,detector,17.09,4,6.96,8,22.41,2,101,1,0
matched,"A2 sensitivity, detector",A2-detector-c04-11-s1,2,detector,16.58,4,6.94,8,22.53,2,100,1,0
matched,"A2 sensitivity, detector",A2-detector-c04-11-s1,3,detector,16.02,4,7.00,8,22.73,3,99,1,0
matched,"A2 sensitivity, detector",A2-detector-c04-11-s1,4,detector,19.12,4,6.19,8,21.16,4,101,1,0
matched,"A2 sensitivity, detector",A2-detector-c04-11-s1,5,detector,19.49,4,7.31,8,22.19,1,98,1,0
matched,"A2 sensitivity, detector",A2-detector-c04-11-s1,6,detector,19.93,4,6.69,8,21.48,2,101,1,0
matched,"A2 sensitivity, detector",A2-detector-c04-11-s1,7,detector,15.96,4,7.60,8,23.35,1,98,1,0
matched,"A2 sensitivity, detector",A2-detector-c04-11-s1,8,detector,19.60,4,6.30,8,21.16,1,99,1,0
matched,"A2 sensitivity, detector",A2-detector-c04-11-s1,9,detector,16.11,4,6.43,8,22.14,1,101,1,0
matched,"A2 sensitivity, detector",A2-detector-c04-11-s1,10,detector,18.67,4,7.42,8,22.49,3,99,1,0
matched,"A2 sensitivity, detector",A2-detector-c04-11-s1,11,detector,16.38,4,6.19,8,21.83,1,101,1,0
matched,"A2 sensitivity, detector",A2-detector-c04-11-s1,12,detector,18.80,4,7.15,8,22.19,2,105,1,0
matched,"A2 sensitivity, detector",A2-detector-c04-11-s1,13,detector,18.76,4,6.74,8,21.79,2,101,1,0
matched,"A2 sensitivity, detector",A2-detector-c04-11-s1,14,detector,17.54,4,6.67,8,22.01,2,100,1,0
matched,"A2 sensitivity, detector",A2-detector-c04-11-s1,15,detector,17.90,4,6.70,8,21.95,3,100,1,0
matched,"A2 sensitivity, detector",A2-detector-c04-11-s1,16,detector,16.75,4,6.71,8,22.25,1,99,1,0
matched,"A2 sensitivity, detector",A2-detector-c04-11-s1,17,detector,17.89,4,6.78,8,22.04,1,99,1,0
matched,"A2 sensitivity, detector",A2-detector-c04-11-s1,18,detector,16.30,4,6.68,8,22.34,2,100,1,0
matched,"A2 sensitivity, detector",A2-detector-c04-11-s1,19,detector,17.24,4,7.76,8,23.18,1,97,1,0
matched,"A2 sensitivity, detector",A2-detector-c04-11-s1,20,detector,16.86,4,6.37,8,21.88,2,104,1,0
matched,"A2 sensitivity, detector",A2-detector-c04-11-s1,21,detector,18.54,4,6.94,8,22.04,2,99,1,0
matched,"A2 sensitivity, detector",A2-detector-c04-11-s1,22,detector,18.32,4,6.12,8,21.27,1,101,1,0
matched,"A2 sensitivity, detector",A2-detector-c04-11-s1,23,detector,19.23,4,6.30,8,21.24,4,101,1,0
matched,"A2 sensitivity, detector",A2-detector-c04-11-s1,24,detector,19.06,4,7.92,8,22.90,4,99,1,0
matched,"A2 sensitivity, detector",A2-detector-c04-11-s1,25,detector,16.25,4,6.49,8,22.16,2,103,1,0
matched,"A2 sensitivity, detector",A2-detector-c04-11-s1,26,detector,16.23,4,7.17,8,22.85,1,103,1,0
matched,"A2 sensitivity, detector",A2-detector-c04-11-s1,27,detector,19.56,4,6.97,8,21.84,1,101,1,0
matched,"A2 sensitivity, detector",A2-detector-c04-11-s1,28,detector,18.51,4,7.52,8,22.63,3,99,1,0
matched,"A2 sensitivity, detector",A2-detector-c04-11-s1,29,detector,16.57,4,6.58,8,22.17,2,100,1,0
matched,"A2 sensitivity, detector",A2-detector-c04-11-s1,30,detector,16.05,4,7.93,8,23.66,2,98,1,0
matched,"A2 sensitivity, detector",A2-detector-c04-11-s1,31,detector,18.40,4,7.44,8,22.57,2,99,1,0
matched,"A2 sensitivity, detector",A2-detector-c04-12-s1,0,detector,18.31,4,9.98,9,25.13,2,102,1,0
matched,"A2 sensitivity, detector",A2-detector-c04-12-s1,1,detector,16.93,4,8.53,9,24.02,3,102,1,0
matched,"A2 sensitivity, detector",A2-detector-c04-12-s1,2,detector,18.41,4,9.71,9,24.84,3,99,1,0
matched,"A2 sensitivity, detector",A2-detector-c04-12-s1,3,detector,16.49,4,9.29,9,24.90,2,100,1,0
matched,"A2 sensitivity, detector",A2-detector-c04-12-s1,4,detector,19.84,4,9.26,9,24.07,2,98,1,0
matched,"A2 sensitivity, detector",A2-detector-c04-12-s1,5,detector,16.92,4,9.06,9,24.56,1,101,1,0
matched,"A2 sensitivity, detector",A2-detector-c04-12-s1,6,detector,17.15,4,8.17,9,23.61,3,98,1,0
matched,"A2 sensitivity, detector",A2-detector-c04-12-s1,7,detector,18.80,4,8.83,9,23.87,3,100,1,0
matched,"A2 sensitivity, detector",A2-detector-c04-12-s1,8,detector,17.36,4,8.75,9,24.14,2,100,1,0
matched,"A2 sensitivity, detector",A2-detector-c04-12-s1,9,detector,16.03,4,8.12,9,23.85,1,99,1,0
matched,"A2 sensitivity, detector",A2-detector-c04-12-s1,10,detector,16.65,4,8.54,9,24.11,3,100,1,0
matched,"A2 sensitivity, detector",A2-detector-c04-12-s1,11,detector,17.46,4,9.70,9,25.06,1,101,1,0
matched,"A2 sensitivity, detector",A2-detector-c04-12-s1,12,detector,18.23,4,8.07,9,23.24,1,101,1,0
matched,"A2 sensitivity, detector",A2-detector-c04-12-s1,13,detector,17.86,4,8.93,9,24.19,3,96,1,0
matched,"A2 sensitivity, detector",A2-detector-c04-12-s1,14,detector,20.02,4,8.84,9,23.61,3,100,1,0
matched,"A2 sensitivity, detector",A2-detector-c04-12-s1,15,detector,17.28,4,8.66,9,24.07,3,99,1,0
matched,"A2 sensitivity, detector",A2-detector-c04-12-s1,16,detector,19.78,4,9.21,9,24.03,2,100,1,0
matched,"A2 sensitivity, detector",A2-detector-c04-12-s1,17,detector,16.79,4,9.31,9,24.84,1,98,1,0
matched,"A2 sensitivity, detector",A2-detector-c04-12-s1,18,detector,18.92,4,9.78,9,24.79,2,101,1,0
matched,"A2 sensitivity, detector",A2-detector-c04-12-s1,19,detector,16.83,4,8.79,9,24.31,2,100,1,0
matched,"A2 sensitivity, detector",A2-detector-c04-12-s1,20,detector,16.42,4,9.20,9,24.83,2,99,1,0
matched,"A2 sensitivity, detector",A2-detector-c04-12-s1,21,detector,20.00,4,8.05,9,22.82,2,99,1,0
matched,"A2 sensitivity, detector",A2-detector-c04-12-s1,22,detector,17.89,4,9.90,9,25.16,1,99,1,0
matched,"A2 sensitivity, detector",A2-detector-c04-12-s1,23,detector,20.07,4,9.23,9,23.99,2,99,1,0
matched,"A2 sensitivity, detector",A2-detector-c04-12-s1,24,detector,20.00,4,8.88,9,23.65,2,100,1,0
matched,"A2 sensitivity, detector",A2-detector-c04-12-s1,25,detector,20.02,4,9.99,9,24.76,2,101,1,0
matched,"A2 sensitivity, detector",A2-detector-c04-12-s1,26,detector,16.75,4,9.38,9,24.92,1,100,1,0
matched,"A2 sensitivity, detector",A2-detector-c04-12-s1,27,detector,16.15,4,8.58,9,24.28,1,101,1,0
matched,"A2 sensitivity, detector",A2-detector-c04-12-s1,28,detector,17.70,4,8.34,9,23.64,1,101,1,0
matched,"A2 sensitivity, detector",A2-detector-c04-12-s1,29,detector,16.48,4,8.08,9,23.69,2,100,1,0
matched,"A2 sensitivity, detector",A2-detector-c04-12-s1,30,detector,18.18,4,8.66,9,23.85,3,100,1,0
matched,"A2 sensitivity, detector",A2-detector-c04-12-s1,31,detector,19.14,4,9.04,9,24.00,2,100,1,0
matched,"A2 sensitivity, detector",A2-detector-c04-13-s1,0,detector,18.00,4,8.28,9,23.51,3,99,1,0
matched,"A2 sensitivity, detector",A2-detector-c04-13-s1,1,detector,16.91,4,11.69,10,27.19,3,101,1,0
matched,"A2 sensitivity, detector",A2-detector-c04-13-s1,2,detector,17.09,4,9.90,9,25.35,1,100,1,0
matched,"A2 sensitivity, detector",A2-detector-c04-13-s1,3,detector,18.21,4,8.13,9,23.31,2,98,1,0
matched,"A2 sensitivity, detector",A2-detector-c04-13-s1,4,detector,17.07,4,9.77,9,25.23,1,99,1,0
matched,"A2 sensitivity, detector",A2-detector-c04-13-s1,5,detector,16.29,4,9.92,9,25.58,1,98,1,0
matched,"A2 sensitivity, detector",A2-detector-c04-13-s1,6,detector,19.97,4,10.66,10,25.44,2,99,1,0
matched,"A2 sensitivity, detector",A2-detector-c04-13-s1,7,detector,18.97,4,8.35,9,23.35,1,101,1,0
matched,"A2 sensitivity, detector",A2-detector-c04-13-s1,8,detector,16.88,4,8.59,9,24.10,2,99,1,0
matched,"A2 sensitivity, detector",A2-detector-c04-13-s1,9,detector,16.32,4,10.01,10,25.66,2,98,1,0
matched,"A2 sensitivity, detector",A2-detector-c04-13-s1,10,detector,16.97,4,9.49,9,24.97,2,99,1,0
matched,"A2 sensitivity, detector",A2-detector-c04-13-s1,11,detector,18.18,4,10.02,10,25.21,2,101,1,0
matched,"A2 sensitivity, detector",A2-detector-c04-13-s1,12,detector,19.78,4,10.64,10,25.46,3,99,1,0
matched,"A2 sensitivity, detector",A2-detector-c04-13-s1,13,detector,16.27,4,11.61,10,27.28,1,100,1,0
matched,"A2 sensitivity, detector",A2-detector-c04-13-s1,14,detector,16.46,4,9.29,9,24.91,3,98,1,0
matched,"A2 sensitivity, detector",A2-detector-c04-13-s1,15,detector,16.35,4,10.46,10,26.11,1,100,1,0
matched,"A2 sensitivity, detector",A2-detector-c04-13-s1,16,detector,16.53,4,10.74,10,26.34,2,102,1,0
matched,"A2 sensitivity, detector",A2-detector-c04-13-s1,17,detector,19.92,4,11.22,10,26.01,1,103,1,0
matched,"A2 sensitivity, detector",A2-detector-c04-13-s1,18,detector,20.01,4,8.25,9,23.02,3,100,1,0
matched,"A2 sensitivity, detector",A2-detector-c04-13-s1,19,detector,18.87,4,11.78,10,26.80,1,101,1,0
matched,"A2 sensitivity, detector",A2-detector-c04-13-s1,20,detector,19.96,4,10.37,10,25.15,2,98,1,0
matched,"A2 sensitivity, detector",A2-detector-c04-13-s1,21,detector,19.23,4,8.30,9,23.24,3,101,1,0
matched,"A2 sensitivity, detector",A2-detector-c04-13-s1,22,detector,18.43,4,8.33,9,23.46,3,97,1,0
matched,"A2 sensitivity, detector",A2-detector-c04-13-s1,23,detector,18.50,4,11.75,10,26.86,3,100,1,0
matched,"A2 sensitivity, detector",A2-detector-c04-13-s1,24,detector,16.64,4,9.01,9,24.58,1,100,1,0
matched,"A2 sensitivity, detector",A2-detector-c04-13-s1,25,detector,19.20,4,9.41,9,24.36,2,100,1,0
matched,"A2 sensitivity, detector",A2-detector-c04-13-s1,26,detector,16.19,4,11.05,10,26.74,1,99,1,0
matched,"A2 sensitivity, detector",A2-detector-c04-13-s1,27,detector,19.52,4,11.38,10,26.26,2,101,1,0
matched,"A2 sensitivity, detector",A2-detector-c04-13-s1,28,detector,17.31,4,10.96,10,26.36,2,98,1,0
matched,"A2 sensitivity, detector",A2-detector-c04-13-s1,29,detector,16.07,4,11.58,10,27.30,2,99,1,0
matched,"A2 sensitivity, detector",A2-detector-c04-13-s1,30,detector,16.19,4,9.08,9,24.77,2,100,1,0
matched,"A2 sensitivity, detector",A2-detector-c04-13-s1,31,detector,19.92,4,8.26,9,23.05,3,98,1,0
matched,"A2 sensitivity, detector",A2-detector-c04-14-s1,0,detector,16.81,4,11.88,10,27.41,2,100,1,0
matched,"A2 sensitivity, detector",A2-detector-c04-14-s1,1,detector,16.74,4,10.66,10,26.20,2,98,1,0
matched,"A2 sensitivity, detector",A2-detector-c04-14-s1,2,detector,19.14,4,10.89,10,25.85,4,100,1,0
matched,"A2 sensitivity, detector",A2-detector-c04-14-s1,3,detector,16.09,4,10.64,10,26.36,3,102,1,0
matched,"A2 sensitivity, detector",A2-detector-c04-14-s1,4,detector,17.73,4,10.19,10,25.48,1,98,1,0
matched,"A2 sensitivity, detector",A2-detector-c04-14-s1,5,detector,17.92,4,11.20,10,26.45,3,97,1,0
matched,"A2 sensitivity, detector",A2-detector-c04-14-s1,6,detector,18.97,4,11.38,10,26.38,1,98,1,0
matched,"A2 sensitivity, detector",A2-detector-c04-14-s1,7,detector,16.99,4,11.67,10,27.15,3,100,1,0
matched,"A2 sensitivity, detector",A2-detector-c04-14-s1,8,detector,19.77,4,10.87,10,25.69,3,99,1,0
matched,"A2 sensitivity, detector",A2-detector-c04-14-s1,9,detector,18.51,4,10.46,10,25.57,3,100,1,0
matched,"A2 sensitivity, detector",A2-detector-c04-14-s1,10,detector,18.86,4,11.46,10,26.49,2,100,1,0
matched,"A2 sensitivity, detector",A2-detector-c04-14-s1,11,detector,18.74,4,10.53,10,25.58,3,99,1,0
matched,"A2 sensitivity, detector",A2-detector-c04-14-s1,12,detector,18.16,4,11.18,10,26.37,2,99,1,0
matched,"A2 sensitivity, detector",A2-detector-c04-14-s1,13,detector,19.59,4,10.56,10,25.42,2,96,1,0
matched,"A2 sensitivity, detector",A2-detector-c04-14-s1,14,detector,20.09,4,11.71,10,26.46,2,98,1,0
matched,"A2 sensitivity, detector",A2-detector-c04-14-s1,15,detector,19.88,4,11.51,10,26.31,2,97,1,0
matched,"A2 sensitivity, detector",A2-detector-c04-14-s1,16,detector,17.97,4,11.65,10,26.89,2,99,1,0
matched,"A2 sensitivity, detector",A2-detector-c04-14-s1,17,detector,16.57,4,10.22,10,25.81,2,98,1,0
matched,"A2 sensitivity, detector",A2-detector-c04-14-s1,18,detector,16.75,4,11.27,10,26.81,1,99,1,0
matched,"A2 sensitivity, detector",A2-detector-c04-14-s1,19,detector,19.60,4,11.35,10,26.21,2,101,1,0
matched,"A2 sensitivity, detector",A2-detector-c04-14-s1,20,detector,16.63,4,11.85,10,27.42,2,99,1,0
matched,"A2 sensitivity, detector",A2-detector-c04-14-s1,21,detector,16.04,4,11.98,10,27.71,2,100,1,0
matched,"A2 sensitivity, detector",A2-detector-c04-14-s1,22,detector,19.93,4,10.58,10,25.37,4,100,1,0
matched,"A2 sensitivity, detector",A2-detector-c04-14-s1,23,detector,19.20,4,11.19,10,26.14,4,100,1,0
matched,"A2 sensitivity, detector",A2-detector-c04-14-s1,24,detector,18.05,4,11.56,10,26.78,2,99,1,0
matched,"A2 sensitivity, detector",A2-detector-c04-14-s1,25,detector,17.86,4,10.16,10,25.42,2,102,1,0
matched,"A2 sensitivity, detector",A2-detector-c04-14-s1,26,detector,16.31,4,10.27,10,25.93,2,99,1,0
matched,"A2 sensitivity, detector",A2-detector-c04-14-s1,27,detector,18.28,4,10.88,10,26.04,2,99,1,0
matched,"A2 sensitivity, detector",A2-detector-c04-14-s1,28,detector,18.22,4,11.82,10,27.00,2,99,1,0
matched,"A2 sensitivity, detector",A2-detector-c04-14-s1,29,detector,15.97,4,11.47,10,27.22,1,102,1,0
matched,"A2 sensitivity, detector",A2-detector-c04-14-s1,30,detector,18.30,4,11.79,10,26.95,2,99,1,0
matched,"A2 sensitivity, detector",A2-detector-c04-14-s1,31,detector,16.21,4,10.68,10,26.36,1,100,1,0
matched,"A2 sensitivity, detector",A2-detector-c04-15-s1,0,detector,18.34,4,13.06,11,28.21,2,100,1,0
matched,"A2 sensitivity, detector",A2-detector-c04-15-s1,1,detector,17.43,4,13.87,11,29.24,2,99,1,0
matched,"A2 sensitivity, detector",A2-detector-c04-15-s1,2,detector,16.80,4,13.02,11,28.55,2,101,1,0
matched,"A2 sensitivity, detector",A2-detector-c04-15-s1,3,detector,17.36,4,13.83,11,29.22,2,100,1,0
matched,"A2 sensitivity, detector",A2-detector-c04-15-s1,4,detector,17.30,4,12.94,11,28.34,1,98,1,0
matched,"A2 sensitivity, detector",A2-detector-c04-15-s1,5,detector,18.70,4,12.26,11,27.32,2,98,1,0
matched,"A2 sensitivity, detector",A2-detector-c04-15-s1,6,detector,16.27,4,13.27,11,28.94,1,98,1,0
matched,"A2 sensitivity, detector",A2-detector-c04-15-s1,7,detector,18.78,4,13.45,11,28.49,3,100,1,0
matched,"A2 sensitivity, detector",A2-detector-c04-15-s1,8,detector,16.35,4,13.56,11,29.21,2,101,1,0
matched,"A2 sensitivity, detector",A2-detector-c04-15-s1,9,detector,19.87,4,13.66,11,28.46,1,102,1,0
matched,"A2 sensitivity, detector",A2-detector-c04-15-s1,10,detector,16.73,4,12.35,11,27.90,3,102,1,0
matched,"A2 sensitivity, detector",A2-detector-c04-15-s1,11,detector,19.33,4,12.28,11,27.20,1,101,1,0
matched,"A2 sensitivity, detector",A2-detector-c04-15-s1,12,detector,18.13,4,13.44,11,28.64,2,98,1,0
matched,"A2 sensitivity, detector",A2-detector-c04-15-s1,13,detector,19.84,4,12.09,11,26.90,3,99,1,0
matched,"A2 sensitivity, detector",A2-detector-c04-15-s1,14,detector,16.42,4,13.06,11,28.69,2,101,1,0
matched,"A2 sensitivity, detector",A2-detector-c04-15-s1,15,detector,19.23,4,13.98,11,28.92,3,97,1,0
matched,"A2 sensitivity, detector",A2-detector-c04-15-s1,16,detector,18.17,4,13.60,11,28.79,1,98,1,0
matched,"A2 sensitivity, detector",A2-detector-c04-15-s1,17,detector,18.09,4,13.04,11,28.25,2,98,1,0
matched,"A2 sensitivity, detector",A2-detector-c04-15-s1,18,detector,18.41,4,13.39,11,28.52,2,100,1,0
matched,"A2 sensitivity, detector",A2-detector-c04-15-s1,19,detector,18.37,4,13.75,11,28.89,2,100,1,0
matched,"A2 sensitivity, detector",A2-detector-c04-15-s1,20,detector,20.09,4,12.93,11,27.68,1,98,1,0
matched,"A2 sensitivity, detector",A2-detector-c04-15-s1,21,detector,17.56,4,12.91,11,28.25,1,100,1,0
matched,"A2 sensitivity, detector",A2-detector-c04-15-s1,22,detector,18.92,4,13.62,11,28.63,2,102,1,0
matched,"A2 sensitivity, detector",A2-detector-c04-15-s1,23,detector,18.82,4,12.64,11,27.68,3,101,1,0
matched,"A2 sensitivity, detector",A2-detector-c04-15-s1,24,detector,19.65,4,13.34,11,28.19,1,100,1,0
matched,"A2 sensitivity, detector",A2-detector-c04-15-s1,25,detector,16.62,4,12.62,11,28.20,3,101,1,0
matched,"A2 sensitivity, detector",A2-detector-c04-15-s1,26,detector,19.65,4,12.10,11,26.95,2,101,1,0
matched,"A2 sensitivity, detector",A2-detector-c04-15-s1,27,detector,16.45,4,12.27,11,27.89,1,99,1,0
matched,"A2 sensitivity, detector",A2-detector-c04-15-s1,28,detector,18.37,4,13.22,11,28.36,2,100,1,0
matched,"A2 sensitivity, detector",A2-detector-c04-15-s1,29,detector,16.50,4,12.62,11,28.23,1,100,1,0
matched,"A2 sensitivity, detector",A2-detector-c04-15-s1,30,detector,16.28,4,13.34,11,29.00,3,101,1,0
matched,"A2 sensitivity, detector",A2-detector-c04-15-s1,31,detector,16.71,4,13.77,11,29.32,2,98,1,0
matched,"A2 sensitivity, detector",A2-detector-c04-16-s1,0,detector,18.91,4,15.95,12,30.96,2,98,1,0
matched,"A2 sensitivity, detector",A2-detector-c04-16-s1,1,detector,18.47,4,15.69,12,30.81,2,101,1,0
matched,"A2 sensitivity, detector",A2-detector-c04-16-s1,2,detector,19.18,4,12.13,11,27.08,2,101,1,0
matched,"A2 sensitivity, detector",A2-detector-c04-16-s1,3,detector,16.14,4,13.44,11,29.14,1,101,1,0
matched,"A2 sensitivity, detector",A2-detector-c04-16-s1,4,detector,18.59,4,14.07,12,29.16,2,99,1,0
matched,"A2 sensitivity, detector",A2-detector-c04-16-s1,5,detector,20.02,4,14.83,12,29.60,4,100,1,0
matched,"A2 sensitivity, detector",A2-detector-c04-16-s1,6,detector,19.71,4,12.98,11,27.81,2,102,1,0
matched,"A2 sensitivity, detector",A2-detector-c04-16-s1,7,detector,19.92,4,14.83,12,29.62,3,100,1,0
matched,"A2 sensitivity, detector",A2-detector-c04-16-s1,8,detector,20.06,4,13.35,11,28.11,1,101,1,0
matched,"A2 sensitivity, detector",A2-detector-c04-16-s1,9,detector,18.65,4,13.20,11,28.27,3,99,1,0
matched,"A2 sensitivity, detector",A2-detector-c04-16-s1,10,detector,18.92,4,14.98,12,29.99,1,97,1,0
matched,"A2 sensitivity, detector",A2-detector-c04-16-s1,11,detector,17.31,4,15.27,12,30.67,2,101,1,0
matched,"A2 sensitivity, detector",A2-detector-c04-16-s1,12,detector,17.28,4,15.95,12,31.36,3,100,1,0
matched,"A2 sensitivity, detector",A2-detector-c04-16-s1,13,detector,19.66,4,12.99,11,27.84,3,99,1,0
matched,"A2 sensitivity, detector",A2-detector-c04-16-s1,14,detector,16.27,4,12.05,11,27.72,2,101,1,0
matched,"A2 sensitivity, detector",A2-detector-c04-16-s1,15,detector,16.55,4,12.66,11,28.25,1,101,1,0
matched,"A2 sensitivity, detector",A2-detector-c04-16-s1,16,detector,18.40,4,12.50,11,27.63,2,102,1,0
matched,"A2 sensitivity, detector",A2-detector-c04-16-s1,17,detector,16.31,4,14.45,12,30.11,2,102,1,0
matched,"A2 sensitivity, detector",A2-detector-c04-16-s1,18,detector,18.80,4,12.17,11,27.21,2,101,1,0
matched,"A2 sensitivity, detector",A2-detector-c04-16-s1,19,detector,17.60,4,13.45,11,28.78,1,100,1,0
matched,"A2 sensitivity, detector",A2-detector-c04-16-s1,20,detector,17.22,4,15.06,12,30.48,3,100,1,0
matched,"A2 sensitivity, detector",A2-detector-c04-16-s1,21,detector,16.92,4,15.82,12,31.32,3,98,1,0
matched,"A2 sensitivity, detector",A2-detector-c04-16-s1,22,detector,16.50,4,13.11,11,28.72,2,99,1,0
matched,"A2 sensitivity, detector",A2-detector-c04-16-s1,23,detector,18.64,4,13.80,11,28.88,2,101,1,0
matched,"A2 sensitivity, detector",A2-detector-c04-16-s1,24,detector,18.14,4,15.77,12,30.97,2,98,1,0
matched,"A2 sensitivity, detector",A2-detector-c04-16-s1,25,detector,18.29,4,13.15,11,28.31,2,99,1,0
matched,"A2 sensitivity, detector",A2-detector-c04-16-s1,26,detector,17.47,4,15.30,12,30.66,2,98,1,0
matched,"A2 sensitivity, detector",A2-detector-c04-16-s1,27,detector,19.49,4,15.35,12,30.23,2,100,1,0
matched,"A2 sensitivity, detector",A2-detector-c04-16-s1,28,detector,16.21,4,14.53,12,30.21,1,99,1,0
matched,"A2 sensitivity, detector",A2-detector-c04-16-s1,29,detector,17.67,4,12.23,11,27.54,1,99,1,0
matched,"A2 sensitivity, detector",A2-detector-c04-16-s1,30,detector,20.08,4,15.22,12,29.97,3,98,1,0
matched,"A2 sensitivity, detector",A2-detector-c04-16-s1,31,detector,16.04,4,12.21,11,27.94,1,101,1,0
matched,"A2 sensitivity, detector",A2-detector-c04-17-s1,0,detector,17.79,4,15.14,12,30.42,2,99,1,0
matched,"A2 sensitivity, detector",A2-detector-c04-17-s1,1,detector,18.20,4,15.63,12,30.81,1,99,1,0
matched,"A2 sensitivity, detector",A2-detector-c04-17-s1,2,detector,17.66,4,14.14,12,29.45,2,98,1,0
matched,"A2 sensitivity, detector",A2-detector-c04-17-s1,3,detector,17.23,4,15.26,12,30.68,1,100,1,0
matched,"A2 sensitivity, detector",A2-detector-c04-17-s1,4,detector,17.11,4,14.45,12,29.90,2,100,1,0
matched,"A2 sensitivity, detector",A2-detector-c04-17-s1,5,detector,18.21,4,14.04,12,29.22,2,98,1,0
matched,"A2 sensitivity, detector",A2-detector-c04-17-s1,6,detector,19.51,4,15.83,12,30.71,1,101,1,0
matched,"A2 sensitivity, detector",A2-detector-c04-17-s1,7,detector,18.46,4,15.20,12,30.32,2,103,1,0
matched,"A2 sensitivity, detector",A2-detector-c04-17-s1,8,detector,18.67,4,14.25,12,29.32,3,99,1,0
matched,"A2 sensitivity, detector",A2-detector-c04-17-s1,9,detector,16.21,4,15.16,12,30.84,1,99,1,0
matched,"A2 sensitivity, detector",A2-detector-c04-17-s1,10,detector,17.42,4,15.63,12,31.00,1,99,1,0
matched,"A2 sensitivity, detector",A2-detector-c04-17-s1,11,detector,17.52,4,15.11,12,30.46,1,98,1,0
matched,"A2 sensitivity, detector",A2-detector-c04-17-s1,12,detector,19.58,4,15.93,12,30.79,1,100,1,0
matched,"A2 sensitivity, detector",A2-detector-c04-17-s1,13,detector,18.28,4,15.86,12,31.02,2,99,1,0
matched,"A2 sensitivity, detector",A2-detector-c04-17-s1,14,detector,19.83,4,15.07,12,29.88,2,99,1,0
matched,"A2 sensitivity, detector",A2-detector-c04-17-s1,15,detector,16.08,4,15.65,12,31.37,2,98,1,0
matched,"A2 sensitivity, detector",A2-detector-c04-17-s1,16,detector,18.88,4,14.84,12,29.86,1,100,1,0
matched,"A2 sensitivity, detector",A2-detector-c04-17-s1,17,detector,18.09,4,15.77,12,30.98,1,101,1,0
matched,"A2 sensitivity, detector",A2-detector-c04-17-s1,18,detector,18.33,4,14.21,12,29.36,2,99,1,0
matched,"A2 sensitivity, detector",A2-detector-c04-17-s1,19,detector,18.86,4,14.92,12,29.95,3,98,1,0
matched,"A2 sensitivity, detector",A2-detector-c04-17-s1,20,detector,18.76,4,15.82,12,30.87,2,102,1,0
matched,"A2 sensitivity, detector",A2-detector-c04-17-s1,21,detector,18.99,4,14.30,12,29.30,1,99,1,0
matched,"A2 sensitivity, detector",A2-detector-c04-17-s1,22,detector,18.83,4,15.10,12,30.13,2,97,1,0
matched,"A2 sensitivity, detector",A2-detector-c04-17-s1,23,detector,19.39,4,15.01,12,29.92,1,100,1,0
matched,"A2 sensitivity, detector",A2-detector-c04-17-s1,24,detector,16.06,4,15.17,12,30.89,2,101,1,0
matched,"A2 sensitivity, detector",A2-detector-c04-17-s1,25,detector,17.84,4,15.69,12,30.96,3,101,1,0
matched,"A2 sensitivity, detector",A2-detector-c04-17-s1,26,detector,20.00,4,15.66,12,30.43,3,101,1,0
matched,"A2 sensitivity, detector",A2-detector-c04-17-s1,27,detector,19.91,4,14.80,12,29.59,1,100,1,0
matched,"A2 sensitivity, detector",A2-detector-c04-17-s1,28,detector,16.81,4,14.36,12,29.89,3,102,1,0
matched,"A2 sensitivity, detector",A2-detector-c04-17-s1,29,detector,16.56,4,15.66,12,31.25,1,99,1,0
matched,"A2 sensitivity, detector",A2-detector-c04-17-s1,30,detector,16.88,4,15.48,12,30.99,1,99,1,0
matched,"A2 sensitivity, detector",A2-detector-c04-17-s1,31,detector,19.10,4,14.17,12,29.14,2,100,1,0
matched,"A2 sensitivity, detector",A2-detector-c04-18-s1,0,detector,16.66,4,16.44,13,32.00,2,99,1,0
matched,"A2 sensitivity, detector",A2-detector-c04-18-s1,1,detector,20.00,4,16.23,13,31.00,2,99,1,0
matched,"A2 sensitivity, detector",A2-detector-c04-18-s1,2,detector,16.79,4,17.35,13,32.88,2,101,1,0
matched,"A2 sensitivity, detector",A2-detector-c04-18-s1,3,detector,18.47,4,16.99,13,32.11,1,98,1,0
matched,"A2 sensitivity, detector",A2-detector-c04-18-s1,4,detector,17.65,4,17.36,13,32.67,2,100,1,0
matched,"A2 sensitivity, detector",A2-detector-c04-18-s1,5,detector,19.97,4,16.85,13,31.63,1,101,1,0
matched,"A2 sensitivity, detector",A2-detector-c04-18-s1,6,detector,17.89,4,16.35,13,31.61,3,98,1,0
matched,"A2 sensitivity, detector",A2-detector-c04-18-s1,7,detector,19.65,4,17.83,13,32.68,2,100,1,0
matched,"A2 sensitivity, detector",A2-detector-c04-18-s1,8,detector,17.71,4,17.84,13,33.14,2,102,1,0
matched,"A2 sensitivity, detector",A2-detector-c04-18-s1,9,detector,17.60,4,16.36,13,31.69,2,98,1,0
matched,"A2 sensitivity, detector",A2-detector-c04-18-s1,10,detector,19.42,4,16.64,13,31.54,3,98,1,0
matched,"A2 sensitivity, detector",A2-detector-c04-18-s1,11,detector,17.43,4,17.39,13,32.76,1,101,1,0
matched,"A2 sensitivity, detector",A2-detector-c04-18-s1,12,detector,16.11,4,16.95,13,32.66,2,97,1,0
matched,"A2 sensitivity, detector",A2-detector-c04-18-s1,13,detector,16.38,4,16.96,13,32.60,2,99,1,0
matched,"A2 sensitivity, detector",A2-detector-c04-18-s1,14,detector,17.49,4,17.34,13,32.69,2,101,1,0
matched,"A2 sensitivity, detector",A2-detector-c04-18-s1,15,detector,18.73,4,17.92,13,32.98,3,99,1,0
matched,"A2 sensitivity, detector",A2-detector-c04-18-s1,16,detector,18.49,4,17.99,13,33.10,2,102,1,0
matched,"A2 sensitivity, detector",A2-detector-c04-18-s1,17,detector,19.26,4,17.90,13,32.83,2,102,1,0
matched,"A2 sensitivity, detector",A2-detector-c04-18-s1,18,detector,19.43,4,16.87,13,31.77,2,99,1,0
matched,"A2 sensitivity, detector",A2-detector-c04-18-s1,19,detector,19.97,4,17.69,13,32.47,1,100,1,0
matched,"A2 sensitivity, detector",A2-detector-c04-18-s1,20,detector,17.49,4,17.92,13,33.27,2,98,1,0
matched,"A2 sensitivity, detector",A2-detector-c04-18-s1,21,detector,16.13,4,16.88,13,32.59,4,101,1,0
matched,"A2 sensitivity, detector",A2-detector-c04-18-s1,22,detector,17.08,4,17.22,13,32.68,1,101,1,0
matched,"A2 sensitivity, detector",A2-detector-c04-18-s1,23,detector,17.50,4,16.26,13,31.61,1,98,1,0
matched,"A2 sensitivity, detector",A2-detector-c04-18-s1,24,detector,17.32,4,17.93,13,33.33,2,99,1,0
matched,"A2 sensitivity, detector",A2-detector-c04-18-s1,25,detector,16.09,4,17.96,13,33.68,2,99,1,0
matched,"A2 sensitivity, detector",A2-detector-c04-18-s1,26,detector,16.49,4,17.57,13,33.18,1,101,1,0
matched,"A2 sensitivity, detector",A2-detector-c04-18-s1,27,detector,17.52,4,17.17,13,32.52,2,99,1,0
matched,"A2 sensitivity, detector",A2-detector-c04-18-s1,28,detector,18.01,4,17.34,13,32.57,2,99,1,0
matched,"A2 sensitivity, detector",A2-detector-c04-18-s1,29,detector,17.56,4,17.97,13,33.31,2,98,1,0
matched,"A2 sensitivity, detector",A2-detector-c04-18-s1,30,detector,19.94,4,17.74,13,32.52,2,100,1,0
matched,"A2 sensitivity, detector",A2-detector-c04-18-s1,31,detector,19.54,4,16.44,13,31.31,3,101,1,0
matched,"A2 sensitivity, detector",A2-detector-c04-19-s1,0,detector,16.53,4,17.94,13,33.54,1,101,1,0
matched,"A2 sensitivity, detector",A2-detector-c04-19-s1,1,detector,19.94,4,16.95,13,31.73,3,102,1,0
matched,"A2 sensitivity, detector",A2-detector-c04-19-s1,2,detector,16.46,4,16.86,13,32.48,1,100,1,0
matched,"A2 sensitivity, detector",A2-detector-c04-19-s1,3,detector,18.43,4,16.73,13,31.86,3,98,1,0
matched,"A2 sensitivity, detector",A2-detector-c04-19-s1,4,detector,18.93,4,16.91,13,31.92,2,100,1,0
matched,"A2 sensitivity, detector",A2-detector-c04-19-s1,5,detector,19.77,4,19.21,14,34.03,3,100,1,0
matched,"A2 sensitivity, detector",A2-detector-c04-19-s1,6,detector,18.32,4,18.71,14,33.86,2,101,1,0
matched,"A2 sensitivity, detector",A2-detector-c04-19-s1,7,detector,19.61,4,16.42,13,31.28,2,98,1,0
matched,"A2 sensitivity, detector",A2-detector-c04-19-s1,8,detector,16.15,4,16.39,13,32.09,1,99,1,0
matched,"A2 sensitivity, detector",A2-detector-c04-19-s1,9,detector,17.37,4,20.00,14,35.38,1,98,1,0
matched,"A2 sensitivity, detector",A2-detector-c04-19-s1,10,detector,16.86,4,18.58,14,34.09,2,98,1,0
matched,"A2 sensitivity, detector",A2-detector-c04-19-s1,11,detector,16.41,4,17.55,13,33.18,2,97,1,0
matched,"A2 sensitivity, detector",A2-detector-c04-19-s1,12,detector,18.88,4,19.12,14,34.14,2,101,1,0
matched,"A2 sensitivity, detector",A2-detector-c04-19-s1,13,detector,19.23,4,17.02,13,31.96,2,99,1,0
matched,"A2 sensitivity, detector",A2-detector-c04-19-s1,14,detector,19.61,4,19.91,14,34.77,3,101,1,0
matched,"A2 sensitivity, detector",A2-detector-c04-19-s1,15,detector,17.42,4,17.51,13,32.88,1,99,1,0
matched,"A2 sensitivity, detector",A2-detector-c04-19-s1,16,detector,20.02,4,18.08,14,32.85,2,99,1,0
matched,"A2 sensitivity, detector",A2-detector-c04-19-s1,17,detector,19.36,4,16.73,13,31.64,2,100,1,0
matched,"A2 sensitivity, detector",A2-detector-c04-19-s1,18,detector,16.65,4,19.61,14,35.18,2,101,1,0
matched,"A2 sensitivity, detector",A2-detector-c04-19-s1,19,detector,16.04,4,16.72,13,32.45,2,98,1,0
matched,"A2 sensitivity, detector",A2-detector-c04-19-s1,20,detector,16.78,4,17.68,13,33.21,3,101,1,0
matched,"A2 sensitivity, detector",A2-detector-c04-19-s1,21,detector,17.27,4,16.23,13,31.64,2,100,1,0
matched,"A2 sensitivity, detector",A2-detector-c04-19-s1,22,detector,18.40,4,19.74,14,34.87,3,101,1,0
matched,"A2 sensitivity, detector",A2-detector-c04-19-s1,23,detector,20.01,4,18.16,14,32.93,2,100,1,0
matched,"A2 sensitivity, detector",A2-detector-c04-19-s1,24,detector,19.11,4,16.57,13,31.54,4,102,1,0
matched,"A2 sensitivity, detector",A2-detector-c04-19-s1,25,detector,19.90,4,17.51,13,32.30,3,98,1,0
matched,"A2 sensitivity, detector",A2-detector-c04-19-s1,26,detector,17.52,4,18.06,14,33.41,2,98,1,0
matched,"A2 sensitivity, detector",A2-detector-c04-19-s1,27,detector,16.60,4,19.96,14,35.54,1,95,1,0
matched,"A2 sensitivity, detector",A2-detector-c04-19-s1,28,detector,19.83,4,19.90,14,34.71,2,101,1,0
matched,"A2 sensitivity, detector",A2-detector-c04-19-s1,29,detector,19.42,4,18.86,14,33.76,2,103,1,0
matched,"A2 sensitivity, detector",A2-detector-c04-19-s1,30,detector,16.13,4,18.88,14,34.59,2,99,1,0
matched,"A2 sensitivity, detector",A2-detector-c04-19-s1,31,detector,18.87,4,19.62,14,34.64,1,101,1,0
matched,"A2 sensitivity, detector",A2-detector-c04-20-s1,0,detector,20.00,4,19.90,14,34.67,2,101,1,0
matched,"A2 sensitivity, detector",A2-detector-c04-20-s1,1,detector,18.73,4,19.82,14,34.88,2,104,1,0
matched,"A2 sensitivity, detector",A2-detector-c04-20-s1,2,detector,19.29,4,19.26,14,34.19,1,101,1,0
matched,"A2 sensitivity, detector",A2-detector-c04-20-s1,3,detector,16.16,4,18.96,14,34.66,1,101,1,0
matched,"A2 sensitivity, detector",A2-detector-c04-20-s1,4,detector,17.75,4,18.08,14,33.37,1,100,1,0
matched,"A2 sensitivity, detector",A2-detector-c04-20-s1,5,detector,18.14,4,18.63,14,33.83,1,99,1,0
matched,"A2 sensitivity, detector",A2-detector-c04-20-s1,6,detector,16.15,4,18.58,14,34.28,1,98,1,0
matched,"A2 sensitivity, detector",A2-detector-c04-20-s1,7,detector,18.70,4,18.32,14,33.38,3,100,1,0
matched,"A2 sensitivity, detector",A2-detector-c04-20-s1,8,detector,17.48,4,18.61,14,33.97,3,99,1,0
matched,"A2 sensitivity, detector",A2-detector-c04-20-s1,9,detector,18.86,4,18.26,14,33.29,2,98,1,0
matched,"A2 sensitivity, detector",A2-detector-c04-20-s1,10,detector,16.82,4,19.43,14,34.95,3,101,1,0
matched,"A2 sensitivity, detector",A2-detector-c04-20-s1,11,detector,16.96,4,19.38,14,34.87,2,99,1,0
matched,"A2 sensitivity, detector",A2-detector-c04-20-s1,12,detector,19.52,4,18.86,14,33.74,3,100,1,0
matched,"A2 sensitivity, detector",A2-detector-c04-20-s1,13,detector,16.25,4,19.80,14,35.47,3,100,1,0
matched,"A2 sensitivity, detector",A2-detector-c04-20-s1,14,detector,18.65,4,18.84,14,33.91,2,101,1,0
matched,"A2 sensitivity, detector",A2-detector-c04-20-s1,15,detector,16.76,4,19.81,14,35.35,2,100,1,0
matched,"A2 sensitivity, detector",A2-detector-c04-20-s1,16,detector,18.23,4,19.70,14,34.87,2,100,1,0
matched,"A2 sensitivity, detector",A2-detector-c04-20-s1,17,detector,19.92,4,18.66,14,33.45,2,97,1,0
matched,"A2 sensitivity, detector",A2-detector-c04-20-s1,18,detector,16.18,4,19.21,14,34.90,2,98,1,0
matched,"A2 sensitivity, detector",A2-detector-c04-20-s1,19,detector,19.43,4,18.41,14,33.31,1,99,1,0
matched,"A2 sensitivity, detector",A2-detector-c04-20-s1,20,detector,17.45,4,19.92,14,35.28,3,99,1,0
matched,"A2 sensitivity, detector",A2-detector-c04-20-s1,21,detector,16.33,4,18.82,14,34.47,1,98,1,0
matched,"A2 sensitivity, detector",A2-detector-c04-20-s1,22,detector,17.87,4,19.58,14,34.84,3,100,1,0
matched,"A2 sensitivity, detector",A2-detector-c04-20-s1,23,detector,17.65,4,18.97,14,34.28,4,98,1,0
matched,"A2 sensitivity, detector",A2-detector-c04-20-s1,24,detector,16.88,4,18.92,14,34.43,1,99,1,0
matched,"A2 sensitivity, detector",A2-detector-c04-20-s1,25,detector,16.49,4,19.16,14,34.77,1,101,1,0
matched,"A2 sensitivity, detector",A2-detector-c04-20-s1,26,detector,18.71,4,18.74,14,33.80,2,98,1,0
matched,"A2 sensitivity, detector",A2-detector-c04-20-s1,27,detector,16.80,4,19.77,14,35.30,2,99,1,0
matched,"A2 sensitivity, detector",A2-detector-c04-20-s1,28,detector,18.24,4,19.81,14,34.98,1,99,1,0
matched,"A2 sensitivity, detector",A2-detector-c04-20-s1,29,detector,18.96,4,19.12,14,34.12,1,100,1,0
matched,"A2 sensitivity, detector",A2-detector-c04-20-s1,30,detector,17.24,4,18.84,14,34.26,2,99,1,0
matched,"A2 sensitivity, detector",A2-detector-c04-20-s1,31,detector,19.04,4,18.08,14,33.06,3,99,1,0
matched,"A2 sensitivity, detector",A2-detector-c05-0-s1,0,detector,21.15,5,-6.92,1,7.61,99,99,0,0
matched,"A2 sensitivity, detector",A2-detector-c05-0-s1,1,detector,21.56,5,-7.69,1,6.76,101,101,0,0
matched,"A2 sensitivity, detector",A2-detector-c05-0-s1,2,detector,24.55,5,-7.97,1,5.91,99,99,0,0
matched,"A2 sensitivity, detector",A2-detector-c05-0-s1,3,detector,22.55,5,-7.90,1,6.35,98,98,0,0
matched,"A2 sensitivity, detector",A2-detector-c05-0-s1,4,detector,24.89,5,-6.01,1,7.81,104,104,0,0
matched,"A2 sensitivity, detector",A2-detector-c05-0-s1,5,detector,22.18,5,-7.91,1,6.41,98,98,0,0
matched,"A2 sensitivity, detector",A2-detector-c05-0-s1,6,detector,23.15,5,-6.55,1,7.59,100,100,0,0
matched,"A2 sensitivity, detector",A2-detector-c05-0-s1,7,detector,22.47,5,-6.61,1,7.66,99,99,0,0
matched,"A2 sensitivity, detector",A2-detector-c05-0-s1,8,detector,20.23,5,-6.95,1,7.77,101,101,0,0
matched,"A2 sensitivity, detector",A2-detector-c05-0-s1,9,detector,20.43,5,-6.53,1,8.15,99,99,0,0
matched,"A2 sensitivity, detector",A2-detector-c05-0-s1,10,detector,21.41,5,-6.44,1,8.04,99,99,0,0
matched,"A2 sensitivity, detector",A2-detector-c05-0-s1,11,detector,24.19,5,-7.57,1,6.38,100,100,0,0
matched,"A2 sensitivity, detector",A2-detector-c05-0-s1,12,detector,25.21,5,-6.25,1,7.52,100,100,0,0
matched,"A2 sensitivity, detector",A2-detector-c05-0-s1,13,detector,25.25,5,-6.08,1,7.68,101,101,0,0
matched,"A2 sensitivity, detector",A2-detector-c05-0-s1,14,detector,24.99,5,-7.20,1,6.60,101,101,0,0
matched,"A2 sensitivity, detector",A2-detector-c05-0-s1,15,detector,23.29,5,-7.81,1,6.30,97,97,0,0
matched,"A2 sensitivity, detector",A2-detector-c05-0-s1,16,detector,24.38,5,-6.12,1,7.79,98,98,0,0
matched,"A2 sensitivity, detector",A2-detector-c05-0-s1,17,detector,22.60,5,-7.01,1,7.23,99,99,0,0
matched,"A2 sensitivity, detector",A2-detector-c05-0-s1,18,detector,21.54,5,-6.60,1,7.85,99,99,0,0
matched,"A2 sensitivity, detector",A2-detector-c05-0-s1,19,detector,24.57,5,-7.42,1,6.46,98,98,0,0
matched,"A2 sensitivity, detector",A2-detector-c05-0-s1,20,detector,21.21,5,-6.92,1,7.60,101,101,0,0
matched,"A2 sensitivity, detector",A2-detector-c05-0-s1,21,detector,21.84,5,-6.99,1,7.40,100,100,0,0
matched,"A2 sensitivity, detector",A2-detector-c05-0-s1,22,detector,21.47,5,-6.72,1,7.74,97,97,0,0
matched,"A2 sensitivity, detector",A2-detector-c05-0-s1,23,detector,20.70,5,-6.67,1,7.95,100,100,0,0
matched,"A2 sensitivity, detector",A2-detector-c05-0-s1,24,detector,20.45,5,-7.20,1,7.47,103,103,0,0
matched,"A2 sensitivity, detector",A2-detector-c05-0-s1,25,detector,21.73,5,-6.29,1,8.12,102,102,0,0
matched,"A2 sensitivity, detector",A2-detector-c05-0-s1,26,detector,25.25,5,-6.38,1,7.38,101,101,0,0
matched,"A2 sensitivity, detector",A2-detector-c05-0-s1,27,detector,21.16,5,-7.58,1,6.95,100,100,0,0
matched,"A2 sensitivity, detector",A2-detector-c05-0-s1,28,detector,21.52,5,-7.20,1,7.25,100,100,0,0
matched,"A2 sensitivity, detector",A2-detector-c05-0-s1,29,detector,24.35,5,-6.03,1,7.89,102,102,0,0
matched,"A2 sensitivity, detector",A2-detector-c05-0-s1,30,detector,21.68,5,-6.77,1,7.65,100,100,0,0
matched,"A2 sensitivity, detector",A2-detector-c05-0-s1,31,detector,20.52,5,-6.20,1,8.46,100,100,0,0
matched,"A2 sensitivity, detector",A2-detector-c05-1-s1,0,detector,22.68,5,-6.19,1,8.04,99,99,0,0
matched,"A2 sensitivity, detector",A2-detector-c05-1-s1,1,detector,21.52,5,-5.48,2,8.97,97,97,0,0
matched,"A2 sensitivity, detector",A2-detector-c05-1-s1,2,detector,21.05,5,-5.48,2,9.07,95,95,0,0
matched,"A2 sensitivity, detector",A2-detector-c05-1-s1,3,detector,22.29,5,-6.18,1,8.12,99,99,0,0
matched,"A2 sensitivity, detector",A2-detector-c05-1-s1,4,detector,23.34,5,-4.04,2,10.06,100,100,0,0
matched,"A2 sensitivity, detector",A2-detector-c05-1-s1,5,detector,23.25,5,-4.11,2,10.01,101,101,1,0
matched,"A2 sensitivity, detector",A2-detector-c05-1-s1,6,detector,21.39,5,-4.49,2,9.99,98,98,0,0
matched,"A2 sensitivity, detector",A2-detector-c05-1-s1,7,detector,22.44,5,-6.12,1,8.15,97,97,0,0
matched,"A2 sensitivity, detector",A2-detector-c05-1-s1,8,detector,21.41,5,-6.48,1,8.00,101,101,0,0
matched,"A2 sensitivity, detector",A2-detector-c05-1-s1,9,detector,20.11,5,-7.83,1,6.92,99,99,0,0
matched,"A2 sensitivity, detector",A2-detector-c05-1-s1,10,detector,22.43,5,-4.66,2,9.61,99,99,0,0
matched,"A2 sensitivity, detector",A2-detector-c05-1-s1,11,detector,20.69,5,-7.32,1,7.30,99,99,0,0
matched,"A2 sensitivity, detector",A2-detector-c05-1-s1,12,detector,23.63,5,-5.59,2,8.46,100,100,0,0
matched,"A2 sensitivity, detector",A2-detector-c05-1-s1,13,detector,20.70,5,-6.98,1,7.64,102,102,0,0
matched,"A2 sensitivity, detector",A2-detector-c05-1-s1,14,detector,21.12,5,-7.52,1,7.01,101,101,0,0
matched,"A2 sensitivity, detector",A2-detector-c05-1-s1,15,detector,25.27,5,-6.06,1,7.70,102,102,0,0
matched,"A2 sensitivity, detector",A2-detector-c05-1-s1,16,detector,23.98,5,-5.12,2,8.86,100,100,0,0
matched,"A2 sensitivity, detector",A2-detector-c05-1-s1,17,detector,22.62,5,-6.40,1,7.84,101,101,0,0
matched,"A2 sensitivity, detector",A2-detector-c05-1-s1,18,detector,23.76,5,-7.83,1,6.19,100,100,0,0
matched,"A2 sensitivity, detector",A2-detector-c05-1-s1,19,detector,23.95,5,-6.90,1,7.09,103,103,0,0
matched,"A2 sensitivity, detector",A2-detector-c05-1-s1,20,detector,22.57,5,-4.51,2,9.74,99,99,0,0
matched,"A2 sensitivity, detector",A2-detector-c05-1-s1,21,detector,21.66,5,-4.11,2,10.31,101,101,0,0
matched,"A2 sensitivity, detector",A2-detector-c05-1-s1,22,detector,20.50,5,-5.08,2,9.58,101,101,0,0
matched,"A2 sensitivity, detector",A2-detector-c05-1-s1,23,detector,23.85,5,-4.56,2,9.45,99,99,0,0
matched,"A2 sensitivity, detector",A2-detector-c05-1-s1,24,detector,20.32,5,-4.08,2,10.62,96,96,0,0
matched,"A2 sensitivity, detector",A2-detector-c05-1-s1,25,detector,23.08,5,-7.09,1,7.06,98,98,0,0
matched,"A2 sensitivity, detector",A2-detector-c05-1-s1,26,detector,24.76,5,-5.88,2,7.96,100,100,0,0
matched,"A2 sensitivity, detector",A2-detector-c05-1-s1,27,detector,22.99,5,-7.28,1,6.89,100,100,0,0
matched,"A2 sensitivity, detector",A2-detector-c05-1-s1,28,detector,24.02,5,-4.63,2,9.35,101,101,0,0
matched,"A2 sensitivity, detector",A2-detector-c05-1-s1,29,detector,22.07,5,-6.78,1,7.56,99,99,0,0
matched,"A2 sensitivity, detector",A2-detector-c05-1-s1,30,detector,22.22,5,-7.89,1,6.42,101,101,0,0
matched,"A2 sensitivity, detector",A2-detector-c05-1-s1,31,detector,20.44,5,-4.27,2,10.41,101,101,1,0
matched,"A2 sensitivity, detector",A2-detector-c05-2-s1,0,detector,23.35,5,-4.85,2,9.25,101,101,0,0
matched,"A2 sensitivity, detector",A2-detector-c05-2-s1,1,detector,20.43,5,-4.50,2,10.18,97,97,0,0
matched,"A2 sensitivity, detector",A2-detector-c05-2-s1,2,detector,21.33,5,-5.93,2,8.56,102,102,0,0
matched,"A2 sensitivity, detector",A2-detector-c05-2-s1,3,detector,24.63,5,-4.97,2,8.90,98,98,0,0
matched,"A2 sensitivity, detector",A2-detector-c05-2-s1,4,detector,22.59,5,-4.15,2,10.09,101,101,0,0
matched,"A2 sensitivity, detector",A2-detector-c05-2-s1,5,detector,23.83,5,-4.04,2,9.97,100,100,1,0
matched,"A2 sensitivity, detector",A2-detector-c05-2-s1,6,detector,21.90,5,-4.30,2,10.08,98,98,0,0
matched,"A2 sensitivity, detector",A2-detector-c05-2-s1,7,detector,22.93,5,-4.10,2,10.08,101,101,0,0
matched,"A2 sensitivity, detector",A2-detector-c05-2-s1,8,detector,20.11,5,-4.14,2,10.61,101,101,0,0
matched,"A2 sensitivity, detector",A2-detector-c05-2-s1,9,detector,21.25,5,-4.49,2,10.02,100,100,0,0
matched,"A2 sensitivity, detector",A2-detector-c05-2-s1,10,detector,20.91,5,-4.04,2,10.54,102,102,1,0
matched,"A2 sensitivity, detector",A2-detector-c05-2-s1,11,detector,22.76,5,-4.77,2,9.44,100,100,0,0
matched,"A2 sensitivity, detector",A2-detector-c05-2-s1,12,detector,22.80,5,-5.80,2,8.40,99,99,0,0
matched,"A2 sensitivity, detector",A2-detector-c05-2-s1,13,detector,23.29,5,-4.40,2,9.71,99,99,0,0
matched,"A2 sensitivity, detector",A2-detector-c05-2-s1,14,detector,24.35,5,-5.40,2,8.52,100,100,0,0
matched,"A2 sensitivity, detector",A2-detector-c05-2-s1,15,detector,22.29,5,-5.20,2,9.10,101,101,0,0
matched,"A2 sensitivity, detector",A2-detector-c05-2-s1,16,detector,20.10,5,-5.82,2,8.93,101,101,0,0
matched,"A2 sensitivity, detector",A2-detector-c05-2-s1,17,detector,23.39,5,-5.82,2,8.27,100,100,0,0
matched,"A2 sensitivity, detector",A2-detector-c05-2-s1,18,detector,22.76,5,-4.03,2,10.18,101,101,0,0
matched,"A2 sensitivity, detector",A2-detector-c05-2-s1,19,detector,23.41,5,-5.21,2,8.88,100,100,0,0
matched,"A2 sensitivity, detector",A2-detector-c05-2-s1,20,detector,22.20,5,-5.99,2,8.33,98,98,0,0
matched,"A2 sensitivity, detector",A2-detector-c05-2-s1,21,detector,25.19,5,-4.34,2,9.43,99,99,0,0
matched,"A2 sensitivity, detector",A2-detector-c05-2-s1,22,detector,20.60,5,-5.44,2,9.20,102,102,0,0
matched,"A2 sensitivity, detector",A2-detector-c05-2-s1,23,detector,22.20,5,-4.37,2,9.95,99,99,0,0
matched,"A2 sensitivity, detector",A2-detector-c05-2-s1,24,detector,24.23,5,-4.82,2,9.12,100,100,0,0
matched,"A2 sensitivity, detector",A2-detector-c05-2-s1,25,detector,22.74,5,-4.86,2,9.35,101,101,0,0
matched,"A2 sensitivity, detector",A2-detector-c05-2-s1,26,detector,24.01,5,-4.32,2,9.66,100,100,1,0
matched,"A2 sensitivity, detector",A2-detector-c05-2-s1,27,detector,24.39,5,-5.12,2,8.79,101,101,0,0
matched,"A2 sensitivity, detector",A2-detector-c05-2-s1,28,detector,24.92,5,-5.96,2,7.86,99,99,0,0
matched,"A2 sensitivity, detector",A2-detector-c05-2-s1,29,detector,23.05,5,-4.21,2,9.94,98,98,0,0
matched,"A2 sensitivity, detector",A2-detector-c05-2-s1,30,detector,22.54,5,-5.37,2,8.88,99,99,0,0
matched,"A2 sensitivity, detector",A2-detector-c05-2-s1,31,detector,25.26,5,-5.98,2,7.78,98,98,0,0
matched,"A2 sensitivity, detector",A2-detector-c05-3-s1,0,detector,21.76,5,-2.69,3,11.71,99,99,0,0
matched,"A2 sensitivity, detector",A2-detector-c05-3-s1,1,detector,20.44,5,-2.12,3,12.56,90,99,1,0
matched,"A2 sensitivity, detector",A2-detector-c05-3-s1,2,detector,25.14,5,-2.78,3,11.00,101,101,1,0
matched,"A2 sensitivity, detector",A2-detector-c05-3-s1,3,detector,22.63,5,-3.74,3,10.49,100,100,0,0
matched,"A2 sensitivity, detector",A2-detector-c05-3-s1,4,detector,20.69,5,-2.75,3,11.87,68,97,1,0
matched,"A2 sensitivity, detector",A2-detector-c05-3-s1,5,detector,22.94,5,-2.18,3,12.00,55,97,1,0
matched,"A2 sensitivity, detector",A2-detector-c05-3-s1,6,detector,24.00,5,-3.48,3,10.50,101,101,0,0
matched,"A2 sensitivity, detector",A2-detector-c05-3-s1,7,detector,20.38,5,-3.56,3,11.13,101,101,0,0
matched,"A2 sensitivity, detector",A2-detector-c05-3-s1,8,detector,24.33,5,-3.06,3,10.86,100,100,1,0
matched,"A2 sensitivity, detector",A2-detector-c05-3-s1,9,detector,20.58,5,-2.03,3,12.62,69,97,1,0
matched,"A2 sensitivity, detector",A2-detector-c05-3-s1,10,detector,24.01,5,-2.40,3,11.58,99,99,1,0
matched,"A2 sensitivity, detector",A2-detector-c05-3-s1,11,detector,21.05,5,-2.29,3,12.26,101,101,1,0
matched,"A2 sensitivity, detector",A2-detector-c05-3-s1,12,detector,20.17,5,-2.47,3,12.26,73,101,1,0
matched,"A2 sensitivity, detector",A2-detector-c05-3-s1,13,detector,22.65,5,-3.76,3,10.47,98,98,0,0
matched,"A2 sensitivity, detector",A2-detector-c05-3-s1,14,detector,23.59,5,-2.58,3,11.47,96,96,1,0
matched,"A2 sensitivity, detector",A2-detector-c05-3-s1,15,detector,22.12,5,-2.51,3,11.82,101,101,1,0
matched,"A2 sensitivity, detector",A2-detector-c05-3-s1,16,detector,24.54,5,-2.66,3,11.22,99,99,1,0
matched,"A2 sensitivity, detector",A2-detector-c05-3-s1,17,detector,21.13,5,-2.77,3,11.76,45,98,1,0
matched,"A2 sensitivity, detector",A2-detector-c05-3-s1,18,detector,22.88,5,-3.60,3,10.59,98,98,1,0
matched,"A2 sensitivity, detector",A2-detector-c05-3-s1,19,detector,22.61,5,-2.32,3,11.92,70,100,1,0
matched,"A2 sensitivity, detector",A2-detector-c05-3-s1,20,detector,20.15,5,-2.21,3,12.53,134,98,1,0
matched,"A2 sensitivity, detector",A2-detector-c05-3-s1,21,detector,23.07,5,-3.60,3,10.55,99,99,1,0
matched,"A2 sensitivity, detector",A2-detector-c05-3-s1,22,detector,23.87,5,-2.99,3,11.01,82,100,1,0
matched,"A2 sensitivity, detector",A2-detector-c05-3-s1,23,detector,22.06,5,-2.09,3,12.26,136,97,1,0
matched,"A2 sensitivity, detector",A2-detector-c05-3-s1,24,detector,21.82,5,-2.71,3,11.68,99,99,1,0
matched,"A2 sensitivity, detector",A2-detector-c05-3-s1,25,detector,23.33,5,-2.25,3,11.85,75,99,1,0
matched,"A2 sensitivity, detector",A2-detector-c05-3-s1,26,detector,25.02,5,-2.70,3,11.10,86,100,1,0
matched,"A2 sensitivity, detector",A2-detector-c05-3-s1,27,detector,24.00,5,-2.45,3,11.53,91,101,1,0
matched,"A2 sensitivity, detector",A2-detector-c05-3-s1,28,detector,24.26,5,-2.51,3,11.42,47,98,1,0
matched,"A2 sensitivity, detector",A2-detector-c05-3-s1,29,detector,23.58,5,-2.70,3,11.36,89,98,1,0
matched,"A2 sensitivity, detector",A2-detector-c05-3-s1,30,detector,23.90,5,-2.24,3,11.76,77,100,1,0
matched,"A2 sensitivity, detector",A2-detector-c05-3-s1,31,detector,21.50,5,-3.56,3,10.90,99,99,0,0
matched,"A2 sensitivity, detector",A2-detector-c05-4-s1,0,detector,20.41,5,-2.44,3,12.24,99,99,1,0
matched,"A2 sensitivity, detector",A2-detector-c05-4-s1,1,detector,21.03,5,-0.04,4,14.51,21,99,1,0
matched,"A2 sensitivity, detector",A2-detector-c05-4-s1,2,detector,21.57,5,-0.95,4,13.49,30,101,1,0
matched,"A2 sensitivity, detector",A2-detector-c05-4-s1,3,detector,22.22,5,-0.54,4,13.77,8,101,1,0
matched,"A2 sensitivity, detector",A2-detector-c05-4-s1,4,detector,21.34,5,-0.33,4,14.16,6,101,1,0
matched,"A2 sensitivity, detector",A2-detector-c05-4-s1,5,detector,20.94,5,-3.17,3,11.40,100,100,1,0
matched,"A2 sensitivity, detector",A2-detector-c05-4-s1,6,detector,24.37,5,-3.50,3,10.41,100,100,1,0
matched,"A2 sensitivity, detector",A2-detector-c05-4-s1,7,detector,21.48,5,-2.17,3,12.29,71,102,1,0
matched,"A2 sensitivity, detector",A2-detector-c05-4-s1,8,detector,21.89,5,-3.48,3,10.90,102,102,1,0
matched,"A2 sensitivity, detector",A2-detector-c05-4-s1,9,detector,20.35,5,-2.13,3,12.57,70,98,1,0
matched,"A2 sensitivity, detector",A2-detector-c05-4-s1,10,detector,20.73,5,-0.33,4,14.29,17,101,1,0
matched,"A2 sensitivity, detector",A2-detector-c05-4-s1,11,detector,22.71,5,-3.80,3,10.42,98,98,0,0
matched,"A2 sensitivity, detector",A2-detector-c05-4-s1,12,detector,21.02,5,-2.88,3,11.68,86,100,1,0
matched,"A2 sensitivity, detector",A2-detector-c05-4-s1,13,detector,24.66,5,-0.90,4,12.96,86,102,1,0
matched,"A2 sensitivity, detector",A2-detector-c05-4-s1,14,detector,20.32,5,-1.32,4,13.38,77,102,1,0
matched,"A2 sensitivity, detector",A2-detector-c05-4-s1,15,detector,24.58,5,-1.96,4,11.92,170,100,1,0
matched,"A2 sensitivity, detector",A2-detector-c05-4-s1,16,detector,20.65,5,-0.64,4,13.99,54,101,1,0
matched,"A2 sensitivity, detector",A2-detector-c05-4-s1,17,detector,22.21,5,-2.95,3,11.37,101,101,1,0
matched,"A2 sensitivity, detector",A2-detector-c05-4-s1,18,detector,21.28,5,-3.96,3,10.54,99,99,0,0
matched,"A2 sensitivity, detector",A2-detector-c05-4-s1,19,detector,21.00,5,-0.15,4,14.41,9,102,1,0
matched,"A2 sensitivity, detector",A2-detector-c05-4-s1,20,detector,22.33,5,-3.48,3,10.81,100,100,1,0
matched,"A2 sensitivity, detector",A2-detector-c05-4-s1,21,detector,20.68,5,-0.82,4,13.81,8,100,1,0
matched,"A2 sensitivity, detector",A2-detector-c05-4-s1,22,detector,22.56,5,-1.18,4,13.07,55,99,1,0
matched,"A2 sensitivity, detector",A2-detector-c05-4-s1,23,detector,20.14,5,-3.33,3,11.41,98,98,1,0
matched,"A2 sensitivity, detector",A2-detector-c05-4-s1,24,detector,25.13,5,-1.35,4,12.43,88,102,1,0
matched,"A2 sensitivity, detector",A2-detector-c05-4-s1,25,detector,22.20,5,-3.09,3,11.23,99,99,1,0
matched,"A2 sensitivity, detector",A2-detector-c05-4-s1,26,detector,20.86,5,-3.39,3,11.20,99,99,1,0
matched,"A2 sensitivity, detector",A2-detector-c05-4-s1,27,detector,22.76,5,-2.15,3,12.06,76,100,1,0
matched,"A2 sensitivity, detector",A2-detector-c05-4-s1,28,detector,24.59,5,-0.09,4,13.78,21,100,1,0
matched,"A2 sensitivity, detector",A2-detector-c05-4-s1,29,detector,20.15,5,-3.53,3,11.21,80,98,1,0
matched,"A2 sensitivity, detector",A2-detector-c05-4-s1,30,detector,23.17,5,-1.44,4,12.69,15,97,1,0
matched,"A2 sensitivity, detector",A2-detector-c05-4-s1,31,detector,20.46,5,-1.36,4,13.31,70,102,1,0
matched,"A2 sensitivity, detector",A2-detector-c05-5-s1,0,detector,21.48,5,-0.67,4,13.79,41,99,1,0
matched,"A2 sensitivity, detector",A2-detector-c05-5-s1,1,detector,23.57,5,-1.10,4,12.96,44,100,1,0
matched,"A2 sensitivity, detector",A2-detector-c05-5-s1,2,detector,24.66,5,-0.28,4,13.58,66,98,1,0
matched,"A2 sensitivity, detector",A2-detector-c05-5-s1,3,detector,23.52,5,-1.61,4,12.46,50,100,1,0
matched,"A2 sensitivity, detector",A2-detector-c05-5-s1,4,detector,20.67,5,-1.38,4,13.25,28,101,1,0
matched,"A2 sensitivity, detector",A2-detector-c05-5-s1,5,detector,22.54,5,-1.83,4,12.42,22,99,1,0
matched,"A2 sensitivity, detector",A2-detector-c05-5-s1,6,detector,20.30,5,-0.15,4,14.56,23,102,1,0
matched,"A2 sensitivity, detector",A2-detector-c05-5-s1,7,detector,22.55,5,-1.31,4,12.94,76,98,1,0
matched,"A2 sensitivity, detector",A2-detector-c05-5-s1,8,detector,22.36,5,-1.03,4,13.26,23,99,1,0
matched,"A2 sensitivity, detector",A2-detector-c05-5-s1,9,detector,21.07,5,-1.86,4,12.68,88,99,1,0
matched,"A2 sensitivity, detector",A2-detector-c05-5-s1,10,detector,21.30,5,-1.05,4,13.45,46,99,1,0
matched,"A2 sensitivity, detector",A2-detector-c05-5-s1,11,detector,23.46,5,-0.49,4,13.59,49,102,1,0
matched,"A2 sensitivity, detector",A2-detector-c05-5-s1,12,detector,20.49,5,-1.22,4,13.45,42,100,1,0
matched,"A2 sensitivity, detector",A2-detector-c05-5-s1,13,detector,25.04,5,-1.56,4,12.24,53,99,1,0
matched,"A2 sensitivity, detector",A2-detector-c05-5-s1,14,detector,23.87,5,-1.83,4,12.17,17,98,1,0
matched,"A2 sensitivity, detector",A2-detector-c05-5-s1,15,detector,22.39,5,-0.50,4,13.78,29,99,1,0
matched,"A2 sensitivity, detector",A2-detector-c05-5-s1,16,detector,23.05,5,-0.72,4,13.43,18,102,1,0
matched,"A2 sensitivity, detector",A2-detector-c05-5-s1,17,detector,22.88,5,-0.29,4,13.90,13,97,1,0
matched,"A2 sensitivity, detector",A2-detector-c05-5-s1,18,detector,21.35,5,-1.86,4,12.63,67,100,1,0
matched,"A2 sensitivity, detector",A2-detector-c05-5-s1,19,detector,22.13,5,-1.09,4,13.24,49,100,1,0
matched,"A2 sensitivity, detector",A2-detector-c05-5-s1,20,detector,24.48,5,-1.47,4,12.42,48,99,1,0
matched,"A2 sensitivity, detector",A2-detector-c05-5-s1,21,detector,25.13,5,-1.88,4,11.90,45,101,1,0
matched,"A2 sensitivity, detector",A2-detector-c05-5-s1,22,detector,20.29,5,-1.10,4,13.61,70,99,1,0
matched,"A2 sensitivity, detector",A2-detector-c05-5-s1,23,detector,21.32,5,-1.72,4,12.77,70,101,1,0
matched,"A2 sensitivity, detector",A2-detector-c05-5-s1,24,detector,24.31,5,-0.52,4,13.40,14,102,1,0
matched,"A2 sensitivity, detector",A2-detector-c05-5-s1,25,detector,21.99,5,-0.28,4,14.08,38,102,1,0
matched,"A2 sensitivity, detector",A2-detector-c05-5-s1,26,detector,24.75,5,-0.58,4,13.27,5,101,1,0
matched,"A2 sensitivity, detector",A2-detector-c05-5-s1,27,detector,23.99,5,-1.58,4,12.40,24,102,1,0
matched,"A2 sensitivity, detector",A2-detector-c05-5-s1,28,detector,20.29,5,-0.12,4,14.59,3,100,1,0
matched,"A2 sensitivity, detector",A2-detector-c05-5-s1,29,detector,22.39,5,-1.87,4,12.41,81,102,1,0
matched,"A2 sensitivity, detector",A2-detector-c05-5-s1,30,detector,22.20,5,-1.49,4,12.83,54,100,1,0
matched,"A2 sensitivity, detector",A2-detector-c05-5-s1,31,detector,23.84,5,-0.27,4,13.74,62,101,1,0
matched,"A2 sensitivity, detector",A2-detector-c05-6-s1,0,detector,23.99,5,0.16,5,14.14,54,99,1,0
matched,"A2 sensitivity, detector",A2-detector-c05-6-s1,1,detector,21.51,5,1.55,5,16.01,5,100,1,0
matched,"A2 sensitivity, detector",A2-detector-c05-6-s1,2,detector,20.36,5,0.82,5,15.51,21,99,1,0
matched,"A2 sensitivity, detector",A2-detector-c05-6-s1,3,detector,20.51,5,1.22,5,15.88,2,99,1,0
matched,"A2 sensitivity, detector",A2-detector-c05-6-s1,4,detector,22.58,5,0.97,5,15.21,6,101,1,0
matched,"A2 sensitivity, detector",A2-detector-c05-6-s1,5,detector,24.61,5,1.76,5,15.63,5,100,1,0
matched,"A2 sensitivity, detector",A2-detector-c05-6-s1,6,detector,25.29,5,1.81,5,15.56,23,101,1,0
matched,"A2 sensitivity, detector",A2-detector-c05-6-s1,7,detector,20.17,5,1.79,5,16.52,10,98,1,0
matched,"A2 sensitivity, detector",A2-detector-c05-6-s1,8,detector,21.17,5,0.81,5,15.33,5,100,1,0
matched,"A2 sensitivity, detector",A2-detector-c05-6-s1,9,detector,20.66,5,1.50,5,16.13,37,102,1,0
matched,"A2 sensitivity, detector",A2-detector-c05-6-s1,10,detector,23.51,5,0.02,5,14.09,4,99,1,0
matched,"A2 sensitivity, detector",A2-detector-c05-6-s1,11,detector,24.82,5,1.61,5,15.44,8,98,1,0
matched,"A2 sensitivity, detector",A2-detector-c05-6-s1,12,detector,20.22,5,1.10,5,15.82,2,101,1,0
matched,"A2 sensitivity, detector",A2-detector-c05-6-s1,13,detector,21.62,5,1.31,5,15.74,3,99,1,0
matched,"A2 sensitivity, detector",A2-detector-c05-6-s1,14,detector,22.73,5,1.51,5,15.73,5,98,1,0
matched,"A2 sensitivity, detector",A2-detector-c05-6-s1,15,detector,21.31,5,2.00,5,16.50,5,102,1,0
matched,"A2 sensitivity, detector",A2-detector-c05-6-s1,16,detector,22.47,5,1.43,5,15.70,7,100,1,0
matched,"A2 sensitivity, detector",A2-detector-c05-6-s1,17,detector,20.69,5,1.08,5,15.70,3,99,1,0
matched,"A2 sensitivity, detector",A2-detector-c05-6-s1,18,detector,21.68,5,1.54,5,15.96,5,100,1,0
matched,"A2 sensitivity, detector",A2-detector-c05-6-s1,19,detector,24.22,5,0.03,5,13.97,45,99,1,0
matched,"A2 sensitivity, detector",A2-detector-c05-6-s1,20,detector,24.78,5,1.48,5,15.32,3,101,1,0
matched,"A2 sensitivity, detector",A2-detector-c05-6-s1,21,detector,23.96,5,0.86,5,14.85,11,99,1,0
matched,"A2 sensitivity, detector",A2-detector-c05-6-s1,22,detector,22.27,5,1.01,5,15.31,5,101,1,0
matched,"A2 sensitivity, detector",A2-detector-c05-6-s1,23,detector,20.34,5,1.24,5,15.94,3,100,1,0
matched,"A2 sensitivity, detector",A2-detector-c05-6-s1,24,detector,20.55,5,0.72,5,15.37,6,98,1,0
matched,"A2 sensitivity, detector",A2-detector-c05-6-s1,25,detector,25.00,5,1.94,5,15.74,5,101,1,0
matched,"A2 sensitivity, detector",A2-detector-c05-6-s1,26,detector,21.58,5,1.68,5,16.12,2,102,1,0
matched,"A2 sensitivity, detector",A2-detector-c05-6-s1,27,detector,25.09,5,0.36,5,14.15,14,99,1,0
matched,"A2 sensitivity, detector",A2-detector-c05-6-s1,28,detector,24.74,5,0.83,5,14.68,22,99,1,0
matched,"A2 sensitivity, detector",A2-detector-c05-6-s1,29,detector,21.65,5,0.61,5,15.04,6,100,1,0
matched,"A2 sensitivity, detector",A2-detector-c05-6-s1,30,detector,20.71,5,0.73,5,15.35,52,100,1,0
matched,"A2 sensitivity, detector",A2-detector-c05-6-s1,31,detector,21.80,5,0.64,5,15.04,15,104,1,0
matched,"A2 sensitivity, detector",A2-detector-c05-7-s1,0,detector,23.90,5,3.36,6,17.36,4,97,1,0
matched,"A2 sensitivity, detector",A2-detector-c05-7-s1,1,detector,24.04,5,1.08,5,15.05,3,100,1,0
matched,"A2 sensitivity, detector",A2-detector-c05-7-s1,2,detector,21.61,5,2.27,6,16.70,4,99,1,0
matched,"A2 sensitivity, detector",A2-detector-c05-7-s1,3,detector,20.10,5,1.37,5,16.12,3,99,1,0
matched,"A2 sensitivity, detector",A2-detector-c05-7-s1,4,detector,20.23,5,2.91,6,17.63,2,101,1,0
matched,"A2 sensitivity, detector",A2-detector-c05-7-s1,5,detector,23.72,5,3.18,6,17.21,3,98,1,0
matched,"A2 sensitivity, detector",A2-detector-c05-7-s1,6,detector,23.69,5,2.93,6,16.97,5,99,1,0
matched,"A2 sensitivity, detector",A2-detector-c05-7-s1,7,detector,22.13,5,0.37,5,14.70,3,100,1,0
matched,"A2 sensitivity, detector",A2-detector-c05-7-s1,8,detector,24.53,5,1.45,5,15.33,2,100,1,0
matched,"A2 sensitivity, detector",A2-detector-c05-7-s1,9,detector,22.68,5,0.01,5,14.24,20,102,1,0
matched,"A2 sensitivity, detector",A2-detector-c05-7-s1,10,detector,20.16,5,1.04,5,15.78,2,98,1,0
matched,"A2 sensitivity, detector",A2-detector-c05-7-s1,11,detector,20.25,5,1.99,5,16.71,4,102,1,0
matched,"A2 sensitivity, detector",A2-detector-c05-7-s1,12,detector,21.27,5,0.25,5,14.75,5,101,1,0
matched,"A2 sensitivity, detector",A2-detector-c05-7-s1,13,detector,24.60,5,1.13,5,15.00,3,99,1,0
matched,"A2 sensitivity, detector",A2-detector-c05-7-s1,14,detector,21.59,5,2.49,6,16.93,2,99,1,0
matched,"A2 sensitivity, detector",A2-detector-c05-7-s1,15,detector,22.39,5,3.05,6,17.33,4,98,1,0
matched,"A2 sensitivity, detector",A2-detector-c05-7-s1,16,detector,20.30,5,1.52,5,16.23,3,100,1,0
matched,"A2 sensitivity, detector",A2-detector-c05-7-s1,17,detector,23.42,5,2.05,6,16.14,3,99,1,0
matched,"A2 sensitivity, detector",A2-detector-c05-7-s1,18,detector,20.19,5,0.55,5,15.28,1,103,1,0
matched,"A2 sensitivity, detector",A2-detector-c05-7-s1,19,detector,24.02,5,3.30,6,17.28,3,102,1,0
matched,"A2 sensitivity, detector",A2-detector-c05-7-s1,20,detector,21.74,5,1.40,5,15.81,6,100,1,0
matched,"A2 sensitivity, detector",A2-detector-c05-7-s1,21,detector,21.45,5,1.23,5,15.70,5,102,1,0
matched,"A2 sensitivity, detector",A2-detector-c05-7-s1,22,detector,21.55,5,3.35,6,17.80,3,99,1,0
matched,"A2 sensitivity, detector",A2-detector-c05-7-s1,23,detector,21.53,5,3.13,6,17.58,16,103,1,0
matched,"A2 sensitivity, detector",A2-detector-c05-7-s1,24,detector,24.71,5,1.93,5,15.78,14,102,1,0
matched,"A2 sensitivity, detector",A2-detector-c05-7-s1,25,detector,25.17,5,3.87,6,17.64,2,100,1,0
matched,"A2 sensitivity, detector",A2-detector-c05-7-s1,26,detector,21.02,5,0.36,5,14.92,2,99,1,0
matched,"A2 sensitivity, detector",A2-detector-c05-7-s1,27,detector,20.18,5,3.41,6,18.14,2,98,1,0
matched,"A2 sensitivity, detector",A2-detector-c05-7-s1,28,detector,24.80,5,0.40,5,14.24,73,100,1,0
matched,"A2 sensitivity, detector",A2-detector-c05-7-s1,29,detector,24.05,5,2.32,6,16.29,3,100,1,0
matched,"A2 sensitivity, detector",A2-detector-c05-7-s1,30,detector,23.39,5,3.98,6,18.07,1,99,1,0
matched,"A2 sensitivity, detector",A2-detector-c05-7-s1,31,detector,21.99,5,3.29,6,17.65,3,100,1,0
matched,"A2 sensitivity, detector",A2-detector-c05-8-s1,0,detector,21.53,5,3.99,6,18.44,2,98,1,0
matched,"A2 sensitivity, detector",A2-detector-c05-8-s1,1,detector,22.56,5,3.12,6,17.37,3,99,1,0
matched,"A2 sensitivity, detector",A2-detector-c05-8-s1,2,detector,24.57,5,3.73,6,17.61,3,100,1,0
matched,"A2 sensitivity, detector",A2-detector-c05-8-s1,3,detector,22.35,5,3.85,6,18.14,4,102,1,0
matched,"A2 sensitivity, detector",A2-detector-c05-8-s1,4,detector,23.87,5,2.73,6,16.73,6,100,1,0
matched,"A2 sensitivity, detector",A2-detector-c05-8-s1,5,detector,22.74,5,3.48,6,17.69,5,101,1,0
matched,"A2 sensitivity, detector",A2-detector-c05-8-s1,6,detector,20.32,5,2.01,6,16.71,2,101,1,0
matched,"A2 sensitivity, detector",A2-detector-c05-8-s1,7,detector,21.30,5,2.19,6,16.69,2,99,1,0
matched,"A2 sensitivity, detector",A2-detector-c05-8-s1,8,detector,25.19,5,3.30,6,17.07,2,101,1,0
matched,"A2 sensitivity, detector",A2-detector-c05-8-s1,9,detector,23.68,5,3.03,6,17.07,4,99,1,0
matched,"A2 sensitivity, detector",A2-detector-c05-8-s1,10,detector,21.54,5,3.36,6,17.81,2,98,1,0
matched,"A2 sensitivity, detector",A2-detector-c05-8-s1,11,detector,21.84,5,3.98,6,18.37,5,101,1,0
matched,"A2 sensitivity, detector",A2-detector-c05-8-s1,12,detector,23.09,5,2.93,6,17.08,4,99,1,0
matched,"A2 sensitivity, detector",A2-detector-c05-8-s1,13,detector,24.05,5,3.36,6,17.33,4,100,1,0
matched,"A2 sensitivity, detector",A2-detector-c05-8-s1,14,detector,21.32,5,2.81,6,17.30,2,102,1,0
matched,"A2 sensitivity, detector",A2-detector-c05-8-s1,15,detector,21.44,5,2.05,6,16.52,47,98,1,0
matched,"A2 sensitivity, detector",A2-detector-c05-8-s1,16,detector,24.56,5,3.68,6,17.56,4,99,1,0
matched,"A2 sensitivity, detector",A2-detector-c05-8-s1,17,detector,22.64,5,3.46,6,17.69,2,97,1,0
matched,"A2 sensitivity, detector",A2-detector-c05-8-s1,18,detector,21.42,5,2.40,6,16.87,4,99,1,0
matched,"A2 sensitivity, detector",A2-detector-c05-8-s1,19,detector,21.75,5,2.20,6,16.61,6,99,1,0
matched,"A2 sensitivity, detector",A2-detector-c05-8-s1,20,detector,23.65,5,3.42,6,17.46,3,100,1,0
matched,"A2 sensitivity, detector",A2-detector-c05-8-s1,21,detector,22.08,5,3.27,6,17.61,12,103,1,0
matched,"A2 sensitivity, detector",A2-detector-c05-8-s1,22,detector,22.91,5,2.73,6,16.91,13,98,1,0
matched,"A2 sensitivity, detector",A2-detector-c05-8-s1,23,detector,20.22,5,3.78,6,18.50,2,99,1,0
matched,"A2 sensitivity, detector",A2-detector-c05-8-s1,24,detector,21.65,5,2.16,6,16.59,6,100,1,0
matched,"A2 sensitivity, detector",A2-detector-c05-8-s1,25,detector,23.69,5,2.73,6,16.77,3,97,1,0
matched,"A2 sensitivity, detector",A2-detector-c05-8-s1,26,detector,20.13,5,2.94,6,17.68,2,98,1,0
matched,"A2 sensitivity, detector",A2-detector-c05-8-s1,27,detector,23.16,5,3.77,6,17.90,3,98,1,0
matched,"A2 sensitivity, detector",A2-detector-c05-8-s1,28,detector,21.41,5,2.62,6,17.10,1,100,1,0
matched,"A2 sensitivity, detector",A2-detector-c05-8-s1,29,detector,21.49,5,2.11,6,16.57,34,100,1,0
matched,"A2 sensitivity, detector",A2-detector-c05-8-s1,30,detector,20.73,5,2.24,6,16.86,1,100,1,0
matched,"A2 sensitivity, detector",A2-detector-c05-8-s1,31,detector,21.96,5,2.23,6,16.60,6,100,1,0
matched,"A2 sensitivity, detector",A2-detector-c05-9-s1,0,detector,22.23,5,4.07,7,18.38,2,102,1,0
matched,"A2 sensitivity, detector",A2-detector-c05-9-s1,1,detector,24.39,5,4.09,7,18.00,3,99,1,0
matched,"A2 sensitivity, detector",A2-detector-c05-9-s1,2,detector,22.01,5,5.14,7,19.50,3,98,1,0
matched,"A2 sensitivity, detector",A2-detector-c05-9-s1,3,detector,22.95,5,5.37,7,19.54,2,97,1,0
matched,"A2 sensitivity, detector",A2-detector-c05-9-s1,4,detector,24.44,5,4.50,7,18.40,3,100,1,0
matched,"A2 sensitivity, detector",A2-detector-c05-9-s1,5,detector,23.37,5,5.20,7,19.29,4,101,1,0
matched,"A2 sensitivity, detector",A2-detector-c05-9-s1,6,detector,24.40,5,4.55,7,18.46,2,98,1,0
matched,"A2 sensitivity, detector",A2-detector-c05-9-s1,7,detector,22.56,5,5.34,7,19.59,2,99,1,0
matched,"A2 sensitivity, detector",A2-detector-c05-9-s1,8,detector,21.69,5,5.37,7,19.79,4,99,1,0
matched,"A2 sensitivity, detector",A2-detector-c05-9-s1,9,detector,21.73,5,4.15,7,18.56,3,101,1,0
matched,"A2 sensitivity, detector",A2-detector-c05-9-s1,10,detector,20.91,5,4.89,7,19.47,3,101,1,0
matched,"A2 sensitivity, detector",A2-detector-c05-9-s1,11,detector,22.61,5,4.98,7,19.22,2,99,1,0
matched,"A2 sensitivity, detector",A2-detector-c05-9-s1,12,detector,20.96,5,4.73,7,19.30,2,101,1,0
matched,"A2 sensitivity, detector",A2-detector-c05-9-s1,13,detector,21.75,5,5.75,7,20.16,2,99,1,0
matched,"A2 sensitivity, detector",A2-detector-c05-9-s1,14,detector,24.35,5,4.59,7,18.51,4,100,1,0
matched,"A2 sensitivity, detector",A2-detector-c05-9-s1,15,detector,21.66,5,4.41,7,18.83,3,101,1,0
matched,"A2 sensitivity, detector",A2-detector-c05-9-s1,16,detector,24.30,5,4.47,7,18.40,2,100,1,0
matched,"A2 sensitivity, detector",A2-detector-c05-9-s1,17,detector,21.11,5,5.71,7,20.25,2,99,1,0
matched,"A2 sensitivity, detector",A2-detector-c05-9-s1,18,detector,20.70,5,5.68,7,20.30,1,102,1,0
matched,"A2 sensitivity, detector",A2-detector-c05-9-s1,19,detector,20.17,5,5.52,7,20.25,1,97,1,0
matched,"A2 sensitivity, detector",A2-detector-c05-9-s1,20,detector,20.18,5,5.87,7,20.60,3,98,1,0
matched,"A2 sensitivity, detector",A2-detector-c05-9-s1,21,detector,22.38,5,4.82,7,19.10,3,97,1,0
matched,"A2 sensitivity, detector",A2-detector-c05-9-s1,22,detector,20.71,5,4.23,7,18.85,3,100,1,0
matched,"A2 sensitivity, detector",A2-detector-c05-9-s1,23,detector,20.90,5,4.79,7,19.37,2,100,1,0
matched,"A2 sensitivity, detector",A2-detector-c05-9-s1,24,detector,24.15,5,4.42,7,18.37,3,100,1,0
matched,"A2 sensitivity, detector",A2-detector-c05-9-s1,25,detector,24.29,5,5.78,7,19.71,3,99,1,0
matched,"A2 sensitivity, detector",A2-detector-c05-9-s1,26,detector,22.59,5,4.65,7,18.89,2,102,1,0
matched,"A2 sensitivity, detector",A2-detector-c05-9-s1,27,detector,23.25,5,5.42,7,19.54,4,99,1,0
matched,"A2 sensitivity, detector",A2-detector-c05-9-s1,28,detector,25.11,5,4.89,7,18.67,3,100,1,0
matched,"A2 sensitivity, detector",A2-detector-c05-9-s1,29,detector,20.21,5,5.63,7,20.36,3,102,1,0
matched,"A2 sensitivity, detector",A2-detector-c05-9-s1,30,detector,24.19,5,5.68,7,19.63,3,102,1,0
matched,"A2 sensitivity, detector",A2-detector-c05-9-s1,31,detector,22.53,5,4.67,7,18.92,3,98,1,0
matched,"A2 sensitivity, detector",A2-detector-c05-10-s1,0,detector,21.87,5,6.72,8,21.10,4,100,1,0
matched,"A2 sensitivity, detector",A2-detector-c05-10-s1,1,detector,24.07,5,5.83,7,19.80,2,99,1,0
matched,"A2 sensitivity, detector",A2-detector-c05-10-s1,2,detector,24.32,5,7.14,8,21.06,2,100,1,0
matched,"A2 sensitivity, detector",A2-detector-c05-10-s1,3,detector,20.17,5,6.52,8,21.25,2,100,1,0
matched,"A2 sensitivity, detector",A2-detector-c05-10-s1,4,detector,20.81,5,4.82,7,19.42,2,101,1,0
matched,"A2 sensitivity, detector",A2-detector-c05-10-s1,5,detector,21.04,5,6.94,8,21.49,2,99,1,0
matched,"A2 sensitivity, detector",A2-detector-c05-10-s1,6,detector,24.26,5,7.67,8,21.60,2,100,1,0
matched,"A2 sensitivity, detector",A2-detector-c05-10-s1,7,detector,24.70,5,6.23,8,20.08,3,98,1,0
matched,"A2 sensitivity, detector",A2-detector-c05-10-s1,8,detector,23.08,5,7.48,8,21.63,2,98,1,0
matched,"A2 sensitivity, detector",A2-detector-c05-10-s1,9,detector,24.56,5,6.86,8,20.74,5,99,1,0
matched,"A2 sensitivity, detector",A2-detector-c05-10-s1,10,detector,20.82,5,5.27,7,19.87,2,100,1,0
matched,"A2 sensitivity, detector",A2-detector-c05-10-s1,11,detector,22.94,5,4.16,7,18.34,3,103,1,0
matched,"A2 sensitivity, detector",A2-detector-c05-10-s1,12,detector,25.25,5,6.02,8,19.78,3,101,1,0
matched,"A2 sensitivity, detector",A2-detector-c05-10-s1,13,detector,23.84,5,6.87,8,20.88,3,98,1,0
matched,"A2 sensitivity, detector",A2-detector-c05-10-s1,14,detector,22.06,5,6.63,8,20.98,3,97,1,0
matched,"A2 sensitivity, detector",A2-detector-c05-10-s1,15,detector,22.85,5,5.77,7,19.96,5,105,1,0
matched,"A2 sensitivity, detector",A2-detector-c05-10-s1,16,detector,20.25,5,5.96,7,20.68,1,95,1,0
matched,"A2 sensitivity, detector",A2-detector-c05-10-s1,17,detector,21.16,5,5.38,7,19.91,3,101,1,0
matched,"A2 sensitivity, detector",A2-detector-c05-10-s1,18,detector,20.11,5,6.06,8,20.81,3,100,1,0
matched,"A2 sensitivity, detector",A2-detector-c05-10-s1,19,detector,20.98,5,4.18,7,18.74,2,102,1,0
matched,"A2 sensitivity, detector",A2-detector-c05-10-s1,20,detector,21.83,5,4.47,7,18.86,3,101,1,0
matched,"A2 sensitivity, detector",A2-detector-c05-10-s1,21,detector,21.47,5,4.21,7,18.67,2,99,1,0
matched,"A2 sensitivity, detector",A2-detector-c05-10-s1,22,detector,24.10,5,5.22,7,19.18,6,99,1,0
matched,"A2 sensitivity, detector",A2-detector-c05-10-s1,23,detector,20.35,5,7.83,8,22.53,2,101,1,0
matched,"A2 sensitivity, detector",A2-detector-c05-10-s1,24,detector,21.11,5,7.72,8,22.26,2,102,1,0
matched,"A2 sensitivity, detector",A2-detector-c05-10-s1,25,detector,24.37,5,6.24,8,20.15,3,100,1,0
matched,"A2 sensitivity, detector",A2-detector-c05-10-s1,26,detector,21.60,5,4.58,7,19.02,2,98,1,0
matched,"A2 sensitivity, detector",A2-detector-c05-10-s1,27,detector,21.57,5,5.53,7,19.97,3,96,1,0
matched,"A2 sensitivity, detector",A2-detector-c05-10-s1,28,detector,22.97,5,4.62,7,18.79,3,101,1,0
matched,"A2 sensitivity, detector",A2-detector-c05-10-s1,29,detector,20.77,5,5.30,7,19.91,2,101,1,0
matched,"A2 sensitivity, detector",A2-detector-c05-10-s1,30,detector,21.34,5,6.26,8,20.75,2,99,1,0
matched,"A2 sensitivity, detector",A2-detector-c05-10-s1,31,detector,24.51,5,4.10,7,17.99,4,100,1,0
matched,"A2 sensitivity, detector",A2-detector-c05-11-s1,0,detector,20.14,5,6.73,8,21.47,2,97,1,0
matched,"A2 sensitivity, detector",A2-detector-c05-11-s1,1,detector,21.22,5,6.78,8,21.29,3,101,1,0
matched,"A2 sensitivity, detector",A2-detector-c05-11-s1,2,detector,20.43,5,7.02,8,21.70,1,99,1,0
matched,"A2 sensitivity, detector",A2-detector-c05-11-s1,3,detector,25.26,5,6.25,8,20.01,2,100,1,0
matched,"A2 sensitivity, detector",A2-detector-c05-11-s1,4,detector,20.56,5,6.53,8,21.18,3,98,1,0
matched,"A2 sensitivity, detector",A2-detector-c05-11-s1,5,detector,20.31,5,7.11,8,21.81,2,97,1,0
matched,"A2 sensitivity, detector",A2-detector-c05-11-s1,6,detector,25.16,5,7.18,8,20.95,2,101,1,0
matched,"A2 sensitivity, detector",A2-detector-c05-11-s1,7,detector,21.11,5,6.08,8,20.62,3,102,1,0
matched,"A2 sensitivity, detector",A2-detector-c05-11-s1,8,detector,23.97,5,6.41,8,20.39,3,99,1,0
matched,"A2 sensitivity, detector",A2-detector-c05-11-s1,9,detector,20.47,5,7.12,8,21.79,1,100,1,0
matched,"A2 sensitivity, detector",A2-detector-c05-11-s1,10,detector,23.76,5,7.44,8,21.46,2,100,1,0
matched,"A2 sensitivity, detector",A2-detector-c05-11-s1,11,detector,22.18,5,7.04,8,21.36,2,99,1,0
matched,"A2 sensitivity, detector",A2-detector-c05-11-s1,12,detector,21.65,5,7.54,8,21.97,3,100,1,0
matched,"A2 sensitivity, detector",A2-detector-c05-11-s1,13,detector,20.77,5,7.76,8,22.37,2,101,1,0
matched,"A2 sensitivity, detector",A2-detector-c05-11-s1,14,detector,22.03,5,7.31,8,21.66,3,100,1,0
matched,"A2 sensitivity, detector",A2-detector-c05-11-s1,15,detector,20.66,5,7.77,8,22.40,4,100,1,0
matched,"A2 sensitivity, detector",A2-detector-c05-11-s1,16,detector,21.06,5,6.13,8,20.68,3,97,1,0
matched,"A2 sensitivity, detector",A2-detector-c05-11-s1,17,detector,23.54,5,7.24,8,21.30,1,102,1,0
matched,"A2 sensitivity, detector",A2-detector-c05-11-s1,18,detector,24.72,5,7.61,8,21.46,4,97,1,0
matched,"A2 sensitivity, detector",A2-detector-c05-11-s1,19,detector,20.21,5,6.40,8,21.13,2,100,1,0
matched,"A2 sensitivity, detector",A2-detector-c05-11-s1,20,detector,24.21,5,7.40,8,21.34,2,101,1,0
matched,"A2 sensitivity, detector",A2-detector-c05-11-s1,21,detector,22.72,5,7.75,8,21.97,3,98,1,0
matched,"A2 sensitivity, detector",A2-detector-c05-11-s1,22,detector,21.32,5,6.81,8,21.30,3,96,1,0
matched,"A2 sensitivity, detector",A2-detector-c05-11-s1,23,detector,23.40,5,6.03,8,20.12,2,101,1,0
matched,"A2 sensitivity, detector",A2-detector-c05-11-s1,24,detector,22.10,5,6.39,8,20.73,4,101,1,0
matched,"A2 sensitivity, detector",A2-detector-c05-11-s1,25,detector,21.97,5,7.45,8,21.81,3,99,1,0
matched,"A2 sensitivity, detector",A2-detector-c05-11-s1,26,detector,21.54,5,6.27,8,20.72,2,100,1,0
matched,"A2 sensitivity, detector",A2-detector-c05-11-s1,27,detector,20.40,5,6.22,8,20.91,3,98,1,0
matched,"A2 sensitivity, detector",A2-detector-c05-11-s1,28,detector,21.51,5,7.47,8,21.93,2,100,1,0
matched,"A2 sensitivity, detector",A2-detector-c05-11-s1,29,detector,24.80,5,7.69,8,21.53,3,100,1,0
matched,"A2 sensitivity, detector",A2-detector-c05-11-s1,30,detector,21.01,5,7.91,8,22.47,2,98,1,0
matched,"A2 sensitivity, detector",A2-detector-c05-11-s1,31,detector,22.58,5,7.86,8,22.10,3,100,1,0
matched,"A2 sensitivity, detector",A2-detector-c05-12-s1,0,detector,23.87,5,8.48,9,22.48,5,98,1,0
matched,"A2 sensitivity, detector",A2-detector-c05-12-s1,1,detector,22.47,5,8.68,9,22.95,3,101,1,0
matched,"A2 sensitivity, detector",A2-detector-c05-12-s1,2,detector,24.20,5,8.95,9,22.89,8,95,1,0
matched,"A2 sensitivity, detector",A2-detector-c05-12-s1,3,detector,25.13,5,9.77,9,23.55,3,100,1,0
matched,"A2 sensitivity, detector",A2-detector-c05-12-s1,4,detector,24.45,5,9.34,9,23.24,4,99,1,0
matched,"A2 sensitivity, detector",A2-detector-c05-12-s1,5,detector,22.15,5,9.53,9,23.86,2,99,1,0
matched,"A2 sensitivity, detector",A2-detector-c05-12-s1,6,detector,22.48,5,9.20,9,23.46,1,100,1,0
matched,"A2 sensitivity, detector",A2-detector-c05-12-s1,7,detector,23.75,5,8.30,9,22.32,3,99,1,0
matched,"A2 sensitivity, detector",A2-detector-c05-12-s1,8,detector,23.13,5,9.16,9,23.30,3,102,1,0
matched,"A2 sensitivity, detector",A2-detector-c05-12-s1,9,detector,24.16,5,8.37,9,22.32,3,102,1,0
matched,"A2 sensitivity, detector",A2-detector-c05-12-s1,10,detector,20.86,5,8.95,9,23.54,1,99,1,0
matched,"A2 sensitivity, detector",A2-detector-c05-12-s1,11,detector,24.96,5,9.44,9,23.25,2,99,1,0
matched,"A2 sensitivity, detector",A2-detector-c05-12-s1,12,detector,22.25,5,8.69,9,23.00,3,101,1,0
matched,"A2 sensitivity, detector",A2-detector-c05-12-s1,13,detector,21.12,5,9.77,9,24.30,3,101,1,0
matched,"A2 sensitivity, detector",A2-detector-c05-12-s1,14,detector,21.74,5,9.69,9,24.10,3,98,1,0
matched,"A2 sensitivity, detector",A2-detector-c05-12-s1,15,detector,20.18,5,9.05,9,23.78,1,101,1,0
matched,"A2 sensitivity, detector",A2-detector-c05-12-s1,16,detector,23.12,5,8.70,9,22.84,3,100,1,0
matched,"A2 sensitivity, detector",A2-detector-c05-12-s1,17,detector,23.93,5,9.99,9,23.98,2,99,1,0
matched,"A2 sensitivity, detector",A2-detector-c05-12-s1,18,detector,22.79,5,8.86,9,23.06,2,103,1,0
matched,"A2 sensitivity, detector",A2-detector-c05-12-s1,19,detector,25.13,5,9.16,9,22.94,3,99,1,0
matched,"A2 sensitivity, detector",A2-detector-c05-12-s1,20,detector,21.78,5,8.77,9,23.17,2,101,1,0
matched,"A2 sensitivity, detector",A2-detector-c05-12-s1,21,detector,23.96,5,9.11,9,23.10,3,98,1,0
matched,"A2 sensitivity, detector",A2-detector-c05-12-s1,22,detector,23.90,5,9.95,9,23.95,24,97,1,0
matched,"A2 sensitivity, detector",A2-detector-c05-12-s1,23,detector,21.16,5,9.14,9,23.67,2,101,1,0
matched,"A2 sensitivity, detector",A2-detector-c05-12-s1,24,detector,20.67,5,9.27,9,23.90,3,101,1,0
matched,"A2 sensitivity, detector",A2-detector-c05-12-s1,25,detector,24.80,5,9.87,9,23.71,3,100,1,0
matched,"A2 sensitivity, detector",A2-detector-c05-12-s1,26,detector,24.83,5,8.35,9,22.18,3,99,1,0
matched,"A2 sensitivity, detector",A2-detector-c05-12-s1,27,detector,22.78,5,9.00,9,23.21,1,99,1,0
matched,"A2 sensitivity, detector",A2-detector-c05-12-s1,28,detector,23.63,5,9.24,9,23.29,2,100,1,0
matched,"A2 sensitivity, detector",A2-detector-c05-12-s1,29,detector,23.91,5,9.74,9,23.74,2,100,1,0
matched,"A2 sensitivity, detector",A2-detector-c05-12-s1,30,detector,21.93,5,8.24,9,22.61,1,100,1,0
matched,"A2 sensitivity, detector",A2-detector-c05-12-s1,31,detector,20.41,5,9.78,9,24.46,2,98,1,0
matched,"A2 sensitivity, detector",A2-detector-c05-13-s1,0,detector,20.14,5,10.31,10,25.05,1,98,1,0
matched,"A2 sensitivity, detector",A2-detector-c05-13-s1,1,detector,24.28,5,10.88,10,24.81,4,99,1,0
matched,"A2 sensitivity, detector",A2-detector-c05-13-s1,2,detector,23.74,5,11.72,10,25.75,4,100,1,0
matched,"A2 sensitivity, detector",A2-detector-c05-13-s1,3,detector,20.32,5,9.99,9,24.69,3,99,1,0
matched,"A2 sensitivity, detector",A2-detector-c05-13-s1,4,detector,21.62,5,10.65,10,25.08,2,100,1,0
matched,"A2 sensitivity, detector",A2-detector-c05-13-s1,5,detector,20.32,5,9.88,9,24.58,3,99,1,0
matched,"A2 sensitivity, detector",A2-detector-c05-13-s1,6,detector,22.24,5,8.79,9,23.10,2,100,1,0
matched,"A2 sensitivity, detector",A2-detector-c05-13-s1,7,detector,20.32,5,9.80,9,24.50,2,101,1,0
matched,"A2 sensitivity, detector",A2-detector-c05-13-s1,8,detector,20.73,5,11.64,10,26.26,2,98,1,0
matched,"A2 sensitivity, detector",A2-detector-c05-13-s1,9,detector,20.60,5,9.10,9,23.74,3,99,1,0
matched,"A2 sensitivity, detector",A2-detector-c05-13-s1,10,detector,20.55,5,9.11,9,23.76,3,98,1,0
matched,"A2 sensitivity, detector",A2-detector-c05-13-s1,11,detector,23.19,5,11.31,10,25.44,1,101,1,0
matched,"A2 sensitivity, detector",A2-detector-c05-13-s1,12,detector,20.36,5,8.23,9,22.92,2,101,1,0
matched,"A2 sensitivity, detector",A2-detector-c05-13-s1,13,detector,20.52,5,11.67,10,26.33,2,99,1,0
matched,"A2 sensitivity, detector",A2-detector-c05-13-s1,14,detector,24.02,5,11.70,10,25.68,3,100,1,0
matched,"A2 sensitivity, detector",A2-detector-c05-13-s1,15,detector,22.03,5,9.33,9,23.68,2,96,1,0
matched,"A2 sensitivity, detector",A2-detector-c05-13-s1,16,detector,24.42,5,8.72,9,22.62,3,99,1,0
matched,"A2 sensitivity, detector",A2-detector-c05-13-s1,17,detector,22.05,5,8.02,9,22.37,2,99,1,0
matched,"A2 sensitivity, detector",A2-detector-c05-13-s1,18,detector,23.80,5,10.24,10,24.26,2,101,1,0
matched,"A2 sensitivity, detector",A2-detector-c05-13-s1,19,detector,24.29,5,11.43,10,25.36,3,101,1,0
matched,"A2 sensitivity, detector",A2-detector-c05-13-s1,20,detector,24.10,5,11.77,10,25.73,2,100,1,0
matched,"A2 sensitivity, detector",A2-detector-c05-13-s1,21,detector,21.63,5,10.16,10,24.59,4,100,1,0
matched,"A2 sensitivity, detector",A2-detector-c05-13-s1,22,detector,22.64,5,9.42,9,23.65,2,98,1,0
matched,"A2 sensitivity, detector",A2-detector-c05-13-s1,23,detector,20.73,5,11.42,10,26.04,1,99,1,0
matched,"A2 sensitivity, detector",A2-detector-c05-13-s1,24,detector,20.29,5,10.34,10,25.05,21,100,1,0
matched,"A2 sensitivity, detector",A2-detector-c05-13-s1,25,detector,24.51,5,8.91,9,22.80,3,100,1,0
matched,"A2 sensitivity, detector",A2-detector-c05-13-s1,26,detector,20.15,5,11.72,10,26.46,3,101,1,0
matched,"A2 sensitivity, detector",A2-detector-c05-13-s1,27,detector,22.84,5,9.75,9,23.94,3,100,1,0
matched,"A2 sensitivity, detector",A2-detector-c05-13-s1,28,detector,23.06,5,9.04,9,23.19,2,101,1,0
matched,"A2 sensitivity, detector",A2-detector-c05-13-s1,29,detector,25.17,5,9.31,9,23.08,5,102,1,0
matched,"A2 sensitivity, detector",A2-detector-c05-13-s1,30,detector,23.17,5,11.63,10,25.76,3,99,1,0
matched,"A2 sensitivity, detector",A2-detector-c05-13-s1,31,detector,23.28,5,9.79,9,23.90,3,102,1,0
matched,"A2 sensitivity, detector",A2-detector-c05-14-s1,0,detector,21.17,5,10.27,10,24.79,2,99,1,0
matched,"A2 sensitivity, detector",A2-detector-c05-14-s1,1,detector,20.29,5,10.21,10,24.92,3,99,1,0
matched,"A2 sensitivity, detector",A2-detector-c05-14-s1,2,detector,23.99,5,10.09,10,24.07,2,98,1,0
matched,"A2 sensitivity, detector",A2-detector-c05-14-s1,3,detector,23.98,5,10.15,10,24.13,2,101,1,0
matched,"A2 sensitivity, detector",A2-detector-c05-14-s1,4,detector,20.40,5,11.84,10,26.53,2,98,1,0
matched,"A2 sensitivity, detector",A2-detector-c05-14-s1,5,detector,21.14,5,10.72,10,25.25,3,99,1,0
matched,"A2 sensitivity, detector",A2-detector-c05-14-s1,6,detector,25.08,5,11.27,10,25.06,3,96,1,0
matched,"A2 sensitivity, detector",A2-detector-c05-14-s1,7,detector,21.36,5,10.65,10,25.14,2,99,1,0
matched,"A2 sensitivity, detector",A2-detector-c05-14-s1,8,detector,22.25,5,10.53,10,24.84,4,100,1,0
matched,"A2 sensitivity, detector",A2-detector-c05-14-s1,9,detector,24.09,5,10.84,10,24.80,3,99,1,0
matched,"A2 sensitivity, detector",A2-detector-c05-14-s1,10,detector,21.22,5,10.97,10,25.48,2,101,1,0
matched,"A2 sensitivity, detector",A2-detector-c05-14-s1,11,detector,25.01,5,10.20,10,24.00,3,100,1,0
matched,"A2 sensitivity, detector",A2-detector-c05-14-s1,12,detector,22.54,5,10.38,10,24.63,2,99,1,0
matched,"A2 sensitivity, detector",A2-detector-c05-14-s1,13,detector,20.28,5,10.74,10,25.45,3,101,1,0
matched,"A2 sensitivity, detector",A2-detector-c05-14-s1,14,detector,24.72,5,11.82,10,25.67,3,101,1,0
matched,"A2 sensitivity, detector",A2-detector-c05-14-s1,15,detector,24.70,5,11.01,10,24.86,2,102,1,0
matched,"A2 sensitivity, detector",A2-detector-c05-14-s1,16,detector,23.64,5,10.03,10,24.08,2,100,1,0
matched,"A2 sensitivity, detector",A2-detector-c05-14-s1,17,detector,22.78,5,11.11,10,25.32,2,100,1,0
matched,"A2 sensitivity, detector",A2-detector-c05-14-s1,18,detector,21.95,5,11.88,10,26.25,2,98,1,0
matched,"A2 sensitivity, detector",A2-detector-c05-14-s1,19,detector,23.83,5,10.66,10,24.67,3,99,1,0
matched,"A2 sensitivity, detector",A2-detector-c05-14-s1,20,detector,24.06,5,11.15,10,25.12,9,99,1,0
matched,"A2 sensitivity, detector",A2-detector-c05-14-s1,21,detector,24.39,5,10.51,10,24.42,3,102,1,0
matched,"A2 sensitivity, detector",A2-detector-c05-14-s1,22,detector,24.77,5,11.30,10,25.14,3,98,1,0
matched,"A2 sensitivity, detector",A2-detector-c05-14-s1,23,detector,23.60,5,10.13,10,24.18,2,100,1,0
matched,"A2 sensitivity, detector",A2-detector-c05-14-s1,24,detector,21.92,5,10.08,10,24.45,2,101,1,0
matched,"A2 sensitivity, detector",A2-detector-c05-14-s1,25,detector,20.29,5,10.37,10,25.08,3,100,1,0
matched,"A2 sensitivity, detector",A2-detector-c05-14-s1,26,detector,22.75,5,11.31,10,25.52,3,100,1,0
matched,"A2 sensitivity, detector",A2-detector-c05-14-s1,27,detector,25.16,5,11.51,10,25.28,3,101,1,0
matched,"A2 sensitivity, detector",A2-detector-c05-14-s1,28,detector,23.10,5,11.47,10,25.62,2,101,1,0
matched,"A2 sensitivity, detector",A2-detector-c05-14-s1,29,detector,23.16,5,11.83,10,25.96,2,100,1,0
matched,"A2 sensitivity, detector",A2-detector-c05-14-s1,30,detector,22.03,5,10.54,10,24.89,2,98,1,0
matched,"A2 sensitivity, detector",A2-detector-c05-14-s1,31,detector,24.60,5,10.28,10,24.15,2,101,1,0
matched,"A2 sensitivity, detector",A2-detector-c05-15-s1,0,detector,20.27,5,13.74,11,28.45,3,103,1,0
matched,"A2 sensitivity, detector",A2-detector-c05-15-s1,1,detector,20.75,5,12.75,11,27.36,2,101,1,0
matched,"A2 sensitivity, detector",A2-detector-c05-15-s1,2,detector,23.16,5,12.11,11,26.24,3,98,1,0
matched,"A2 sensitivity, detector",A2-detector-c05-15-s1,3,detector,22.48,5,13.44,11,27.70,2,98,1,0
matched,"A2 sensitivity, detector",A2-detector-c05-15-s1,4,detector,21.51,5,13.11,11,27.57,3,101,1,0
matched,"A2 sensitivity, detector",A2-detector-c05-15-s1,5,detector,24.34,5,12.71,11,26.63,3,98,1,0
matched,"A2 sensitivity, detector",A2-detector-c05-15-s1,6,detector,20.34,5,12.80,11,27.50,2,99,1,0
matched,"A2 sensitivity, detector",A2-detector-c05-15-s1,7,detector,23.83,5,12.99,11,27.00,3,101,1,0
matched,"A2 sensitivity, detector",A2-detector-c05-15-s1,8,detector,23.72,5,12.48,11,26.51,2,101,1,0
matched,"A2 sensitivity, detector",A2-detector-c05-15-s1,9,detector,22.32,5,12.80,11,27.09,4,102,1,0
matched,"A2 sensitivity, detector",A2-detector-c05-15-s1,10,detector,20.55,5,13.79,11,28.44,2,99,1,0
matched,"A2 sensitivity, detector",A2-detector-c05-15-s1,11,detector,23.96,5,12.50,11,26.49,1,100,1,0
matched,"A2 sensitivity, detector",A2-detector-c05-15-s1,12,detector,20.29,5,13.93,11,28.64,1,98,1,0
matched,"A2 sensitivity, detector",A2-detector-c05-15-s1,13,detector,20.76,5,12.47,11,27.08,3,99,1,0
matched,"A2 sensitivity, detector",A2-detector-c05-15-s1,14,detector,23.74,5,12.98,11,27.01,2,99,1,0
matched,"A2 sensitivity, detector",A2-detector-c05-15-s1,15,detector,21.31,5,12.89,11,27.39,1,99,1,0
matched,"A2 sensitivity, detector",A2-detector-c05-15-s1,16,detector,22.33,5,12.04,11,26.33,3,99,1,0
matched,"A2 sensitivity, detector",A2-detector-c05-15-s1,17,detector,21.81,5,13.31,11,27.70,2,101,1,0
matched,"A2 sensitivity, detector",A2-detector-c05-15-s1,18,detector,23.58,5,13.54,11,27.60,2,100,1,0
matched,"A2 sensitivity, detector",A2-detector-c05-15-s1,19,detector,24.26,5,13.83,11,27.76,2,102,1,0
matched,"A2 sensitivity, detector",A2-detector-c05-15-s1,20,detector,21.65,5,13.59,11,28.02,4,101,1,0
matched,"A2 sensitivity, detector",A2-detector-c05-15-s1,21,detector,25.29,5,13.97,11,27.72,2,98,1,0
matched,"A2 sensitivity, detector",A2-detector-c05-15-s1,22,detector,21.65,5,12.93,11,27.36,3,100,1,0
matched,"A2 sensitivity, detector",A2-detector-c05-15-s1,23,detector,25.01,5,13.73,11,27.53,2,99,1,0
matched,"A2 sensitivity, detector",A2-detector-c05-15-s1,24,detector,20.99,5,12.03,11,26.59,1,100,1,0
matched,"A2 sensitivity, detector",A2-detector-c05-15-s1,25,detector,25.08,5,13.97,11,27.76,3,96,1,0
matched,"A2 sensitivity, detector",A2-detector-c05-15-s1,26,detector,24.53,5,13.09,11,26.97,2,100,1,0
matched,"A2 sensitivity, detector",A2-detector-c05-15-s1,27,detector,22.54,5,13.60,11,27.85,3,100,1,0
matched,"A2 sensitivity, detector",A2-detector-c05-15-s1,28,detector,20.13,5,12.45,11,27.19,3,101,1,0
matched,"A2 sensitivity, detector",A2-detector-c05-15-s1,29,detector,20.22,5,12.24,11,26.96,2,100,1,0
matched,"A2 sensitivity, detector",A2-detector-c05-15-s1,30,detector,21.39,5,13.05,11,27.53,2,101,1,0
matched,"A2 sensitivity, detector",A2-detector-c05-15-s1,31,detector,20.62,5,12.48,11,27.12,3,99,1,0
matched,"A2 sensitivity, detector",A2-detector-c05-16-s1,0,detector,22.62,5,12.75,11,26.99,2,99,1,0
matched,"A2 sensitivity, detector",A2-detector-c05-16-s1,1,detector,21.65,5,12.15,11,26.58,3,103,1,0
matched,"A2 sensitivity, detector",A2-detector-c05-16-s1,2,detector,21.64,5,14.24,12,28.67,2,99,1,0
matched,"A2 sensitivity, detector",A2-detector-c05-16-s1,3,detector,24.26,5,13.75,11,27.68,2,100,1,0
matched,"A2 sensitivity, detector",A2-detector-c05-16-s1,4,detector,21.12,5,15.72,12,30.25,2,98,1,0
matched,"A2 sensitivity, detector",A2-detector-c05-16-s1,5,detector,21.12,5,15.88,12,30.41,2,99,1,0
matched,"A2 sensitivity, detector",A2-detector-c05-16-s1,6,detector,22.12,5,12.08,11,26.41,2,101,1,0
matched,"A2 sensitivity, detector",A2-detector-c05-16-s1,7,detector,21.44,5,15.07,12,29.54,2,99,1,0
matched,"A2 sensitivity, detector",A2-detector-c05-16-s1,8,detector,20.58,5,13.16,11,27.81,3,99,1,0
matched,"A2 sensitivity, detector",A2-detector-c05-16-s1,9,detector,22.41,5,13.14,11,27.42,2,97,1,0
matched,"A2 sensitivity, detector",A2-detector-c05-16-s1,10,detector,22.10,5,13.11,11,27.45,2,102,1,0
matched,"A2 sensitivity, detector",A2-detector-c05-16-s1,11,detector,22.01,5,14.02,12,28.38,3,101,1,0
matched,"A2 sensitivity, detector",A2-detector-c05-16-s1,12,detector,22.43,5,15.83,12,30.10,2,100,1,0
matched,"A2 sensitivity, detector",A2-detector-c05-16-s1,13,detector,22.21,5,14.83,12,29.15,2,100,1,0
matched,"A2 sensitivity, detector",A2-detector-c05-16-s1,14,detector,21.04,5,15.81,12,30.36,2,100,1,0
matched,"A2 sensitivity, detector",A2-detector-c05-16-s1,15,detector,24.81,5,12.80,11,26.64,2,100,1,0
matched,"A2 sensitivity, detector",A2-detector-c05-16-s1,16,detector,21.20,5,12.56,11,27.08,3,99,1,0
matched,"A2 sensitivity, detector",A2-detector-c05-16-s1,17,detector,21.86,5,12.17,11,26.56,2,98,1,0
matched,"A2 sensitivity, detector",A2-detector-c05-16-s1,18,detector,20.29,5,14.81,12,29.52,2,98,1,0
matched,"A2 sensitivity, detector",A2-detector-c05-16-s1,19,detector,23.82,5,13.32,11,27.33,3,102,1,0
matched,"A2 sensitivity, detector",A2-detector-c05-16-s1,20,detector,21.55,5,13.97,11,28.42,25,98,1,0
matched,"A2 sensitivity, detector",A2-detector-c05-16-s1,21,detector,21.38,5,14.48,12,28.96,1,98,1,0
matched,"A2 sensitivity, detector",A2-detector-c05-16-s1,22,detector,24.98,5,12.00,11,25.81,2,99,1,0
matched,"A2 sensitivity, detector",A2-detector-c05-16-s1,23,detector,21.01,5,14.88,12,29.44,2,99,1,0
matched,"A2 sensitivity, detector",A2-detector-c05-16-s1,24,detector,23.46,5,14.48,12,28.56,1,101,1,0
matched,"A2 sensitivity, detector",A2-detector-c05-16-s1,25,detector,25.12,5,13.79,11,27.57,2,102,1,0
matched,"A2 sensitivity, detector",A2-detector-c05-16-s1,26,detector,22.31,5,15.68,12,29.98,1,100,1,0
matched,"A2 sensitivity, detector",A2-detector-c05-16-s1,27,detector,22.07,5,13.18,11,27.52,2,100,1,0
matched,"A2 sensitivity, detector",A2-detector-c05-16-s1,28,detector,24.48,5,14.99,12,28.88,3,101,1,0
matched,"A2 sensitivity, detector",A2-detector-c05-16-s1,29,detector,22.11,5,13.66,11,28.00,3,104,1,0
matched,"A2 sensitivity, detector",A2-detector-c05-16-s1,30,detector,21.83,5,14.53,12,28.92,1,99,1,0
matched,"A2 sensitivity, detector",A2-detector-c05-16-s1,31,detector,21.97,5,14.76,12,29.12,3,101,1,0
matched,"A2 sensitivity, detector",A2-detector-c05-17-s1,0,detector,22.21,5,15.99,12,30.31,1,100,1,0
matched,"A2 sensitivity, detector",A2-detector-c05-17-s1,1,detector,22.20,5,14.83,12,29.15,2,98,1,0
matched,"A2 sensitivity, detector",A2-detector-c05-17-s1,2,detector,24.13,5,15.21,12,29.17,2,101,1,0
matched,"A2 sensitivity, detector",A2-detector-c05-17-s1,3,detector,24.34,5,14.85,12,28.77,2,99,1,0
matched,"A2 sensitivity, detector",A2-detector-c05-17-s1,4,detector,21.14,5,15.98,12,30.51,2,98,1,0
matched,"A2 sensitivity, detector",A2-detector-c05-17-s1,5,detector,24.06,5,14.55,12,28.52,3,101,1,0
matched,"A2 sensitivity, detector",A2-detector-c05-17-s1,6,detector,22.65,5,14.32,12,28.55,2,103,1,0
matched,"A2 sensitivity, detector",A2-detector-c05-17-s1,7,detector,24.32,5,14.68,12,28.60,4,100,1,0
matched,"A2 sensitivity, detector",A2-detector-c05-17-s1,8,detector,24.23,5,14.73,12,28.67,1,101,1,0
matched,"A2 sensitivity, detector",A2-detector-c05-17-s1,9,detector,21.43,5,15.15,12,29.62,4,99,1,0
matched,"A2 sensitivity, detector",A2-detector-c05-17-s1,10,detector,21.80,5,15.17,12,29.57,3,99,1,0
matched,"A2 sensitivity, detector",A2-detector-c05-17-s1,11,detector,20.27,5,15.71,12,30.42,3,100,1,0
matched,"A2 sensitivity, detector",A2-detector-c05-17-s1,12,detector,22.73,5,15.62,12,29.84,5,99,1,0
matched,"A2 sensitivity, detector",A2-detector-c05-17-s1,13,detector,22.35,5,15.77,12,30.06,3,101,1,0
matched,"A2 sensitivity, detector",A2-detector-c05-17-s1,14,detector,24.99,5,15.91,12,29.71,4,101,1,0
matched,"A2 sensitivity, detector",A2-detector-c05-17-s1,15,detector,24.47,5,14.73,12,28.63,2,97,1,0
matched,"A2 sensitivity, detector",A2-detector-c05-17-s1,16,detector,23.13,5,15.34,12,29.48,2,100,1,0
matched,"A2 sensitivity, detector",A2-detector-c05-17-s1,17,detector,23.98,5,15.28,12,29.26,3,101,1,0
matched,"A2 sensitivity, detector",A2-detector-c05-17-s1,18,detector,23.89,5,14.35,12,28.35,2,100,1,0
matched,"A2 sensitivity, detector",A2-detector-c05-17-s1,19,detector,20.57,5,15.32,12,29.97,3,99,1,0
matched,"A2 sensitivity, detector",A2-detector-c05-17-s1,20,detector,22.16,5,14.93,12,29.26,2,99,1,0
matched,"A2 sensitivity, detector",A2-detector-c05-17-s1,21,detector,22.70,5,15.41,12,29.63,3,101,1,0
matched,"A2 sensitivity, detector",A2-detector-c05-17-s1,22,detector,21.20,5,14.99,12,29.51,4,100,1,0
matched,"A2 sensitivity, detector",A2-detector-c05-17-s1,23,detector,23.95,5,15.82,12,29.81,3,101,1,0
matched,"A2 sensitivity, detector",A2-detector-c05-17-s1,24,detector,21.30,5,14.43,12,28.93,1,99,1,0
matched,"A2 sensitivity, detector",A2-detector-c05-17-s1,25,detector,21.84,5,14.24,12,28.63,2,100,1,0
matched,"A2 sensitivity, detector",A2-detector-c05-17-s1,26,detector,24.24,5,14.93,12,28.87,2,102,1,0
matched,"A2 sensitivity, detector",A2-detector-c05-17-s1,27,detector,21.99,5,15.79,12,30.15,2,98,1,0
matched,"A2 sensitivity, detector",A2-detector-c05-17-s1,28,detector,24.08,5,15.40,12,29.36,7,99,1,0
matched,"A2 sensitivity, detector",A2-detector-c05-17-s1,29,detector,24.59,5,15.40,12,29.27,3,97,1,0
matched,"A2 sensitivity, detector",A2-detector-c05-17-s1,30,detector,22.16,5,14.07,12,28.40,1,99,1,0
matched,"A2 sensitivity, detector",A2-detector-c05-17-s1,31,detector,24.68,5,15.62,12,29.48,2,101,1,0
matched,"A2 sensitivity, detector",A2-detector-c05-18-s1,0,detector,23.11,5,17.73,13,31.87,2,100,1,0
matched,"A2 sensitivity, detector",A2-detector-c05-18-s1,1,detector,22.08,5,17.40,13,31.74,2,100,1,0
matched,"A2 sensitivity, detector",A2-detector-c05-18-s1,2,detector,25.20,5,16.57,13,30.34,4,101,1,0
matched,"A2 sensitivity, detector",A2-detector-c05-18-s1,3,detector,20.14,5,17.42,13,32.16,2,99,1,0
matched,"A2 sensitivity, detector",A2-detector-c05-18-s1,4,detector,23.38,5,17.87,13,31.96,2,101,1,0
matched,"A2 sensitivity, detector",A2-detector-c05-18-s1,5,detector,23.44,5,16.52,13,30.60,2,102,1,0
matched,"A2 sensitivity, detector",A2-detector-c05-18-s1,6,detector,22.96,5,17.85,13,32.02,8,101,1,0
matched,"A2 sensitivity, detector",A2-detector-c05-18-s1,7,detector,20.12,5,16.54,13,31.29,1,98,1,0
matched,"A2 sensitivity, detector",A2-detector-c05-18-s1,8,detector,21.96,5,17.66,13,32.03,3,101,1,0
matched,"A2 sensitivity, detector",A2-detector-c05-18-s1,9,detector,23.66,5,17.42,13,31.46,2,98,1,0
matched,"A2 sensitivity, detector",A2-detector-c05-18-s1,10,detector,20.87,5,16.62,13,31.21,1,102,1,0
matched,"A2 sensitivity, detector",A2-detector-c05-18-s1,11,detector,23.37,5,17.13,13,31.22,2,101,1,0
matched,"A2 sensitivity, detector",A2-detector-c05-18-s1,12,detector,21.29,5,17.41,13,31.91,1,98,1,0
matched,"A2 sensitivity, detector",A2-detector-c05-18-s1,13,detector,20.99,5,17.22,13,31.78,4,99,1,0
matched,"A2 sensitivity, detector",A2-detector-c05-18-s1,14,detector,21.21,5,16.84,13,31.36,1,100,1,0
matched,"A2 sensitivity, detector",A2-detector-c05-18-s1,15,detector,21.70,5,16.33,13,30.75,3,98,1,0
matched,"A2 sensitivity, detector",A2-detector-c05-18-s1,16,detector,24.46,5,17.67,13,31.57,2,102,1,0
matched,"A2 sensitivity, detector",A2-detector-c05-18-s1,17,detector,20.90,5,17.32,13,31.90,3,100,1,0
matched,"A2 sensitivity, detector",A2-detector-c05-18-s1,18,detector,23.21,5,16.71,13,30.83,3,97,1,0
matched,"A2 sensitivity, detector",A2-detector-c05-18-s1,19,detector,21.42,5,17.57,13,32.04,2,99,1,0
matched,"A2 sensitivity, detector",A2-detector-c05-18-s1,20,detector,23.83,5,17.90,13,31.91,2,98,1,0
matched,"A2 sensitivity, detector",A2-detector-c05-18-s1,21,detector,22.19,5,16.88,13,31.20,2,98,1,0
matched,"A2 sensitivity, detector",A2-detector-c05-18-s1,22,detector,20.96,5,16.79,13,31.36,2,100,1,0
matched,"A2 sensitivity, detector",A2-detector-c05-18-s1,23,detector,23.50,5,17.29,13,31.36,2,99,1,0
matched,"A2 sensitivity, detector",A2-detector-c05-18-s1,24,detector,23.41,5,16.33,13,30.42,3,100,1,0
matched,"A2 sensitivity, detector",A2-detector-c05-18-s1,25,detector,24.44,5,16.21,13,30.11,2,102,1,0
matched,"A2 sensitivity, detector",A2-detector-c05-18-s1,26,detector,23.19,5,16.70,13,30.83,1,100,1,0
matched,"A2 sensitivity, detector",A2-detector-c05-18-s1,27,detector,25.24,5,17.73,13,31.49,2,99,1,0
matched,"A2 sensitivity, detector",A2-detector-c05-18-s1,28,detector,21.62,5,16.92,13,31.35,3,100,1,0
matched,"A2 sensitivity, detector",A2-detector-c05-18-s1,29,detector,24.44,5,17.22,13,31.12,3,102,1,0
matched,"A2 sensitivity, detector",A2-detector-c05-18-s1,30,detector,23.75,5,16.81,13,30.83,3,102,1,0
matched,"A2 sensitivity, detector",A2-detector-c05-18-s1,31,detector,21.82,5,16.95,13,31.34,1,100,1,0
matched,"A2 sensitivity, detector",A2-detector-c05-19-s1,0,detector,21.48,5,18.63,14,33.09,3,102,1,0
matched,"A2 sensitivity, detector",A2-detector-c05-19-s1,1,detector,23.17,5,18.64,14,32.77,2,100,1,0
matched,"A2 sensitivity, detector",A2-detector-c05-19-s1,2,detector,21.62,5,16.87,13,31.30,3,99,1,0
matched,"A2 sensitivity, detector",A2-detector-c05-19-s1,3,detector,22.77,5,16.00,13,30.21,2,97,1,0
matched,"A2 sensitivity, detector",A2-detector-c05-19-s1,4,detector,22.69,5,17.72,13,31.94,2,100,1,0
matched,"A2 sensitivity, detector",A2-detector-c05-19-s1,5,detector,22.25,5,16.50,13,30.81,3,102,1,0
matched,"A2 sensitivity, detector",A2-detector-c05-19-s1,6,detector,24.12,5,19.81,14,33.77,3,101,1,0
matched,"A2 sensitivity, detector",A2-detector-c05-19-s1,7,detector,24.55,5,16.15,13,30.03,3,100,1,0
matched,"A2 sensitivity, detector",A2-detector-c05-19-s1,8,detector,24.93,5,19.33,14,33.14,31,99,1,0
matched,"A2 sensitivity, detector",A2-detector-c05-19-s1,9,detector,22.87,5,18.03,14,32.22,4,100,1,0
matched,"A2 sensitivity, detector",A2-detector-c05-19-s1,10,detector,22.24,5,16.71,13,31.02,3,101,1,0
matched,"A2 sensitivity, detector",A2-detector-c05-19-s1,11,detector,24.16,5,17.57,13,31.52,2,101,1,0
matched,"A2 sensitivity, detector",A2-detector-c05-19-s1,12,detector,21.60,5,16.45,13,30.89,2,102,1,0
matched,"A2 sensitivity, detector",A2-detector-c05-19-s1,13,detector,20.25,5,19.97,14,34.69,1,99,1,0
matched,"A2 sensitivity, detector",A2-detector-c05-19-s1,14,detector,22.39,5,16.74,13,31.02,2,99,1,0
matched,"A2 sensitivity, detector",A2-detector-c05-19-s1,15,detector,24.41,5,18.20,14,32.11,2,97,1,0
matched,"A2 sensitivity, detector",A2-detector-c05-19-s1,16,detector,23.60,5,19.45,14,33.50,3,101,1,0
matched,"A2 sensitivity, detector",A2-detector-c05-19-s1,17,detector,20.27,5,19.16,14,33.87,2,99,1,0
matched,"A2 sensitivity, detector",A2-detector-c05-19-s1,18,detector,22.74,5,19.73,14,33.94,3,101,1,0
matched,"A2 sensitivity, detector",A2-detector-c05-19-s1,19,detector,20.24,5,17.09,13,31.81,2,100,1,0
matched,"A2 sensitivity, detector",A2-detector-c05-19-s1,20,detector,22.41,5,16.05,13,30.33,2,101,1,0
matched,"A2 sensitivity, detector",A2-detector-c05-19-s1,21,detector,24.11,5,17.32,13,31.28,2,100,1,0
matched,"A2 sensitivity, detector",A2-detector-c05-19-s1,22,detector,21.30,5,17.64,13,32.14,2,97,1,0
matched,"A2 sensitivity, detector",A2-detector-c05-19-s1,23,detector,22.73,5,16.79,13,31.01,3,100,1,0
matched,"A2 sensitivity, detector",A2-detector-c05-19-s1,24,detector,23.45,5,17.92,13,32.00,2,100,1,0
matched,"A2 sensitivity, detector",A2-detector-c05-19-s1,25,detector,23.32,5,18.33,14,32.43,2,97,1,0
matched,"A2 sensitivity, detector",A2-detector-c05-19-s1,26,detector,21.35,5,18.27,14,32.76,4,100,1,0
matched,"A2 sensitivity, detector",A2-detector-c05-19-s1,27,detector,20.92,5,19.69,14,34.27,2,101,1,0
matched,"A2 sensitivity, detector",A2-detector-c05-19-s1,28,detector,22.43,5,19.81,14,34.08,4,100,1,0
matched,"A2 sensitivity, detector",A2-detector-c05-19-s1,29,detector,23.50,5,18.18,14,32.25,2,101,1,0
matched,"A2 sensitivity, detector",A2-detector-c05-19-s1,30,detector,20.56,5,16.82,13,31.47,2,98,1,0
matched,"A2 sensitivity, detector",A2-detector-c05-19-s1,31,detector,20.87,5,18.14,14,32.73,2,100,1,0
matched,"A2 sensitivity, detector",A2-detector-c05-20-s1,0,detector,24.13,5,19.20,14,33.16,4,99,1,0
matched,"A2 sensitivity, detector",A2-detector-c05-20-s1,1,detector,21.73,5,18.62,14,33.03,3,100,1,0
matched,"A2 sensitivity, detector",A2-detector-c05-20-s1,2,detector,21.66,5,19.82,14,34.24,2,101,1,0
matched,"A2 sensitivity, detector",A2-detector-c05-20-s1,3,detector,21.55,5,19.56,14,34.01,4,98,1,0
matched,"A2 sensitivity, detector",A2-detector-c05-20-s1,4,detector,22.96,5,18.14,14,32.31,2,101,1,0
matched,"A2 sensitivity, detector",A2-detector-c05-20-s1,5,detector,23.29,5,19.89,14,34.00,3,99,1,0
matched,"A2 sensitivity, detector",A2-detector-c05-20-s1,6,detector,21.25,5,18.27,14,32.78,2,99,1,0
matched,"A2 sensitivity, detector",A2-detector-c05-20-s1,7,detector,23.75,5,19.24,14,33.26,2,100,1,0
matched,"A2 sensitivity, detector",A2-detector-c05-20-s1,8,detector,25.09,5,19.92,14,33.71,2,101,1,0
matched,"A2 sensitivity, detector",A2-detector-c05-20-s1,9,detector,24.70,5,19.06,14,32.91,11,99,1,0
matched,"A2 sensitivity, detector",A2-detector-c05-20-s1,10,detector,22.51,5,19.34,14,33.60,2,99,1,0
matched,"A2 sensitivity, detector",A2-detector-c05-20-s1,11,detector,22.39,5,19.69,14,33.97,2,100,1,0
matched,"A2 sensitivity, detector",A2-detector-c05-20-s1,12,detector,20.55,5,19.37,14,34.02,2,98,1,0
matched,"A2 sensitivity, detector",A2-detector-c05-20-s1,13,detector,24.20,5,19.56,14,33.50,2,98,1,0
matched,"A2 sensitivity, detector",A2-detector-c05-20-s1,14,detector,21.30,5,18.95,14,33.45,2,98,1,0
matched,"A2 sensitivity, detector",A2-detector-c05-20-s1,15,detector,25.25,5,18.22,14,31.98,3,98,1,0
matched,"A2 sensitivity, detector",A2-detector-c05-20-s1,16,detector,20.28,5,19.99,14,34.70,1,98,1,0
matched,"A2 sensitivity, detector",A2-detector-c05-20-s1,17,detector,21.47,5,18.60,14,33.06,2,99,1,0
matched,"A2 sensitivity, detector",A2-detector-c05-20-s1,18,detector,20.41,5,18.72,14,33.40,2,101,1,0
matched,"A2 sensitivity, detector",A2-detector-c05-20-s1,19,detector,25.03,5,18.26,14,32.06,2,100,1,0
matched,"A2 sensitivity, detector",A2-detector-c05-20-s1,20,detector,24.14,5,19.45,14,33.40,2,99,1,0
matched,"A2 sensitivity, detector",A2-detector-c05-20-s1,21,detector,25.11,5,19.82,14,33.60,4,99,1,0
matched,"A2 sensitivity, detector",A2-detector-c05-20-s1,22,detector,22.07,5,19.18,14,33.52,2,101,1,0
matched,"A2 sensitivity, detector",A2-detector-c05-20-s1,23,detector,20.39,5,19.41,14,34.10,3,100,1,0
matched,"A2 sensitivity, detector",A2-detector-c05-20-s1,24,detector,25.14,5,19.84,14,33.62,2,100,1,0
matched,"A2 sensitivity, detector",A2-detector-c05-20-s1,25,detector,22.53,5,18.56,14,32.81,1,99,1,0
matched,"A2 sensitivity, detector",A2-detector-c05-20-s1,26,detector,21.31,5,18.26,14,32.76,3,101,1,0
matched,"A2 sensitivity, detector",A2-detector-c05-20-s1,27,detector,25.09,5,18.09,14,31.88,2,101,1,0
matched,"A2 sensitivity, detector",A2-detector-c05-20-s1,28,detector,24.92,5,18.73,14,32.55,4,98,1,0
matched,"A2 sensitivity, detector",A2-detector-c05-20-s1,29,detector,24.06,5,19.52,14,33.49,4,98,1,0
matched,"A2 sensitivity, detector",A2-detector-c05-20-s1,30,detector,24.12,5,19.96,14,33.92,2,101,1,0
matched,"A2 sensitivity, detector",A2-detector-c05-20-s1,31,detector,22.28,5,18.49,14,32.79,2,102,1,0
matched,"A2 sensitivity, detector",A2-detector-c06-0-s1,0,detector,29.47,6,-6.58,1,6.51,99,99,0,0
matched,"A2 sensitivity, detector",A2-detector-c06-0-s1,1,detector,28.10,6,-7.46,1,5.83,102,102,0,0
matched,"A2 sensitivity, detector",A2-detector-c06-0-s1,2,detector,26.72,6,-6.38,1,7.13,100,100,0,0
matched,"A2 sensitivity, detector",A2-detector-c06-0-s1,3,detector,31.83,6,-7.21,1,5.54,100,100,0,0
matched,"A2 sensitivity, detector",A2-detector-c06-0-s1,4,detector,28.15,6,-7.52,1,5.77,98,98,0,0
matched,"A2 sensitivity, detector",A2-detector-c06-0-s1,5,detector,27.16,6,-7.47,1,5.97,98,98,0,0
matched,"A2 sensitivity, detector",A2-detector-c06-0-s1,6,detector,29.11,6,-7.81,1,5.33,98,98,0,0
matched,"A2 sensitivity, detector",A2-detector-c06-0-s1,7,detector,25.47,6,-6.45,1,7.27,98,98,0,0
matched,"A2 sensitivity, detector",A2-detector-c06-0-s1,8,detector,27.57,6,-7.11,1,6.27,99,99,0,0
matched,"A2 sensitivity, detector",A2-detector-c06-0-s1,9,detector,29.19,6,-6.17,1,6.96,100,100,0,0
matched,"A2 sensitivity, detector",A2-detector-c06-0-s1,10,detector,30.39,6,-6.78,1,6.17,100,100,0,0
matched,"A2 sensitivity, detector",A2-detector-c06-0-s1,11,detector,26.54,6,-7.39,1,6.15,99,99,0,0
matched,"A2 sensitivity, detector",A2-detector-c06-0-s1,12,detector,27.23,6,-6.48,1,6.95,100,100,0,0
matched,"A2 sensitivity, detector",A2-detector-c06-0-s1,13,detector,29.50,6,-6.44,1,6.64,101,101,0,0
matched,"A2 sensitivity, detector",A2-detector-c06-0-s1,14,detector,28.71,6,-7.31,1,5.89,98,98,0,0
matched,"A2 sensitivity, detector",A2-detector-c06-0-s1,15,detector,26.50,6,-6.78,1,6.77,99,99,0,0
matched,"A2 sensitivity, detector",A2-detector-c06-0-s1,16,detector,30.41,6,-6.61,1,6.34,99,99,0,0
matched,"A2 sensitivity, detector",A2-detector-c06-0-s1,17,detector,26.75,6,-7.05,1,6.46,98,98,0,0
matched,"A2 sensitivity, detector",A2-detector-c06-0-s1,18,detector,27.67,6,-6.36,1,7.00,102,102,0,0
matched,"A2 sensitivity, detector",A2-detector-c06-0-s1,19,detector,25.64,6,-6.93,1,6.76,99,99,0,0
matched,"A2 sensitivity, detector",A2-detector-c06-0-s1,20,detector,25.93,6,-7.56,1,6.08,100,100,0,0
matched,"A2 sensitivity, detector",A2-detector-c06-0-s1,21,detector,28.62,6,-6.20,1,7.01,100,100,0,0
matched,"A2 sensitivity, detector",A2-detector-c06-0-s1,22,detector,30.26,6,-6.59,1,6.38,102,102,0,0
matched,"A2 sensitivity, detector",A2-detector-c06-0-s1,23,detector,30.52,6,-7.12,1,5.82,99,99,0,0
matched,"A2 sensitivity, detector",A2-detector-c06-0-s1,24,detector,26.04,6,-6.41,1,7.22,101,101,0,0
matched,"A2 sensitivity, detector",A2-detector-c06-0-s1,25,detector,26.23,6,-6.38,1,7.21,101,101,0,0
matched,"A2 sensitivity, detector",A2-detector-c06-0-s1,26,detector,30.07,6,-7.33,1,5.67,98,98,0,0
matched,"A2 sensitivity, detector",A2-detector-c06-0-s1,27,detector,29.76,6,-8.00,1,5.05,97,97,0,0
matched,"A2 sensitivity, detector",A2-detector-c06-0-s1,28,detector,28.58,6,-7.43,1,5.79,96,96,0,0
matched,"A2 sensitivity, detector",A2-detector-c06-0-s1,29,detector,26.69,6,-6.33,1,7.19,100,100,0,0
matched,"A2 sensitivity, detector",A2-detector-c06-0-s1,30,detector,26.90,6,-6.92,1,6.56,99,99,0,0
matched,"A2 sensitivity, detector",A2-detector-c06-0-s1,31,detector,27.16,6,-7.42,1,6.02,97,97,0,0
matched,"A2 sensitivity, detector",A2-detector-c06-1-s1,0,detector,31.49,6,-6.60,1,6.20,100,100,0,0
matched,"A2 sensitivity, detector",A2-detector-c06-1-s1,1,detector,29.45,6,-7.81,1,5.28,101,101,0,0
matched,"A2 sensitivity, detector",A2-detector-c06-1-s1,2,detector,29.57,6,-7.66,1,5.41,98,98,0,0
matched,"A2 sensitivity, detector",A2-detector-c06-1-s1,3,detector,29.97,6,-6.19,1,6.82,98,98,0,0
matched,"A2 sensitivity, detector",A2-detector-c06-1-s1,4,detector,26.19,6,-6.12,1,7.48,100,100,0,0
matched,"A2 sensitivity, detector",A2-detector-c06-1-s1,5,detector,31.77,6,-5.29,2,7.47,99,99,0,0
matched,"A2 sensitivity, detector",A2-detector-c06-1-s1,6,detector,28.95,6,-6.14,1,7.03,99,99,0,0
matched,"A2 sensitivity, detector",A2-detector-c06-1-s1,7,detector,28.56,6,-6.57,1,6.65,100,100,0,0
matched,"A2 sensitivity, detector",A2-detector-c06-1-s1,8,detector,27.45,6,-4.63,2,8.77,104,104,0,0
matched,"A2 sensitivity, detector",A2-detector-c06-1-s1,9,detector,25.30,6,-4.96,2,8.79,100,100,0,0
matched,"A2 sensitivity, detector",A2-detector-c06-1-s1,10,detector,31.48,6,-5.18,2,7.62,99,99,0,0
matched,"A2 sensitivity, detector",A2-detector-c06-1-s1,11,detector,27.44,6,-6.45,1,6.95,100,100,0,0
matched,"A2 sensitivity, detector",A2-detector-c06-1-s1,12,detector,27.51,6,-6.72,1,6.67,102,102,0,0
matched,"A2 sensitivity, detector",A2-detector-c06-1-s1,13,detector,26.25,6,-4.04,2,9.55,101,101,0,0
matched,"A2 sensitivity, detector",A2-detector-c06-1-s1,14,detector,27.28,6,-5.97,2,7.45,98,98,0,0
matched,"A2 sensitivity, detector",A2-detector-c06-1-s1,15,detector,27.56,6,-7.82,1,5.56,101,101,0,0
matched,"A2 sensitivity, detector",A2-detector-c06-1-s1,16,detector,26.94,6,-6.21,1,7.27,101,101,0,0
matched,"A2 sensitivity, detector",A2-detector-c06-1-s1,17,detector,29.95,6,-6.72,1,6.30,100,100,0,0
matched,"A2 sensitivity, detector",A2-detector-c06-1-s1,18,detector,26.19,6,-7.77,1,5.83,99,99,0,0
matched,"A2 sensitivity, detector",A2-detector-c06-1-s1,19,detector,26.05,6,-5.83,2,7.79,100,100,0,0
matched,"A2 sensitivity, detector",A2-detector-c06-1-s1,20,detector,29.35,6,-5.41,2,7.70,99,99,0,0
matched,"A2 sensitivity, detector",A2-detector-c06-1-s1,21,detector,27.58,6,-5.73,2,7.65,99,99,0,0
matched,"A2 sensitivity, detector",A2-detector-c06-1-s1,22,detector,28.36,6,-6.34,1,6.91,99,99,0,0
matched,"A2 sensitivity, detector",A2-detector-c06-1-s1,23,detector,30.16,6,-4.99,2,8.00,98,98,0,0
matched,"A2 sensitivity, detector",A2-detector-c06-1-s1,24,detector,27.47,6,-4.93,2,8.46,100,100,0,0
matched,"A2 sensitivity, detector",A2-detector-c06-1-s1,25,detector,30.92,6,-5.25,2,7.63,101,101,0,0
matched,"A2 sensitivity, detector",A2-detector-c06-1-s1,26,detector,27.65,6,-7.64,1,5.72,99,99,0,0
matched,"A2 sensitivity, detector",A2-detector-c06-1-s1,27,detector,25.63,6,-5.71,2,7.98,101,101,0,0
matched,"A2 sensitivity, detector",A2-detector-c06-1-s1,28,detector,25.82,6,-4.55,2,9.11,98,98,0,0
matched,"A2 sensitivity, detector",A2-detector-c06-1-s1,29,detector,25.33,6,-4.99,2,8.76,98,98,0,0
matched,"A2 sensitivity, detector",A2-detector-c06-1-s1,30,detector,28.87,6,-7.16,1,6.02,99,99,0,0
matched,"A2 sensitivity, detector",A2-detector-c06-1-s1,31,detector,29.42,6,-5.22,2,7.88,97,97,0,0
matched,"A2 sensitivity, detector",A2-detector-c06-2-s1,0,detector,31.65,6,-4.16,2,8.62,100,100,0,0
matched,"A2 sensitivity, detector",A2-detector-c06-2-s1,1,detector,31.42,6,-5.58,2,7.23,100,100,0,0
matched,"A2 sensitivity, detector",A2-detector-c06-2-s1,2,detector,26.00,6,-5.21,2,8.42,100,100,0,0
matched,"A2 sensitivity, detector",A2-detector-c06-2-s1,3,detector,31.23,6,-5.57,2,7.27,98,98,0,0
matched,"A2 sensitivity, detector",A2-detector-c06-2-s1,4,detector,29.46,6,-4.52,2,8.57,100,100,0,0
matched,"A2 sensitivity, detector",A2-detector-c06-2-s1,5,detector,28.62,6,-4.00,2,9.21,101,101,0,0
matched,"A2 sensitivity, detector",A2-detector-c06-2-s1,6,detector,27.86,6,-4.41,2,8.92,101,101,0,0
matched,"A2 sensitivity, detector",A2-detector-c06-2-s1,7,detector,28.05,6,-4.20,2,9.10,99,99,0,0
matched,"A2 sensitivity, detector",A2-detector-c06-2-s1,8,detector,25.74,6,-5.19,2,8.49,99,99,0,0
matched,"A2 sensitivity, detector",A2-detector-c06-2-s1,9,detector,30.57,6,-4.19,2,8.74,102,102,0,0
matched,"A2 sensitivity, detector",A2-detector-c06-2-s1,10,detector,29.02,6,-5.41,2,7.74,101,101,0,0
matched,"A2 sensitivity, detector",A2-detector-c06-2-s1,11,detector,28.93,6,-5.39,2,7.78,99,99,0,0
matched,"A2 sensitivity, detector",A2-detector-c06-2-s1,12,detector,31.65,6,-5.36,2,7.42,101,101,0,0
matched,"A2 sensitivity, detector",A2-detector-c06-2-s1,13,detector,29.73,6,-5.66,2,7.39,99,99,0,0
matched,"A2 sensitivity, detector",A2-detector-c06-2-s1,14,detector,29.62,6,-5.82,2,7.25,100,100,0,0
matched,"A2 sensitivity, detector",A2-detector-c06-2-s1,15,detector,26.00,6,-5.70,2,7.93,100,100,0,0
matched,"A2 sensitivity, detector",A2-detector-c06-2-s1,16,detector,26.47,6,-4.41,2,9.14,98,98,0,0
matched,"A2 sensitivity, detector",A2-detector-c06-2-s1,17,detector,30.98,6,-4.65,2,8.22,101,101,0,0
matched,"A2 sensitivity, detector",A2-detector-c06-2-s1,18,detector,26.88,6,-4.61,2,8.88,100,100,0,0
matched,"A2 sensitivity, detector",A2-detector-c06-2-s1,19,detector,25.85,6,-5.27,2,8.39,99,99,0,0
matched,"A2 sensitivity, detector",A2-detector-c06-2-s1,20,detector,29.15,6,-4.75,2,8.39,101,101,0,0
matched,"A2 sensitivity, detector",A2-detector-c06-2-s1,21,detector,27.37,6,-5.58,2,7.83,100,100,0,0
matched,"A2 sensitivity, detector",A2-detector-c06-2-s1,22,detector,27.30,6,-5.95,2,7.47,98,98,0,0
matched,"A2 sensitivity, detector",A2-detector-c06-2-s1,23,detector,29.88,6,-5.54,2,7.49,102,102,0,0
matched,"A2 sensitivity, detector",A2-detector-c06-2-s1,24,detector,28.89,6,-5.25,2,7.92,102,102,0,0
matched,"A2 sensitivity, detector",A2-detector-c06-2-s1,25,detector,27.75,6,-5.95,2,7.40,103,103,0,0
matched,"A2 sensitivity, detector",A2-detector-c06-2-s1,26,detector,28.43,6,-4.64,2,8.60,98,98,0,0
matched,"A2 sensitivity, detector",A2-detector-c06-2-s1,27,detector,28.11,6,-4.70,2,8.59,100,100,0,0
matched,"A2 sensitivity, detector",A2-detector-c06-2-s1,28,detector,25.50,6,-5.01,2,8.71,98,98,0,0
matched,"A2 sensitivity, detector",A2-detector-c06-2-s1,29,detector,29.50,6,-4.08,2,9.00,100,100,0,0
matched,"A2 sensitivity, detector",A2-detector-c06-2-s1,30,detector,28.54,6,-5.53,2,7.70,100,100,0,0
matched,"A2 sensitivity, detector",A2-detector-c06-2-s1,31,detector,26.71,6,-4.36,2,9.15,98,98,0,0
matched,"A2 sensitivity, detector",A2-detector-c06-3-s1,0,detector,28.60,6,-2.33,3,10.89,101,101,1,0
matched,"A2 sensitivity, detector",A2-detector-c06-3-s1,1,detector,30.97,6,-2.28,3,10.59,98,98,1,0
matched,"A2 sensitivity, detector",A2-detector-c06-3-s1,2,detector,27.45,6,-2.46,3,10.94,98,98,1,0
matched,"A2 sensitivity, detector",A2-detector-c06-3-s1,3,detector,31.23,6,-3.53,3,9.31,99,99,0,0
matched,"A2 sensitivity, detector",A2-detector-c06-3-s1,4,detector,29.39,6,-3.17,3,9.93,98,98,0,0
matched,"A2 sensitivity, detector",A2-detector-c06-3-s1,5,detector,31.19,6,-2.31,3,10.53,101,101,1,0
matched,"A2 sensitivity, detector",A2-detector-c06-3-s1,6,detector,25.55,6,-2.12,3,11.59,83,99,1,0
matched,"A2 sensitivity, detector",A2-detector-c06-3-s1,7,detector,25.62,6,-3.14,3,10.56,99,99,0,0
matched,"A2 sensitivity, detector",A2-detector-c06-3-s1,8,detector,29.84,6,-2.81,3,10.22,101,101,1,0
matched,"A2 sensitivity, detector",A2-detector-c06-3-s1,9,detector,28.96,6,-3.08,3,10.08,99,99,0,0
matched,"A2 sensitivity, detector",A2-detector-c06-3-s1,10,detector,26.68,6,-3.95,3,9.57,103,103,0,0
matched,"A2 sensitivity, detector",A2-detector-c06-3-s1,11,detector,27.04,6,-3.24,3,10.22,99,99,1,0
matched,"A2 sensitivity, detector",A2-detector-c06-3-s1,12,detector,27.61,6,-3.01,3,10.36,102,102,1,0
matched,"A2 sensitivity, detector",A2-detector-c06-3-s1,13,detector,27.39,6,-2.47,3,10.94,98,98,1,0
matched,"A2 sensitivity, detector",A2-detector-c06-3-s1,14,detector,26.78,6,-3.82,3,9.68,100,100,0,0
matched,"A2 sensitivity, detector",A2-detector-c06-3-s1,15,detector,27.30,6,-3.23,3,10.19,104,104,1,0
matched,"A2 sensitivity, detector",A2-detector-c06-3-s1,16,detector,31.38,6,-2.60,3,10.21,91,99,1,0
matched,"A2 sensitivity, detector",A2-detector-c06-3-s1,17,detector,26.49,6,-2.41,3,11.14,98,98,1,0
matched,"A2 sensitivity, detector",A2-detector-c06-3-s1,18,detector,26.91,6,-3.15,3,10.33,100,100,1,0
matched,"A2 sensitivity, detector",A2-detector-c06-3-s1,19,detector,29.33,6,-3.57,3,9.54,100,100,0,0
matched,"A2 sensitivity, detector",A2-detector-c06-3-s1,20,detector,28.55,6,-3.46,3,9.77,98,98,1,0
matched,"A2 sensitivity, detector",A2-detector-c06-3-s1,21,detector,31.70,6,-2.17,3,10.60,99,99,1,0
matched,"A2 sensitivity, detector",A2-detector-c06-3-s1,22,detector,31.12,6,-2.39,3,10.46,64,98,1,0
matched,"A2 sensitivity, detector",A2-detector-c06-3-s1,23,detector,31.01,6,-3.07,3,9.80,98,98,1,0
matched,"A2 sensitivity, detector",A2-detector-c06-3-s1,24,detector,26.99,6,-3.42,3,10.05,98,98,1,0
matched,"A2 sensitivity, detector",A2-detector-c06-3-s1,25,detector,29.92,6,-2.27,3,10.75,100,100,1,0
matched,"A2 sensitivity, detector",A2-detector-c06-3-s1,26,detector,25.38,6,-3.62,3,10.12,100,100,0,0
matched,"A2 sensitivity, detector",A2-detector-c06-3-s1,27,detector,26.64,6,-2.99,3,10.54,99,99,1,0
matched,"A2 sensitivity, detector",A2-detector-c06-3-s1,28,detector,28.06,6,-3.60,3,9.70,99,99,0,0
matched,"A2 sensitivity, detector",A2-detector-c06-3-s1,29,detector,25.76,6,-2.04,3,11.63,60,99,1,0
matched,"A2 sensitivity, detector",A2-detector-c06-3-s1,30,detector,28.76,6,-3.33,3,9.86,99,99,1,0
matched,"A2 sensitivity, detector",A2-detector-c06-3-s1,31,detector,30.38,6,-3.63,3,9.33,77,101,1,0
matched,"A2 sensitivity, detector",A2-detector-c06-4-s1,0,detector,26.13,6,-2.86,3,10.75,101,101,1,0
matched,"A2 sensitivity, detector",A2-detector-c06-4-s1,1,detector,30.17,6,-1.05,4,11.94,64,101,1,0
matched,"A2 sensitivity, detector",A2-detector-c06-4-s1,2,detector,27.13,6,-1.99,4,11.46,75,97,1,0
matched,"A2 sensitivity, detector",A2-detector-c06-4-s1,3,detector,25.44,6,-2.76,3,10.97,99,99,0,0
matched,"A2 sensitivity, detector",A2-detector-c06-4-s1,4,detector,29.04,6,-0.76,4,12.39,52,100,1,0
matched,"A2 sensitivity, detector",A2-detector-c06-4-s1,5,detector,26.93,6,-1.75,4,11.73,75,100,1,0
matched,"A2 sensitivity, detector",A2-detector-c06-4-s1,6,detector,29.75,6,-3.09,3,9.96,99,99,1,0
matched,"A2 sensitivity, detector",A2-detector-c06-4-s1,7,detector,30.42,6,-3.46,3,9.49,98,98,0,0
matched,"A2 sensitivity, detector",A2-detector-c06-4-s1,8,detector,27.92,6,-1.08,4,12.24,66,101,1,0
matched,"A2 sensitivity, detector",A2-detector-c06-4-s1,9,detector,28.16,6,-1.92,4,11.37,82,97,1,0
matched,"A2 sensitivity, detector",A2-detector-c06-4-s1,10,detector,29.83,6,-2.57,3,10.46,99,99,1,0
matched,"A2 sensitivity, detector",A2-detector-c06-4-s1,11,detector,28.31,6,-2.46,3,10.80,91,101,1,0
matched,"A2 sensitivity, detector",A2-detector-c06-4-s1,12,detector,28.05,6,-0.85,4,12.45,28,100,1,0
matched,"A2 sensitivity, detector",A2-detector-c06-4-s1,13,detector,27.08,6,-3.99,3,9.47,100,100,0,0
matched,"A2 sensitivity, detector",A2-detector-c06-4-s1,14,detector,25.40,6,-0.35,4,13.38,26,99,1,0
matched,"A2 sensitivity, detector",A2-detector-c06-4-s1,15,detector,28.78,6,-1.66,4,11.53,66,103,1,0
matched,"A2 sensitivity, detector",A2-detector-c06-4-s1,16,detector,31.61,6,-1.05,4,11.73,30,98,1,0
matched,"A2 sensitivity, detector",A2-detector-c06-4-s1,17,detector,30.18,6,-0.79,4,12.19,86,100,1,0
matched,"A2 sensitivity, detector",A2-detector-c06-4-s1,18,detector,25.58,6,-1.00,4,12.70,61,101,1,0
matched,"A2 sensitivity, detector",A2-detector-c06-4-s1,19,detector,31.08,6,-2.72,3,10.14,73,98,1,0
matched,"A2 sensitivity, detector",A2-detector-c06-4-s1,20,detector,26.67,6,-3.44,3,10.08,101,101,0,0
matched,"A2 sensitivity, detector",A2-detector-c06-4-s1,21,detector,28.15,6,-3.93,3,9.36,99,99,0,0
matched,"A2 sensitivity, detector",A2-detector-c06-4-s1,22,detector,28.59,6,-0.08,4,13.14,31,99,1,0
matched,"A2 sensitivity, detector",A2-detector-c06-4-s1,23,detector,30.23,6,-2.04,3,10.94,98,98,1,0
matched,"A2 sensitivity, detector",A2-detector-c06-4-s1,24,detector,29.41,6,-1.34,4,11.76,76,99,1,0
matched,"A2 sensitivity, detector",A2-detector-c06-4-s1,25,detector,28.37,6,-2.82,3,10.43,102,102,1,0
matched,"A2 sensitivity, detector",A2-detector-c06-4-s1,26,detector,27.42,6,-2.25,3,11.15,98,98,1,0
matched,"A2 sensitivity, detector",A2-detector-c06-4-s1,27,detector,29.65,6,-2.33,3,10.73,98,98,1,0
matched,"A2 sensitivity, detector",A2-detector-c06-4-s1,28,detector,25.90,6,-2.44,3,11.21,101,101,1,0
matched,"A2 sensitivity, detector",A2-detector-c06-4-s1,29,detector,30.24,6,-0.04,4,12.94,53,99,1,0
matched,"A2 sensitivity, detector",A2-detector-c06-4-s1,30,detector,28.58,6,-1.72,4,11.50,100,100,1,0
matched,"A2 sensitivity, detector",A2-detector-c06-4-s1,31,detector,26.08,6,-2.55,3,11.07,101,101,1,0
matched,"A2 sensitivity, detector",A2-detector-c06-5-s1,0,detector,29.55,6,-0.79,4,12.29,46,102,1,0
matched,"A2 sensitivity, detector",A2-detector-c06-5-s1,1,detector,28.35,6,-1.98,4,11.28,98,98,1,0
matched,"A2 sensitivity, detector",A2-detector-c06-5-s1,2,detector,29.70,6,-0.07,4,12.98,34,100,1,0
matched,"A2 sensitivity, detector",A2-detector-c06-5-s1,3,detector,30.69,6,-0.65,4,12.26,58,100,1,0
matched,"A2 sensitivity, detector",A2-detector-c06-5-s1,4,detector,30.01,6,-0.83,4,12.18,76,99,1,0
matched,"A2 sensitivity, detector",A2-detector-c06-5-s1,5,detector,26.49,6,-0.63,4,12.92,93,102,1,0
matched,"A2 sensitivity, detector",A2-detector-c06-5-s1,6,detector,26.49,6,-0.58,4,12.97,82,97,1,0
matched,"A2 sensitivity, detector",A2-detector-c06-5-s1,7,detector,31.35,6,-1.69,4,11.13,83,101,1,0
matched,"A2 sensitivity, detector",A2-detector-c06-5-s1,8,detector,29.80,6,-1.76,4,11.28,71,100,1,0
matched,"A2 sensitivity, detector",A2-detector-c06-5-s1,9,detector,25.42,6,-1.66,4,12.07,94,97,1,0
matched,"A2 sensitivity, detector",A2-detector-c06-5-s1,10,detector,31.46,6,-1.77,4,11.03,55,101,1,0
matched,"A2 sensitivity, detector",A2-detector-c06-5-s1,11,detector,26.19,6,-0.92,4,12.68,37,99,1,0
matched,"A2 sensitivity, detector",A2-detector-c06-5-s1,12,detector,26.85,6,-1.97,4,11.52,63,101,1,0
matched,"A2 sensitivity, detector",A2-detector-c06-5-s1,13,detector,26.52,6,-1.49,4,12.06,85,99,1,0
matched,"A2 sensitivity, detector",A2-detector-c06-5-s1,14,detector,27.98,6,-1.76,4,11.55,66,99,1,0
matched,"A2 sensitivity, detector",A2-detector-c06-5-s1,15,detector,27.90,6,-1.47,4,11.86,69,103,1,0
matched,"A2 sensitivity, detector",A2-detector-c06-5-s1,16,detector,25.91,6,-1.92,4,11.73,95,98,1,0
matched,"A2 sensitivity, detector",A2-detector-c06-5-s1,17,detector,26.82,6,-1.45,4,12.05,75,102,1,0
matched,"A2 sensitivity, detector",A2-detector-c06-5-s1,18,detector,27.20,6,-1.54,4,11.90,69,99,1,0
matched,"A2 sensitivity, detector",A2-detector-c06-5-s1,19,detector,27.11,6,-1.32,4,12.13,81,99,1,0
matched,"A2 sensitivity, detector",A2-detector-c06-5-s1,20,detector,28.68,6,-1.04,4,12.17,65,99,1,0
matched,"A2 sensitivity, detector",A2-detector-c06-5-s1,21,detector,26.28,6,-0.52,4,13.07,10,100,1,0
matched,"A2 sensitivity, detector",A2-detector-c06-5-s1,22,detector,30.38,6,-1.29,4,11.67,21,100,1,0
matched,"A2 sensitivity, detector",A2-detector-c06-5-s1,23,detector,29.21,6,-1.98,4,11.15,83,99,1,0
matched,"A2 sensitivity, detector",A2-detector-c06-5-s1,24,detector,30.78,6,-1.15,4,11.75,60,101,1,0
matched,"A2 sensitivity, detector",A2-detector-c06-5-s1,25,detector,30.57,6,-1.68,4,11.25,85,98,1,0
matched,"A2 sensitivity, detector",A2-detector-c06-5-s1,26,detector,26.33,6,-0.77,4,12.81,95,100,1,0
matched,"A2 sensitivity, detector",A2-detector-c06-5-s1,27,detector,31.44,6,-1.87,4,10.94,74,99,1,0
matched,"A2 sensitivity, detector",A2-detector-c06-5-s1,28,detector,25.82,6,-0.79,4,12.87,81,100,1,0
matched,"A2 sensitivity, detector",A2-detector-c06-5-s1,29,detector,27.08,6,-0.52,4,12.94,67,101,1,0
matched,"A2 sensitivity, detector",A2-detector-c06-5-s1,30,detector,31.24,6,-0.24,4,12.59,54,99,1,0
matched,"A2 sensitivity, detector",A2-detector-c06-5-s1,31,detector,30.40,6,-1.53,4,11.42,72,99,1,0
matched,"A2 sensitivity, detector",A2-detector-c06-6-s1,0,detector,28.13,6,1.99,5,15.28,4,105,1,0
matched,"A2 sensitivity, detector",A2-detector-c06-6-s1,1,detector,28.61,6,1.43,5,14.65,5,101,1,0
matched,"A2 sensitivity, detector",A2-detector-c06-6-s1,2,detector,28.48,6,0.62,5,13.86,6,99,1,0
matched,"A2 sensitivity, detector",A2-detector-c06-6-s1,3,detector,26.30,6,0.44,5,14.02,10,99,1,0
matched,"A2 sensitivity, detector",A2-detector-c06-6-s1,4,detector,28.28,6,0.81,5,14.08,20,100,1,0
matched,"A2 sensitivity, detector",A2-detector-c06-6-s1,5,detector,29.44,6,0.14,5,13.23,81,101,1,0
matched,"A2 sensitivity, detector",A2-detector-c06-6-s1,6,detector,28.84,6,1.27,5,14.45,22,99,1,0
matched,"A2 sensitivity, detector",A2-detector-c06-6-s1,7,detector,30.62,6,1.13,5,14.05,24,99,1,0
matched,"A2 sensitivity, detector",A2-detector-c06-6-s1,8,detector,30.78,6,0.01,5,12.91,16,100,1,0
matched,"A2 sensitivity, detector",A2-detector-c06-6-s1,9,detector,29.87,6,0.80,5,13.83,22,99,1,0
matched,"A2 sensitivity, detector",A2-detector-c06-6-s1,10,detector,27.54,6,1.83,5,15.21,23,99,1,0
matched,"A2 sensitivity, detector",A2-detector-c06-6-s1,11,detector,27.89,6,1.06,5,14.39,18,102,1,0
matched,"A2 sensitivity, detector",A2-detector-c06-6-s1,12,detector,30.11,6,0.37,5,13.36,25,99,1,0
matched,"A2 sensitivity, detector",A2-detector-c06-6-s1,13,detector,27.99,6,0.26,5,13.57,79,100,1,0
matched,"A2 sensitivity, detector",A2-detector-c06-6-s1,14,detector,26.58,6,0.18,5,13.72,36,101,1,0
matched,"A2 sensitivity, detector",A2-detector-c06-6-s1,15,detector,30.96,6,0.66,5,13.53,61,99,1,0
matched,"A2 sensitivity, detector",A2-detector-c06-6-s1,16,detector,27.93,6,1.71,5,15.03,9,103,1,0
matched,"A2 sensitivity, detector",A2-detector-c06-6-s1,17,detector,29.43,6,1.92,5,15.01,8,100,1,0
matched,"A2 sensitivity, detector",A2-detector-c06-6-s1,18,detector,26.49,6,0.96,5,14.51,25,98,1,0
matched,"A2 sensitivity, detector",A2-detector-c06-6-s1,19,detector,27.12,6,1.54,5,14.99,5,99,1,0
matched,"A2 sensitivity, detector",A2-detector-c06-6-s1,20,detector,31.37,6,1.36,5,14.18,13,101,1,0
matched,"A2 sensitivity, detector",A2-detector-c06-6-s1,21,detector,27.03,6,1.82,5,15.28,5,100,1,0
matched,"A2 sensitivity, detector",A2-detector-c06-6-s1,22,detector,27.71,6,0.33,5,13.69,38,99,1,0
matched,"A2 sensitivity, detector",A2-detector-c06-6-s1,23,detector,30.97,6,1.27,5,14.14,15,99,1,0
matched,"A2 sensitivity, detector",A2-detector-c06-6-s1,24,detector,30.81,6,0.56,5,13.45,12,100,1,0
matched,"A2 sensitivity, detector",A2-detector-c06-6-s1,25,detector,29.85,6,0.98,5,14.01,63,100,1,0
matched,"A2 sensitivity, detector",A2-detector-c06-6-s1,26,detector,29.12,6,1.89,5,15.03,5,99,1,0
matched,"A2 sensitivity, detector",A2-detector-c06-6-s1,27,detector,27.46,6,0.09,5,13.48,21,97,1,0
matched,"A2 sensitivity, detector",A2-detector-c06-6-s1,28,detector,28.67,6,1.66,5,14.87,4,100,1,0
matched,"A2 sensitivity, detector",A2-detector-c06-6-s1,29,detector,27.66,6,1.86,5,15.22,3,99,1,0
matched,"A2 sensitivity, detector",A2-detector-c06-6-s1,30,detector,26.77,6,1.02,5,14.53,18,99,1,0
matched,"A2 sensitivity, detector",A2-detector-c06-6-s1,31,detector,26.06,6,0.99,5,14.61,3,99,1,0
matched,"A2 sensitivity, detector",A2-detector-c06-7-s1,0,detector,30.37,6,1.37,5,14.33,18,100,1,0
matched,"A2 sensitivity, detector",A2-detector-c06-7-s1,1,detector,27.03,6,0.44,5,13.90,27,101,1,0
matched,"A2 sensitivity, detector",A2-detector-c06-7-s1,2,detector,27.92,6,3.16,6,16.48,4,100,1,0
matched,"A2 sensitivity, detector",A2-detector-c06-7-s1,3,detector,30.45,6,1.24,5,14.19,25,101,1,0
matched,"A2 sensitivity, detector",A2-detector-c06-7-s1,4,detector,27.08,6,0.63,5,14.09,24,98,1,0
matched,"A2 sensitivity, detector",A2-detector-c06-7-s1,5,detector,27.17,6,0.19,5,13.63,42,99,1,0
matched,"A2 sensitivity, detector",A2-detector-c06-7-s1,6,detector,27.05,6,1.93,5,15.39,6,100,1,0
matched,"A2 sensitivity, detector",A2-detector-c06-7-s1,7,detector,29.88,6,2.95,6,15.98,5,99,1,0
matched,"A2 sensitivity, detector",A2-detector-c06-7-s1,8,detector,29.11,6,1.42,5,14.56,4,100,1,0
matched,"A2 sensitivity, detector",A2-detector-c06-7-s1,9,detector,28.35,6,1.04,5,14.30,19,98,1,0
matched,"A2 sensitivity, detector",A2-detector-c06-7-s1,10,detector,28.55,6,3.64,6,16.87,3,99,1,0
matched,"A2 sensitivity, detector",A2-detector-c06-7-s1,11,detector,27.15,6,0.67,5,14.11,16,99,1,0
matched,"A2 sensitivity, detector",A2-detector-c06-7-s1,12,detector,29.72,6,1.84,5,14.89,19,98,1,0
matched,"A2 sensitivity, detector",A2-detector-c06-7-s1,13,detector,29.66,6,0.11,5,13.17,15,99,1,0
matched,"A2 sensitivity, detector",A2-detector-c06-7-s1,14,detector,27.98,6,2.95,6,16.26,5,99,1,0
matched,"A2 sensitivity, detector",A2-detector-c06-7-s1,15,detector,26.18,6,1.53,5,15.13,4,105,1,0
matched,"A2 sensitivity, detector",A2-detector-c06-7-s1,16,detector,28.13,6,3.64,6,16.93,5,100,1,0
matched,"A2 sensitivity, detector",A2-detector-c06-7-s1,17,detector,30.66,6,3.12,6,16.04,3,98,1,0
matched,"A2 sensitivity, detector",A2-detector-c06-7-s1,18,detector,27.26,6,3.05,6,16.48,4,101,1,0
matched,"A2 sensitivity, detector",A2-detector-c06-7-s1,19,detector,28.38,6,2.66,6,15.91,5,98,1,0
matched,"A2 sensitivity, detector",A2-detector-c06-7-s1,20,detector,30.20,6,2.81,6,15.79,16,98,1,0
matched,"A2 sensitivity, detector",A2-detector-c06-7-s1,21,detector,27.36,6,1.31,5,14.72,15,101,1,0
matched,"A2 sensitivity, detector",A2-detector-c06-7-s1,22,detector,30.69,6,2.15,6,15.06,10,100,1,0
matched,"A2 sensitivity, detector",A2-detector-c06-7-s1,23,detector,31.84,6,1.94,5,14.69,8,98,1,0
matched,"A2 sensitivity, detector",A2-detector-c06-7-s1,24,detector,29.29,6,2.18,6,15.29,3,98,1,0
matched,"A2 sensitivity, detector",A2-detector-c06-7-s1,25,detector,30.30,6,2.82,6,15.79,3,101,1,0
matched,"A2 sensitivity, detector",A2-detector-c06-7-s1,26,detector,28.23,6,2.13,6,15.40,5,99,1,0
matched,"A2 sensitivity, detector",A2-detector-c06-7-s1,27,detector,27.25,6,0.00,5,13.43,13,100,1,0
matched,"A2 sensitivity, detector",A2-detector-c06-7-s1,28,detector,31.74,6,2.00,6,14.77,3,101,1,0
matched,"A2 sensitivity, detector",A2-detector-c06-7-s1,29,detector,28.41,6,3.96,6,17.21,3,99,1,0
matched,"A2 sensitivity, detector",A2-detector-c06-7-s1,30,detector,25.98,6,3.04,6,16.68,3,99,1,0
matched,"A2 sensitivity, detector",A2-detector-c06-7-s1,31,detector,29.67,6,1.52,5,14.58,13,101,1,0
matched,"A2 sensitivity, detector",A2-detector-c06-8-s1,0,detector,28.19,6,3.62,6,16.90,3,101,1,0
matched,"A2 sensitivity, detector",A2-detector-c06-8-s1,1,detector,30.69,6,3.57,6,16.48,2,105,1,0
matched,"A2 sensitivity, detector",A2-detector-c06-8-s1,2,detector,26.53,6,2.70,6,16.24,2,99,1,0
matched,"A2 sensitivity, detector",A2-detector-c06-8-s1,3,detector,31.84,6,3.75,6,16.50,3,101,1,0
matched,"A2 sensitivity, detector",A2-detector-c06-8-s1,4,detector,27.88,6,3.29,6,16.62,4,98,1,0
matched,"A2 sensitivity, detector",A2-detector-c06-8-s1,5,detector,29.11,6,3.27,6,16.41,4,99,1,0
matched,"A2 sensitivity, detector",A2-detector-c06-8-s1,6,detector,25.51,6,2.61,6,16.32,2,99,1,0
matched,"A2 sensitivity, detector",A2-detector-c06-8-s1,7,detector,27.71,6,2.60,6,15.96,6,100,1,0
matched,"A2 sensitivity, detector",A2-detector-c06-8-s1,8,detector,29.66,6,3.97,6,17.03,6,100,1,0
matched,"A2 sensitivity, detector",A2-detector-c06-8-s1,9,detector,31.58,6,3.47,6,16.26,7,100,1,0
matched,"A2 sensitivity, detector",A2-detector-c06-8-s1,10,detector,29.12,6,3.17,6,16.31,3,99,1,0
matched,"A2 sensitivity, detector",A2-detector-c06-8-s1,11,detector,30.05,6,3.60,6,16.60,2,101,1,0
matched,"A2 sensitivity, detector",A2-detector-c06-8-s1,12,detector,26.05,6,2.30,6,15.92,4,101,1,0
matched,"A2 sensitivity, detector",A2-detector-c06-8-s1,13,detector,28.05,6,2.42,6,15.72,2,100,1,0
matched,"A2 sensitivity, detector",A2-detector-c06-8-s1,14,detector,27.48,6,3.49,6,16.88,4,100,1,0
matched,"A2 sensitivity, detector",A2-detector-c06-8-s1,15,detector,26.48,6,3.96,6,17.51,4,99,1,0
matched,"A2 sensitivity, detector",A2-detector-c06-8-s1,16,detector,25.89,6,3.86,6,17.51,2,99,1,0
matched,"A2 sensitivity, detector",A2-detector-c06-8-s1,17,detector,28.86,6,3.98,6,17.16,4,102,1,0
matched,"A2 sensitivity, detector",A2-detector-c06-8-s1,18,detector,29.44,6,3.26,6,16.35,7,101,1,0
matched,"A2 sensitivity, detector",A2-detector-c06-8-s1,19,detector,30.22,6,2.42,6,15.40,5,104,1,0
matched,"A2 sensitivity, detector",A2-detector-c06-8-s1,20,detector,26.85,6,2.41,6,15.90,3,100,1,0
matched,"A2 sensitivity, detector",A2-detector-c06-8-s1,21,detector,26.91,6,3.82,6,17.30,18,98,1,0
matched,"A2 sensitivity, detector",A2-detector-c06-8-s1,22,detector,26.32,6,2.11,6,15.69,4,100,1,0
matched,"A2 sensitivity, detector",A2-detector-c06-8-s1,23,detector,29.89,6,2.13,6,15.16,32,100,1,0
matched,"A2 sensitivity, detector",A2-detector-c06-8-s1,24,detector,25.65,6,2.63,6,16.32,2,99,1,0
matched,"A2 sensitivity, detector",A2-detector-c06-8-s1,25,detector,29.27,6,3.02,6,16.14,6,99,1,0
matched,"A2 sensitivity, detector",A2-detector-c06-8-s1,26,detector,30.98,6,3.49,6,16.36,3,100,1,0
matched,"A2 sensitivity, detector",A2-detector-c06-8-s1,27,detector,27.26,6,3.71,6,17.14,5,99,1,0
matched,"A2 sensitivity, detector",A2-detector-c06-8-s1,28,detector,31.55,6,3.54,6,16.33,41,99,1,0
matched,"A2 sensitivity, detector",A2-detector-c06-8-s1,29,detector,29.38,6,2.50,6,15.60,3,98,1,0
matched,"A2 sensitivity, detector",A2-detector-c06-8-s1,30,detector,28.06,6,3.53,6,16.83,5,98,1,0
matched,"A2 sensitivity, detector",A2-detector-c06-8-s1,31,detector,27.42,6,3.93,6,17.33,3,98,1,0
matched,"A2 sensitivity, detector",A2-detector-c06-9-s1,0,detector,26.86,6,4.29,7,17.78,8,98,1,0
matched,"A2 sensitivity, detector",A2-detector-c06-9-s1,1,detector,25.60,6,4.40,7,18.10,4,102,1,0
matched,"A2 sensitivity, detector",A2-detector-c06-9-s1,2,detector,25.65,6,5.90,7,19.59,3,100,1,0
matched,"A2 sensitivity, detector",A2-detector-c06-9-s1,3,detector,31.11,6,4.28,7,17.13,3,101,1,0
matched,"A2 sensitivity, detector",A2-detector-c06-9-s1,4,detector,27.88,6,5.79,7,19.12,2,99,1,0
matched,"A2 sensitivity, detector",A2-detector-c06-9-s1,5,detector,28.60,6,5.24,7,18.46,4,101,1,0
matched,"A2 sensitivity, detector",A2-detector-c06-9-s1,6,detector,26.96,6,4.20,7,17.67,5,102,1,0
matched,"A2 sensitivity, detector",A2-detector-c06-9-s1,7,detector,26.05,6,4.24,7,17.86,3,97,1,0
matched,"A2 sensitivity, detector",A2-detector-c06-9-s1,8,detector,30.81,6,5.55,7,18.44,2,97,1,0
matched,"A2 sensitivity, detector",A2-detector-c06-9-s1,9,detector,30.73,6,5.24,7,18.15,3,97,1,0
matched,"A2 sensitivity, detector",A2-detector-c06-9-s1,10,detector,28.79,6,5.07,7,18.26,3,99,1,0
matched,"A2 sensitivity, detector",A2-detector-c06-9-s1,11,detector,26.55,6,5.39,7,18.93,3,98,1,0
matched,"A2 sensitivity, detector",A2-detector-c06-9-s1,12,detector,30.04,6,4.33,7,17.33,4,99,1,0
matched,"A2 sensitivity, detector",A2-detector-c06-9-s1,13,detector,28.15,6,5.24,7,18.53,2,97,1,0
matched,"A2 sensitivity, detector",A2-detector-c06-9-s1,14,detector,30.11,6,4.19,7,17.18,3,100,1,0
matched,"A2 sensitivity, detector",A2-detector-c06-9-s1,15,detector,25.83,6,4.89,7,18.55,2,100,1,0
matched,"A2 sensitivity, detector",A2-detector-c06-9-s1,16,detector,26.08,6,4.53,7,18.15,2,102,1,0
matched,"A2 sensitivity, detector",A2-detector-c06-9-s1,17,detector,26.17,6,5.37,7,18.97,4,99,1,0
matched,"A2 sensitivity, detector",A2-detector-c06-9-s1,18,detector,26.66,6,4.79,7,18.31,3,100,1,0
matched,"A2 sensitivity, detector",A2-detector-c06-9-s1,19,detector,28.80,6,4.74,7,17.93,5,99,1,0
matched,"A2 sensitivity, detector",A2-detector-c06-9-s1,20,detector,27.54,6,5.18,7,18.56,2,100,1,0
matched,"A2 sensitivity, detector",A2-detector-c06-9-s1,21,detector,26.36,6,4.59,7,18.16,2,98,1,0
matched,"A2 sensitivity, detector",A2-detector-c06-9-s1,22,detector,25.82,6,4.87,7,18.53,2,99,1,0
matched,"A2 sensitivity, detector",A2-detector-c06-9-s1,23,detector,28.35,6,5.42,7,18.68,3,100,1,0
matched,"A2 sensitivity, detector",A2-detector-c06-9-s1,24,detector,27.28,6,5.29,7,18.71,3,100,1,0
matched,"A2 sensitivity, detector",A2-detector-c06-9-s1,25,detector,26.61,6,5.67,7,19.20,3,100,1,0
matched,"A2 sensitivity, detector",A2-detector-c06-9-s1,26,detector,27.76,6,4.96,7,18.31,2,99,1,0
matched,"A2 sensitivity, detector",A2-detector-c06-9-s1,27,detector,28.37,6,5.47,7,18.72,3,98,1,0
matched,"A2 sensitivity, detector",A2-detector-c06-9-s1,28,detector,26.00,6,5.52,7,19.15,3,99,1,0
matched,"A2 sensitivity, detector",A2-detector-c06-9-s1,29,detector,27.28,6,4.46,7,17.88,3,98,1,0
matched,"A2 sensitivity, detector",A2-detector-c06-9-s1,30,detector,28.80,6,5.58,7,18.77,5,101,1,0
matched,"A2 sensitivity, detector",A2-detector-c06-9-s1,31,detector,25.62,6,4.47,7,18.17,6,100,1,0
matched,"A2 sensitivity, detector",A2-detector-c06-10-s1,0,detector,27.62,6,4.96,7,18.33,3,100,1,0
matched,"A2 sensitivity, detector",A2-detector-c06-10-s1,1,detector,27.32,6,6.38,8,19.80,5,100,1,0
matched,"A2 sensitivity, detector",A2-detector-c06-10-s1,2,detector,29.56,6,5.58,7,18.65,2,98,1,0
matched,"A2 sensitivity, detector",A2-detector-c06-10-s1,3,detector,28.70,6,4.79,7,17.99,5,102,1,0
matched,"A2 sensitivity, detector",A2-detector-c06-10-s1,4,detector,29.90,6,4.89,7,17.91,4,101,1,0
matched,"A2 sensitivity, detector",A2-detector-c06-10-s1,5,detector,31.84,6,5.66,7,18.41,5,99,1,0
matched,"A2 sensitivity, detector",A2-detector-c06-10-s1,6,detector,26.91,6,7.33,8,20.81,3,99,1,0
matched,"A2 sensitivity, detector",A2-detector-c06-10-s1,7,detector,31.42,6,7.09,8,19.90,6,102,1,0
matched,"A2 sensitivity, detector",A2-detector-c06-10-s1,8,detector,28.58,6,7.88,8,21.10,4,100,1,0
matched,"A2 sensitivity, detector",A2-detector-c06-10-s1,9,detector,26.63,6,7.36,8,20.89,3,99,1,0
matched,"A2 sensitivity, detector",A2-detector-c06-10-s1,10,detector,25.47,6,7.15,8,20.87,2,101,1,0
matched,"A2 sensitivity, detector",A2-detector-c06-10-s1,11,detector,29.96,6,6.87,8,19.89,3,99,1,0
matched,"A2 sensitivity, detector",A2-detector-c06-10-s1,12,detector,27.75,6,7.38,8,20.73,3,100,1,0
matched,"A2 sensitivity, detector",A2-detector-c06-10-s1,13,detector,31.14,6,5.93,7,18.78,3,99,1,0
matched,"A2 sensitivity, detector",A2-detector-c06-10-s1,14,detector,27.81,6,7.62,8,20.96,3,97,1,0
matched,"A2 sensitivity, detector",A2-detector-c06-10-s1,15,detector,27.30,6,5.97,7,19.39,4,100,1,0
matched,"A2 sensitivity, detector",A2-detector-c06-10-s1,16,detector,27.26,6,5.06,7,18.49,2,98,1,0
matched,"A2 sensitivity, detector",A2-detector-c06-10-s1,17,detector,31.21,6,7.03,8,19.87,3,100,1,0
matched,"A2 sensitivity, detector",A2-detector-c06-10-s1,18,detector,30.42,6,6.05,8,19.00,6,98,1,0
matched,"A2 sensitivity, detector",A2-detector-c06-10-s1,19,detector,25.47,6,4.33,7,18.05,3,97,1,0
matched,"A2 sensitivity, detector",A2-detector-c06-10-s1,20,detector,28.78,6,7.00,8,20.19,3,100,1,0
matched,"A2 sensitivity, detector",A2-detector-c06-10-s1,21,detector,30.92,6,5.85,7,18.73,4,102,1,0
matched,"A2 sensitivity, detector",A2-detector-c06-10-s1,22,detector,29.83,6,6.28,8,19.31,3,100,1,0
matched,"A2 sensitivity, detector",A2-detector-c06-10-s1,23,detector,27.02,6,5.67,7,19.13,3,102,1,0
matched,"A2 sensitivity, detector",A2-detector-c06-10-s1,24,detector,25.62,6,5.51,7,19.21,3,100,1,0
matched,"A2 sensitivity, detector",A2-detector-c06-10-s1,25,detector,25.51,6,7.84,8,21.55,3,99,1,0
matched,"A2 sensitivity, detector",A2-detector-c06-10-s1,26,detector,31.36,6,7.36,8,20.18,3,102,1,0
matched,"A2 sensitivity, detector",A2-detector-c06-10-s1,27,detector,26.64,6,5.64,7,19.17,2,100,1,0
matched,"A2 sensitivity, detector",A2-detector-c06-10-s1,28,detector,29.53,6,5.90,7,18.98,4,101,1,0
matched,"A2 sensitivity, detector",A2-detector-c06-10-s1,29,detector,26.19,6,6.63,8,20.23,3,98,1,0
matched,"A2 sensitivity, detector",A2-detector-c06-10-s1,30,detector,28.61,6,4.13,7,17.35,3,101,1,0
matched,"A2 sensitivity, detector",A2-detector-c06-10-s1,31,detector,27.53,6,5.09,7,18.47,4,100,1,0
matched,"A2 sensitivity, detector",A2-detector-c06-11-s1,0,detector,31.03,6,7.79,8,20.65,2,100,1,0
matched,"A2 sensitivity, detector",A2-detector-c06-11-s1,1,detector,31.65,6,6.22,8,19.00,3,101,1,0
matched,"A2 sensitivity, detector",A2-detector-c06-11-s1,2,detector,25.48,6,7.14,8,20.86,2,99,1,0
matched,"A2 sensitivity, detector",A2-detector-c06-11-s1,3,detector,29.29,6,6.58,8,19.69,4,100,1,0
matched,"A2 sensitivity, detector",A2-detector-c06-11-s1,4,detector,29.95,6,7.64,8,20.66,4,104,1,0
matched,"A2 sensitivity, detector",A2-detector-c06-11-s1,5,detector,27.91,6,7.76,8,21.08,3,100,1,0
matched,"A2 sensitivity, detector",A2-detector-c06-11-s1,6,detector,27.94,6,6.78,8,20.10,2,97,1,0
matched,"A2 sensitivity, detector",A2-detector-c06-11-s1,7,detector,30.33,6,6.93,8,19.89,3,101,1,0
matched,"A2 sensitivity, detector",A2-detector-c06-11-s1,8,detector,25.95,6,7.72,8,21.36,2,99,1,0
matched,"A2 sensitivity, detector",A2-detector-c06-11-s1,9,detector,29.92,6,7.65,8,20.67,5,99,1,0
matched,"A2 sensitivity, detector",A2-detector-c06-11-s1,10,detector,25.47,6,7.04,8,20.76,3,101,1,0
matched,"A2 sensitivity, detector",A2-detector-c06-11-s1,11,detector,29.64,6,7.20,8,20.26,3,104,1,0
matched,"A2 sensitivity, detector",A2-detector-c06-11-s1,12,detector,26.54,6,6.41,8,19.95,3,99,1,0
matched,"A2 sensitivity, detector",A2-detector-c06-11-s1,13,detector,27.60,6,7.63,8,21.00,2,101,1,0
matched,"A2 sensitivity, detector",A2-detector-c06-11-s1,14,detector,28.37,6,6.15,8,19.40,5,95,1,0
matched,"A2 sensitivity, detector",A2-detector-c06-11-s1,15,detector,30.03,6,6.10,8,19.11,2,99,1,0
matched,"A2 sensitivity, detector",A2-detector-c06-11-s1,16,detector,30.95,6,6.83,8,19.70,3,100,1,0
matched,"A2 sensitivity, detector",A2-detector-c06-11-s1,17,detector,25.49,6,7.80,8,21.52,4,101,1,0
matched,"A2 sensitivity, detector",A2-detector-c06-11-s1,18,detector,31.41,6,6.91,8,19.72,2,98,1,0
matched,"A2 sensitivity, detector",A2-detector-c06-11-s1,19,detector,28.56,6,6.15,8,19.37,3,97,1,0
matched,"A2 sensitivity, detector",A2-detector-c06-11-s1,20,detector,26.11,6,7.96,8,21.57,3,100,1,0
matched,"A2 sensitivity, detector",A2-detector-c06-11-s1,21,detector,27.22,6,7.72,8,21.15,3,98,1,0
matched,"A2 sensitivity, detector",A2-detector-c06-11-s1,22,detector,26.89,6,7.16,8,20.65,2,102,1,0
matched,"A2 sensitivity, detector",A2-detector-c06-11-s1,23,detector,27.55,6,6.93,8,20.31,3,99,1,0
matched,"A2 sensitivity, detector",A2-detector-c06-11-s1,24,detector,25.51,6,7.82,8,21.53,3,98,1,0
matched,"A2 sensitivity, detector",A2-detector-c06-11-s1,25,detector,31.74,6,6.91,8,19.68,4,99,1,0
matched,"A2 sensitivity, detector",A2-detector-c06-11-s1,26,detector,29.69,6,6.89,8,19.95,4,99,1,0
matched,"A2 sensitivity, detector",A2-detector-c06-11-s1,27,detector,25.51,6,6.71,8,20.42,2,101,1,0
matched,"A2 sensitivity, detector",A2-detector-c06-11-s1,28,detector,29.23,6,7.83,8,20.95,3,104,1,0
matched,"A2 sensitivity, detector",A2-detector-c06-11-s1,29,detector,30.47,6,6.63,8,19.57,4,101,1,0
matched,"A2 sensitivity, detector",A2-detector-c06-11-s1,30,detector,26.29,6,7.21,8,20.79,3,98,1,0
matched,"A2 sensitivity, detector",A2-detector-c06-11-s1,31,detector,26.52,6,7.49,8,21.04,2,100,1,0
matched,"A2 sensitivity, detector",A2-detector-c06-12-s1,0,detector,28.41,6,8.84,9,22.09,3,98,1,0
matched,"A2 sensitivity, detector",A2-detector-c06-12-s1,1,detector,29.81,6,9.14,9,22.18,2,99,1,0
matched,"A2 sensitivity, detector",A2-detector-c06-12-s1,2,detector,31.29,6,9.29,9,22.12,2,100,1,0
matched,"A2 sensitivity, detector",A2-detector-c06-12-s1,3,detector,27.36,6,8.07,9,21.48,9,99,1,0
matched,"A2 sensitivity, detector",A2-detector-c06-12-s1,4,detector,29.47,6,9.07,9,22.16,3,99,1,0
matched,"A2 sensitivity, detector",A2-detector-c06-12-s1,5,detector,29.39,6,8.32,9,21.42,2,100,1,0
matched,"A2 sensitivity, detector",A2-detector-c06-12-s1,6,detector,28.94,6,8.31,9,21.48,2,101,1,0
matched,"A2 sensitivity, detector",A2-detector-c06-12-s1,7,detector,26.52,6,9.30,9,22.85,2,101,1,0
matched,"A2 sensitivity, detector",A2-detector-c06-12-s1,8,detector,25.78,6,8.53,9,22.20,2,99,1,0
matched,"A2 sensitivity, detector",A2-detector-c06-12-s1,9,detector,29.22,6,8.95,9,22.07,2,99,1,0
matched,"A2 sensitivity, detector",A2-detector-c06-12-s1,10,detector,27.28,6,9.97,9,23.39,3,99,1,0
matched,"A2 sensitivity, detector",A2-detector-c06-12-s1,11,detector,29.02,6,8.47,9,21.62,3,100,1,0
matched,"A2 sensitivity, detector",A2-detector-c06-12-s1,12,detector,28.17,6,9.97,9,23.25,3,99,1,0
matched,"A2 sensitivity, detector",A2-detector-c06-12-s1,13,detector,31.24,6,8.60,9,21.43,3,98,1,0
matched,"A2 sensitivity, detector",A2-detector-c06-12-s1,14,detector,27.97,6,8.99,9,22.30,4,97,1,0
matched,"A2 sensitivity, detector",A2-detector-c06-12-s1,15,detector,31.81,6,9.18,9,21.94,3,98,1,0
matched,"A2 sensitivity, detector",A2-detector-c06-12-s1,16,detector,28.56,6,9.93,9,23.15,3,100,1,0
matched,"A2 sensitivity, detector",A2-detector-c06-12-s1,17,detector,26.57,6,9.46,9,23.00,2,99,1,0
matched,"A2 sensitivity, detector",A2-detector-c06-12-s1,18,detector,25.80,6,8.53,9,22.20,2,102,1,0
matched,"A2 sensitivity, detector",A2-detector-c06-12-s1,19,detector,27.48,6,9.93,9,23.32,2,100,1,0
matched,"A2 sensitivity, detector",A2-detector-c06-12-s1,20,detector,31.74,6,8.61,9,21.38,3,101,1,0
matched,"A2 sensitivity, detector",A2-detector-c06-12-s1,21,detector,25.80,6,9.01,9,22.68,4,100,1,0
matched,"A2 sensitivity, detector",A2-detector-c06-12-s1,22,detector,25.71,6,9.49,9,23.17,2,101,1,0
matched,"A2 sensitivity, detector",A2-detector-c06-12-s1,23,detector,26.23,6,8.37,9,21.96,2,100,1,0
matched,"A2 sensitivity, detector",A2-detector-c06-12-s1,24,detector,28.42,6,9.09,9,22.34,4,98,1,0
matched,"A2 sensitivity, detector",A2-detector-c06-12-s1,25,detector,27.09,6,8.88,9,22.33,4,102,1,0
matched,"A2 sensitivity, detector",A2-detector-c06-12-s1,26,detector,28.42,6,8.61,9,21.86,4,100,1,0
matched,"A2 sensitivity, detector",A2-detector-c06-12-s1,27,detector,27.13,6,8.15,9,21.60,4,99,1,0
matched,"A2 sensitivity, detector",A2-detector-c06-12-s1,28,detector,26.59,6,8.91,9,22.44,1,99,1,0
matched,"A2 sensitivity, detector",A2-detector-c06-12-s1,29,detector,30.65,6,8.61,9,21.53,4,98,1,0
matched,"A2 sensitivity, detector",A2-detector-c06-12-s1,30,detector,28.14,6,9.12,9,22.41,3,101,1,0
matched,"A2 sensitivity, detector",A2-detector-c06-12-s1,31,detector,26.85,6,9.51,9,23.00,4,101,1,0
matched,"A2 sensitivity, detector",A2-detector-c06-13-s1,0,detector,29.15,6,8.84,9,21.98,4,99,1,0
matched,"A2 sensitivity, detector",A2-detector-c06-13-s1,1,detector,25.58,6,9.22,9,22.92,2,100,1,0
matched,"A2 sensitivity, detector",A2-detector-c06-13-s1,2,detector,31.20,6,9.95,9,22.79,2,100,1,0
matched,"A2 sensitivity, detector",A2-detector-c06-13-s1,3,detector,26.10,6,8.33,9,21.95,2,100,1,0
matched,"A2 sensitivity, detector",A2-detector-c06-13-s1,4,detector,28.72,6,11.14,10,24.34,3,97,1,0
matched,"A2 sensitivity, detector",A2-detector-c06-13-s1,5,detector,28.67,6,11.88,10,25.09,4,99,1,0
matched,"A2 sensitivity, detector",A2-detector-c06-13-s1,6,detector,27.08,6,10.98,10,24.44,33,99,1,0
matched,"A2 sensitivity, detector",A2-detector-c06-13-s1,7,detector,31.32,6,10.32,10,23.14,2,102,1,0
matched,"A2 sensitivity, detector",A2-detector-c06-13-s1,8,detector,27.14,6,11.30,10,24.75,7,97,1,0
matched,"A2 sensitivity, detector",A2-detector-c06-13-s1,9,detector,31.54,6,8.65,9,21.44,2,102,1,0
matched,"A2 sensitivity, detector",A2-detector-c06-13-s1,10,detector,25.54,6,8.39,9,22.10,2,101,1,0
matched,"A2 sensitivity, detector",A2-detector-c06-13-s1,11,detector,25.50,6,9.19,9,22.91,2,99,1,0
matched,"A2 sensitivity, detector",A2-detector-c06-13-s1,12,detector,28.92,6,9.98,9,23.15,2,99,1,0
matched,"A2 sensitivity, detector",A2-detector-c06-13-s1,13,detector,26.53,6,8.74,9,22.28,4,102,1,0
matched,"A2 sensitivity, detector",A2-detector-c06-13-s1,14,detector,26.20,6,11.73,10,25.33,2,99,1,0
matched,"A2 sensitivity, detector",A2-detector-c06-13-s1,15,detector,26.11,6,11.91,10,25.52,3,101,1,0
matched,"A2 sensitivity, detector",A2-detector-c06-13-s1,16,detector,27.64,6,10.55,10,23.92,2,98,1,0
matched,"A2 sensitivity, detector",A2-detector-c06-13-s1,17,detector,25.83,6,10.70,10,24.36,3,98,1,0
matched,"A2 sensitivity, detector",A2-detector-c06-13-s1,18,detector,29.53,6,9.91,9,22.99,2,99,1,0
matched,"A2 sensitivity, detector",A2-detector-c06-13-s1,19,detector,31.44,6,11.50,10,24.31,3,99,1,0
matched,"A2 sensitivity, detector",A2-detector-c06-13-s1,20,detector,29.26,6,9.76,9,22.88,3,102,1,0
matched,"A2 sensitivity, detector",A2-detector-c06-13-s1,21,detector,31.09,6,10.32,10,23.18,3,101,1,0
matched,"A2 sensitivity, detector",A2-detector-c06-13-s1,22,detector,30.43,6,11.15,10,24.10,3,99,1,0
matched,"A2 sensitivity, detector",A2-detector-c06-13-s1,23,detector,25.94,6,11.36,10,25.00,4,101,1,0
matched,"A2 sensitivity, detector",A2-detector-c06-13-s1,24,detector,25.68,6,8.27,9,21.96,2,100,1,0
matched,"A2 sensitivity, detector",A2-detector-c06-13-s1,25,detector,30.78,6,9.97,9,22.87,2,100,1,0
matched,"A2 sensitivity, detector",A2-detector-c06-13-s1,26,detector,30.13,6,11.58,10,24.57,3,102,1,0
matched,"A2 sensitivity, detector",A2-detector-c06-13-s1,27,detector,28.58,6,11.95,10,25.17,3,100,1,0
matched,"A2 sensitivity, detector",A2-detector-c06-13-s1,28,detector,31.41,6,8.12,9,20.93,3,100,1,0
matched,"A2 sensitivity, detector",A2-detector-c06-13-s1,29,detector,29.09,6,11.28,10,24.42,3,100,1,0
matched,"A2 sensitivity, detector",A2-detector-c06-13-s1,30,detector,30.87,6,9.33,9,22.22,3,101,1,0
matched,"A2 sensitivity, detector",A2-detector-c06-13-s1,31,detector,29.58,6,9.72,9,22.79,2,102,1,0
matched,"A2 sensitivity, detector",A2-detector-c06-14-s1,0,detector,29.33,6,11.59,10,24.70,3,103,1,0
matched,"A2 sensitivity, detector",A2-detector-c06-14-s1,1,detector,28.21,6,11.68,10,24.96,3,100,1,0
matched,"A2 sensitivity, detector",A2-detector-c06-14-s1,2,detector,26.55,6,11.55,10,25.09,2,99,1,0
matched,"A2 sensitivity, detector",A2-detector-c06-14-s1,3,detector,27.79,6,11.92,10,25.26,4,97,1,0
matched,"A2 sensitivity, detector",A2-detector-c06-14-s1,4,detector,25.88,6,10.78,10,24.43,3,99,1,0
matched,"A2 sensitivity, detector",A2-detector-c06-14-s1,5,detector,26.26,6,11.52,10,25.11,2,100,1,0
matched,"A2 sensitivity, detector",A2-detector-c06-14-s1,6,detector,30.51,6,11.07,10,24.01,3,98,1,0
matched,"A2 sensitivity, detector",A2-detector-c06-14-s1,7,detector,26.51,6,10.14,10,23.69,2,98,1,0
matched,"A2 sensitivity, detector",A2-detector-c06-14-s1,8,detector,30.96,6,10.50,10,23.37,4,98,1,0
matched,"A2 sensitivity, detector",A2-detector-c06-14-s1,9,detector,27.09,6,11.06,10,24.51,5,99,1,0
matched,"A2 sensitivity, detector",A2-detector-c06-14-s1,10,detector,27.26,6,11.46,10,24.89,3,100,1,0
matched,"A2 sensitivity, detector",A2-detector-c06-14-s1,11,detector,30.67,6,11.20,10,24.11,2,98,1,0
matched,"A2 sensitivity, detector",A2-detector-c06-14-s1,12,detector,26.23,6,10.11,10,23.70,2,100,1,0
matched,"A2 sensitivity, detector",A2-detector-c06-14-s1,13,detector,26.42,6,11.23,10,24.79,4,97,1,0
matched,"A2 sensitivity, detector",A2-detector-c06-14-s1,14,detector,28.24,6,10.27,10,23.54,1,102,1,0
matched,"A2 sensitivity, detector",A2-detector-c06-14-s1,15,detector,29.93,6,11.04,10,24.06,2,100,1,0
matched,"A2 sensitivity, detector",A2-detector-c06-14-s1,16,detector,29.50,6,10.36,10,23.44,2,100,1,0
matched,"A2 sensitivity, detector",A2-detector-c06-14-s1,17,detector,26.19,6,11.53,10,25.13,3,98,1,0
matched,"A2 sensitivity, detector",A2-detector-c06-14-s1,18,detector,30.72,6,10.12,10,23.03,4,102,1,0
matched,"A2 sensitivity, detector",A2-detector-c06-14-s1,19,detector,26.27,6,10.88,10,24.47,3,98,1,0
matched,"A2 sensitivity, detector",A2-detector-c06-14-s1,20,detector,31.42,6,11.53,10,24.34,4,100,1,0
matched,"A2 sensitivity, detector",A2-detector-c06-14-s1,21,detector,29.21,6,10.27,10,23.40,4,98,1,0
matched,"A2 sensitivity, detector",A2-detector-c06-14-s1,22,detector,29.93,6,11.98,10,25.00,3,100,1,0
matched,"A2 sensitivity, detector",A2-detector-c06-14-s1,23,detector,27.22,6,11.07,10,24.50,3,102,1,0
matched,"A2 sensitivity, detector",A2-detector-c06-14-s1,24,detector,25.57,6,10.83,10,24.53,2,100,1,0
matched,"A2 sensitivity, detector",A2-detector-c06-14-s1,25,detector,27.96,6,10.90,10,24.22,2,101,1,0
matched,"A2 sensitivity, detector",A2-detector-c06-14-s1,26,detector,26.48,6,10.75,10,24.30,2,101,1,0
matched,"A2 sensitivity, detector",A2-detector-c06-14-s1,27,detector,28.11,6,10.61,10,23.90,3,98,1,0
matched,"A2 sensitivity, detector",A2-detector-c06-14-s1,28,detector,27.32,6,10.86,10,24.28,3,99,1,0
matched,"A2 sensitivity, detector",A2-detector-c06-14-s1,29,detector,27.43,6,10.64,10,24.04,4,101,1,0
matched,"A2 sensitivity, detector",A2-detector-c06-14-s1,30,detector,26.86,6,10.94,10,24.43,3,98,1,0
matched,"A2 sensitivity, detector",A2-detector-c06-14-s1,31,detector,26.70,6,10.81,10,24.33,2,97,1,0
matched,"A2 sensitivity, detector",A2-detector-c06-15-s1,0,detector,29.42,6,12.68,11,25.78,3,98,1,0
matched,"A2 sensitivity, detector",A2-detector-c06-15-s1,1,detector,31.57,6,13.97,11,26.76,3,101,1,0
matched,"A2 sensitivity, detector",A2-detector-c06-15-s1,2,detector,25.58,6,13.93,11,27.63,2,103,1,0
matched,"A2 sensitivity, detector",A2-detector-c06-15-s1,3,detector,25.72,6,13.79,11,27.47,3,99,1,0
matched,"A2 sensitivity, detector",A2-detector-c06-15-s1,4,detector,30.28,6,12.94,11,25.91,4,102,1,0
matched,"A2 sensitivity, detector",A2-detector-c06-15-s1,5,detector,30.67,6,13.54,11,26.45,3,101,1,0
matched,"A2 sensitivity, detector",A2-detector-c06-15-s1,6,detector,26.96,6,12.32,11,25.79,2,101,1,0
matched,"A2 sensitivity, detector",A2-detector-c06-15-s1,7,detector,26.76,6,13.31,11,26.82,2,101,1,0
matched,"A2 sensitivity, detector",A2-detector-c06-15-s1,8,detector,29.62,6,12.58,11,25.65,5,99,1,0
matched,"A2 sensitivity, detector",A2-detector-c06-15-s1,9,detector,29.60,6,13.81,11,26.88,2,97,1,0
matched,"A2 sensitivity, detector",A2-detector-c06-15-s1,10,detector,29.28,6,12.25,11,25.37,3,99,1,0
matched,"A2 sensitivity, detector",A2-detector-c06-15-s1,11,detector,26.46,6,12.70,11,26.26,3,102,1,0
matched,"A2 sensitivity, detector",A2-detector-c06-15-s1,12,detector,31.69,6,12.36,11,25.13,5,98,1,0
matched,"A2 sensitivity, detector",A2-detector-c06-15-s1,13,detector,27.75,6,13.29,11,26.64,3,99,1,0
matched,"A2 sensitivity, detector",A2-detector-c06-15-s1,14,detector,25.76,6,13.18,11,26.85,2,100,1,0
matched,"A2 sensitivity, detector",A2-detector-c06-15-s1,15,detector,25.96,6,13.40,11,27.04,3,99,1,0
matched,"A2 sensitivity, detector",A2-detector-c06-15-s1,16,detector,25.31,6,13.36,11,27.11,2,100,1,0
matched,"A2 sensitivity, detector",A2-detector-c06-15-s1,17,detector,26.54,6,12.65,11,26.19,2,101,1,0
matched,"A2 sensitivity, detector",A2-detector-c06-15-s1,18,detector,27.28,6,12.40,11,25.82,3,98,1,0
matched,"A2 sensitivity, detector",A2-detector-c06-15-s1,19,detector,30.27,6,12.13,11,25.10,3,101,1,0
matched,"A2 sensitivity, detector",A2-detector-c06-15-s1,20,detector,31.39,6,13.64,11,26.45,3,101,1,0
matched,"A2 sensitivity, detector",A2-detector-c06-15-s1,21,detector,31.46,6,13.55,11,26.35,3,101,1,0
matched,"A2 sensitivity, detector",A2-detector-c06-15-s1,22,detector,29.50,6,12.93,11,26.01,4,101,1,0
matched,"A2 sensitivity, detector",A2-detector-c06-15-s1,23,detector,26.76,6,13.95,11,27.46,3,102,1,0
matched,"A2 sensitivity, detector",A2-detector-c06-15-s1,24,detector,30.62,6,12.96,11,25.88,4,99,1,0
matched,"A2 sensitivity, detector",A2-detector-c06-15-s1,25,detector,27.78,6,12.51,11,25.85,3,100,1,0
matched,"A2 sensitivity, detector",A2-detector-c06-15-s1,26,detector,28.86,6,12.01,11,25.19,2,98,1,0
matched,"A2 sensitivity, detector",A2-detector-c06-15-s1,27,detector,28.18,6,13.44,11,26.72,3,99,1,0
matched,"A2 sensitivity, detector",A2-detector-c06-15-s1,28,detector,30.83,6,12.70,11,25.59,3,101,1,0
matched,"A2 sensitivity, detector",A2-detector-c06-15-s1,29,detector,30.33,6,13.27,11,26.23,5,101,1,0
matched,"A2 sensitivity, detector",A2-detector-c06-15-s1,30,detector,25.93,6,13.79,11,27.43,4,98,1,0
matched,"A2 sensitivity, detector",A2-detector-c06-15-s1,31,detector,27.69,6,12.82,11,26.18,3,97,1,0
matched,"A2 sensitivity, detector",A2-detector-c06-16-s1,0,detector,25.71,6,12.21,11,25.89,4,100,1,0
matched,"A2 sensitivity, detector",A2-detector-c06-16-s1,1,detector,25.74,6,12.26,11,25.94,2,100,1,0
matched,"A2 sensitivity, detector",A2-detector-c06-16-s1,2,detector,28.42,6,14.42,12,27.67,2,98,1,0
matched,"A2 sensitivity, detector",A2-detector-c06-16-s1,3,detector,27.57,6,14.51,12,27.89,5,101,1,0
matched,"A2 sensitivity, detector",A2-detector-c06-16-s1,4,detector,27.50,6,12.62,11,26.01,3,100,1,0
matched,"A2 sensitivity, detector",A2-detector-c06-16-s1,5,detector,30.80,6,14.76,12,27.66,3,99,1,0
matched,"A2 sensitivity, detector",A2-detector-c06-16-s1,6,detector,25.93,6,15.14,12,28.78,3,101,1,0
matched,"A2 sensitivity, detector",A2-detector-c06-16-s1,7,detector,28.36,6,15.07,12,28.32,2,100,1,0
matched,"A2 sensitivity, detector",A2-detector-c06-16-s1,8,detector,29.84,6,14.47,12,27.50,2,99,1,0
matched,"A2 sensitivity, detector",A2-detector-c06-16-s1,9,detector,27.12,6,12.43,11,25.88,2,101,1,0
matched,"A2 sensitivity, detector",A2-detector-c06-16-s1,10,detector,27.80,6,15.91,12,29.25,2,98,1,0
matched,"A2 sensitivity, detector",A2-detector-c06-16-s1,11,detector,25.63,6,13.78,11,27.47,2,98,1,0
matched,"A2 sensitivity, detector",A2-detector-c06-16-s1,12,detector,29.61,6,12.36,11,25.43,3,98,1,0
matched,"A2 sensitivity, detector",A2-detector-c06-16-s1,13,detector,25.84,6,12.66,11,26.32,3,99,1,0
matched,"A2 sensitivity, detector",A2-detector-c06-16-s1,14,detector,25.56,6,14.09,12,27.80,3,102,1,0
matched,"A2 sensitivity, detector",A2-detector-c06-16-s1,15,detector,25.58,6,12.60,11,26.30,2,101,1,0
matched,"A2 sensitivity, detector",A2-detector-c06-16-s1,16,detector,28.32,6,12.19,11,25.45,2,100,1,0
matched,"A2 sensitivity, detector",A2-detector-c06-16-s1,17,detector,29.55,6,14.59,12,27.67,3,98,1,0
matched,"A2 sensitivity, detector",A2-detector-c06-16-s1,18,detector,29.14,6,15.31,12,28.45,2,100,1,0
matched,"A2 sensitivity, detector",A2-detector-c06-16-s1,19,detector,25.52,6,15.26,12,28.97,3,97,1,0
matched,"A2 sensitivity, detector",A2-detector-c06-16-s1,20,detector,30.68,6,12.78,11,25.69,3,100,1,0
matched,"A2 sensitivity, detector",A2-detector-c06-16-s1,21,detector,25.77,6,13.95,11,27.62,3,97,1,0
matched,"A2 sensitivity, detector",A2-detector-c06-16-s1,22,detector,28.73,6,15.17,12,28.37,3,99,1,0
matched,"A2 sensitivity, detector",A2-detector-c06-16-s1,23,detector,31.48,6,14.31,12,27.11,2,101,1,0
matched,"A2 sensitivity, detector",A2-detector-c06-16-s1,24,detector,27.31,6,13.16,11,26.58,4,99,1,0
matched,"A2 sensitivity, detector",A2-detector-c06-16-s1,25,detector,27.36,6,14.10,12,27.51,4,101,1,0
matched,"A2 sensitivity, detector",A2-detector-c06-16-s1,26,detector,25.42,6,12.78,11,26.51,3,99,1,0
matched,"A2 sensitivity, detector",A2-detector-c06-16-s1,27,detector,26.58,6,15.71,12,29.25,2,102,1,0
matched,"A2 sensitivity, detector",A2-detector-c06-16-s1,28,detector,30.44,6,13.83,11,26.78,2,101,1,0
matched,"A2 sensitivity, detector",A2-detector-c06-16-s1,29,detector,25.52,6,12.31,11,26.02,2,100,1,0
matched,"A2 sensitivity, detector",A2-detector-c06-16-s1,30,detector,31.44,6,14.36,12,27.17,2,101,1,0
matched,"A2 sensitivity, detector",A2-detector-c06-16-s1,31,detector,26.48,6,12.67,11,26.22,3,97,1,0
matched,"A2 sensitivity, detector",A2-detector-c06-17-s1,0,detector,31.54,6,14.63,12,27.42,3,101,1,0
matched,"A2 sensitivity, detector",A2-detector-c06-17-s1,1,detector,26.59,6,14.95,12,28.48,4,100,1,0
matched,"A2 sensitivity, detector",A2-detector-c06-17-s1,2,detector,27.24,6,15.39,12,28.82,4,100,1,0
matched,"A2 sensitivity, detector",A2-detector-c06-17-s1,3,detector,27.31,6,15.11,12,28.53,2,101,1,0
matched,"A2 sensitivity, detector",A2-detector-c06-17-s1,4,detector,27.13,6,14.16,12,27.61,4,96,1,0
matched,"A2 sensitivity, detector",A2-detector-c06-17-s1,5,detector,28.54,6,14.39,12,27.62,4,100,1,0
matched,"A2 sensitivity, detector",A2-detector-c06-17-s1,6,detector,27.38,6,15.08,12,28.49,2,96,1,0
matched,"A2 sensitivity, detector",A2-detector-c06-17-s1,7,detector,26.07,6,15.02,12,28.64,2,100,1,0
matched,"A2 sensitivity, detector",A2-detector-c06-17-s1,8,detector,29.27,6,15.74,12,28.86,3,99,1,0
matched,"A2 sensitivity, detector",A2-detector-c06-17-s1,9,detector,27.75,6,14.53,12,27.88,3,101,1,0
matched,"A2 sensitivity, detector",A2-detector-c06-17-s1,10,detector,25.91,6,15.18,12,28.83,2,104,1,0
matched,"A2 sensitivity, detector",A2-detector-c06-17-s1,11,detector,30.83,6,14.32,12,27.21,3,96,1,0
matched,"A2 sensitivity, detector",A2-detector-c06-17-s1,12,detector,28.03,6,15.53,12,28.84,2,99,1,0
matched,"A2 sensitivity, detector",A2-detector-c06-17-s1,13,detector,28.59,6,15.90,12,29.12,2,101,1,0
matched,"A2 sensitivity, detector",A2-detector-c06-17-s1,14,detector,30.72,6,14.93,12,27.84,4,100,1,0
matched,"A2 sensitivity, detector",A2-detector-c06-17-s1,15,detector,28.26,6,15.88,12,29.15,2,101,1,0
matched,"A2 sensitivity, detector",A2-detector-c06-17-s1,16,detector,26.73,6,14.43,12,27.94,2,98,1,0
matched,"A2 sensitivity, detector",A2-detector-c06-17-s1,17,detector,26.63,6,15.36,12,28.89,5,98,1,0
matched,"A2 sensitivity, detector",A2-detector-c06-17-s1,18,detector,29.40,6,14.03,12,27.13,2,102,1,0
matched,"A2 sensitivity, detector",A2-detector-c06-17-s1,19,detector,29.10,6,15.38,12,28.52,2,100,1,0
matched,"A2 sensitivity, detector",A2-detector-c06-17-s1,20,detector,26.28,6,14.80,12,28.39,2,100,1,0
matched,"A2 sensitivity, detector",A2-detector-c06-17-s1,21,detector,29.66,6,15.29,12,28.35,2,98,1,0
matched,"A2 sensitivity, detector",A2-detector-c06-17-s1,22,detector,28.53,6,14.60,12,27.83,2,99,1,0
matched,"A2 sensitivity, detector",A2-detector-c06-17-s1,23,detector,26.56,6,15.71,12,29.25,4,102,1,0
matched,"A2 sensitivity, detector",A2-detector-c06-17-s1,24,detector,31.36,6,15.06,12,27.88,2,99,1,0
matched,"A2 sensitivity, detector",A2-detector-c06-17-s1,25,detector,30.72,6,15.53,12,28.44,3,100,1,0
matched,"A2 sensitivity, detector",A2-detector-c06-17-s1,26,detector,30.77,6,15.26,12,28.16,3,101,1,0
matched,"A2 sensitivity, detector",A2-detector-c06-17-s1,27,detector,29.33,6,15.47,12,28.58,3,99,1,0
matched,"A2 sensitivity, detector",A2-detector-c06-17-s1,28,detector,26.27,6,15.06,12,28.65,2,98,1,0
matched,"A2 sensitivity, detector",A2-detector-c06-17-s1,29,detector,26.68,6,15.00,12,28.52,2,101,1,0
matched,"A2 sensitivity, detector",A2-detector-c06-17-s1,30,detector,29.01,6,14.41,12,27.57,1,97,1,0
matched,"A2 sensitivity, detector",A2-detector-c06-17-s1,31,detector,25.82,6,15.76,12,29.42,3,99,1,0
matched,"A2 sensitivity, detector",A2-detector-c06-18-s1,0,detector,29.17,6,16.22,13,29.35,3,101,1,0
matched,"A2 sensitivity, detector",A2-detector-c06-18-s1,1,detector,29.24,6,17.20,13,30.32,4,99,1,0
matched,"A2 sensitivity, detector",A2-detector-c06-18-s1,2,detector,27.06,6,16.47,13,29.93,5,101,1,0
matched,"A2 sensitivity, detector",A2-detector-c06-18-s1,3,detector,30.38,6,17.79,13,30.75,4,101,1,0
matched,"A2 sensitivity, detector",A2-detector-c06-18-s1,4,detector,30.10,6,17.91,13,30.91,5,100,1,0
matched,"A2 sensitivity, detector",A2-detector-c06-18-s1,5,detector,29.33,6,17.84,13,30.95,3,100,1,0
matched,"A2 sensitivity, detector",A2-detector-c06-18-s1,6,detector,30.46,6,17.95,13,30.89,2,101,1,0
matched,"A2 sensitivity, detector",A2-detector-c06-18-s1,7,detector,27.67,6,17.69,13,31.05,3,100,1,0
matched,"A2 sensitivity, detector",A2-detector-c06-18-s1,8,detector,25.72,6,16.64,13,30.32,2,103,1,0
matched,"A2 sensitivity, detector",A2-detector-c06-18-s1,9,detector,30.58,6,16.71,13,29.64,3,99,1,0
matched,"A2 sensitivity, detector",A2-detector-c06-18-s1,10,detector,27.20,6,17.34,13,30.78,2,98,1,0
matched,"A2 sensitivity, detector",A2-detector-c06-18-s1,11,detector,28.26,6,16.16,13,29.43,3,99,1,0
matched,"A2 sensitivity, detector",A2-detector-c06-18-s1,12,detector,27.04,6,17.50,13,30.96,3,100,1,0
matched,"A2 sensitivity, detector",A2-detector-c06-18-s1,13,detector,25.31,6,17.65,13,31.40,3,100,1,0
matched,"A2 sensitivity, detector",A2-detector-c06-18-s1,14,detector,28.56,6,16.31,13,29.53,2,100,1,0
matched,"A2 sensitivity, detector",A2-detector-c06-18-s1,15,detector,30.36,6,16.98,13,29.94,3,100,1,0
matched,"A2 sensitivity, detector",A2-detector-c06-18-s1,16,detector,28.23,6,17.05,13,30.32,3,97,1,0
matched,"A2 sensitivity, detector",A2-detector-c06-18-s1,17,detector,28.30,6,17.57,13,30.83,4,101,1,0
matched,"A2 sensitivity, detector",A2-detector-c06-18-s1,18,detector,29.54,6,16.58,13,29.66,2,102,1,0
matched,"A2 sensitivity, detector",A2-detector-c06-18-s1,19,detector,25.63,6,16.49,13,30.18,3,99,1,0
matched,"A2 sensitivity, detector",A2-detector-c06-18-s1,20,detector,27.12,6,16.73,13,30.18,2,103,1,0
matched,"A2 sensitivity, detector",A2-detector-c06-18-s1,21,detector,27.82,6,16.85,13,30.19,3,99,1,0
matched,"A2 sensitivity, detector",A2-detector-c06-18-s1,22,detector,31.10,6,17.48,13,30.33,3,100,1,0
matched,"A2 sensitivity, detector",A2-detector-c06-18-s1,23,detector,27.04,6,17.57,13,31.03,2,99,1,0
matched,"A2 sensitivity, detector",A2-detector-c06-18-s1,24,detector,25.51,6,16.48,13,30.19,3,102,1,0
matched,"A2 sensitivity, detector",A2-detector-c06-18-s1,25,detector,31.01,6,17.16,13,30.03,5,99,1,0
matched,"A2 sensitivity, detector",A2-detector-c06-18-s1,26,detector,29.62,6,17.58,13,30.65,3,98,1,0
matched,"A2 sensitivity, detector",A2-detector-c06-18-s1,27,detector,25.37,6,17.07,13,30.81,2,99,1,0
matched,"A2 sensitivity, detector",A2-detector-c06-18-s1,28,detector,27.32,6,17.25,13,30.67,1,99,1,0
matched,"A2 sensitivity, detector",A2-detector-c06-18-s1,29,detector,29.51,6,17.26,13,30.34,2,100,1,0
matched,"A2 sensitivity, detector",A2-detector-c06-18-s1,30,detector,25.60,6,16.85,13,30.55,2,100,1,0
matched,"A2 sensitivity, detector",A2-detector-c06-18-s1,31,detector,27.50,6,16.16,13,29.55,4,98,1,0
matched,"A2 sensitivity, detector",A2-detector-c06-19-s1,0,detector,26.89,6,18.23,14,31.72,2,100,1,0
matched,"A2 sensitivity, detector",A2-detector-c06-19-s1,1,detector,29.38,6,19.80,14,32.90,3,99,1,0
matched,"A2 sensitivity, detector",A2-detector-c06-19-s1,2,detector,31.34,6,16.77,13,29.59,3,99,1,0
matched,"A2 sensitivity, detector",A2-detector-c06-19-s1,3,detector,28.97,6,17.50,13,30.66,3,98,1,0
matched,"A2 sensitivity, detector",A2-detector-c06-19-s1,4,detector,27.47,6,18.98,14,32.37,2,100,1,0
matched,"A2 sensitivity, detector",A2-detector-c06-19-s1,5,detector,31.64,6,19.21,14,31.99,3,98,1,0
matched,"A2 sensitivity, detector",A2-detector-c06-19-s1,6,detector,30.48,6,16.78,13,29.72,4,102,1,0
matched,"A2 sensitivity, detector",A2-detector-c06-19-s1,7,detector,28.70,6,19.74,14,32.94,2,102,1,0
matched,"A2 sensitivity, detector",A2-detector-c06-19-s1,8,detector,28.53,6,18.33,14,31.56,3,98,1,0
matched,"A2 sensitivity, detector",A2-detector-c06-19-s1,9,detector,29.63,6,17.32,13,30.38,3,100,1,0
matched,"A2 sensitivity, detector",A2-detector-c06-19-s1,10,detector,26.28,6,18.74,14,32.33,3,100,1,0
matched,"A2 sensitivity, detector",A2-detector-c06-19-s1,11,detector,28.26,6,16.23,13,29.50,3,99,1,0
matched,"A2 sensitivity, detector",A2-detector-c06-19-s1,12,detector,27.58,6,16.89,13,30.27,3,101,1,0
matched,"A2 sensitivity, detector",A2-detector-c06-19-s1,13,detector,26.73,6,16.22,13,29.73,2,100,1,0
matched,"A2 sensitivity, detector",A2-detector-c06-19-s1,14,detector,26.33,6,17.21,13,30.79,3,99,1,0
matched,"A2 sensitivity, detector",A2-detector-c06-19-s1,15,detector,28.90,6,17.50,13,30.67,2,100,1,0
matched,"A2 sensitivity, detector",A2-detector-c06-19-s1,16,detector,29.06,6,19.25,14,32.40,2,98,1,0
matched,"A2 sensitivity, detector",A2-detector-c06-19-s1,17,detector,25.65,6,16.38,13,30.07,3,99,1,0
matched,"A2 sensitivity, detector",A2-detector-c06-19-s1,18,detector,30.22,6,18.49,14,31.47,2,100,1,0
matched,"A2 sensitivity, detector",A2-detector-c06-19-s1,19,detector,29.74,6,16.38,13,29.43,3,99,1,0
matched,"A2 sensitivity, detector",A2-detector-c06-19-s1,20,detector,31.43,6,18.51,14,31.32,4,99,1,0
matched,"A2 sensitivity, detector",A2-detector-c06-19-s1,21,detector,25.61,6,17.13,13,30.83,3,99,1,0
matched,"A2 sensitivity, detector",A2-detector-c06-19-s1,22,detector,31.46,6,16.62,13,29.42,2,99,1,0
matched,"A2 sensitivity, detector",A2-detector-c06-19-s1,23,detector,28.17,6,17.44,13,30.72,3,100,1,0
matched,"A2 sensitivity, detector",A2-detector-c06-19-s1,24,detector,25.38,6,19.74,14,33.48,2,97,1,0
matched,"A2 sensitivity, detector",A2-detector-c06-19-s1,25,detector,30.11,6,18.57,14,31.56,2,99,1,0
matched,"A2 sensitivity, detector",A2-detector-c06-19-s1,26,detector,25.54,6,18.82,14,32.53,3,98,1,0
matched,"A2 sensitivity, detector",A2-detector-c06-19-s1,27,detector,27.87,6,18.94,14,32.27,4,102,1,0
matched,"A2 sensitivity, detector",A2-detector-c06-19-s1,28,detector,27.18,6,18.98,14,32.42,3,99,1,0
matched,"A2 sensitivity, detector",A2-detector-c06-19-s1,29,detector,30.58,6,18.97,14,31.90,2,99,1,0
matched,"A2 sensitivity, detector",A2-detector-c06-19-s1,30,detector,29.00,6,16.63,13,29.79,5,100,1,0
matched,"A2 sensitivity, detector",A2-detector-c06-19-s1,31,detector,27.66,6,16.63,13,29.99,2,100,1,0
matched,"A2 sensitivity, detector",A2-detector-c06-20-s1,0,detector,28.07,6,18.99,14,32.29,4,98,1,0
matched,"A2 sensitivity, detector",A2-detector-c06-20-s1,1,detector,27.84,6,18.17,14,31.50,2,99,1,0
matched,"A2 sensitivity, detector",A2-detector-c06-20-s1,2,detector,27.58,6,18.15,14,31.53,4,99,1,0
matched,"A2 sensitivity, detector",A2-detector-c06-20-s1,3,detector,26.23,6,19.16,14,32.75,3,99,1,0
matched,"A2 sensitivity, detector",A2-detector-c06-20-s1,4,detector,29.72,6,19.40,14,32.45,3,101,1,0
matched,"A2 sensitivity, detector",A2-detector-c06-20-s1,5,detector,26.39,6,19.74,14,33.31,2,100,1,0
matched,"A2 sensitivity, detector",A2-detector-c06-20-s1,6,detector,28.38,6,19.37,14,32.62,3,101,1,0
matched,"A2 sensitivity, detector",A2-detector-c06-20-s1,7,detector,26.34,6,18.62,14,32.20,3,98,1,0
matched,"A2 sensitivity, detector",A2-detector-c06-20-s1,8,detector,29.73,6,19.65,14,32.70,3,101,1,0
matched,"A2 sensitivity, detector",A2-detector-c06-20-s1,9,detector,26.25,6,19.69,14,33.28,2,103,1,0
matched,"A2 sensitivity, detector",A2-detector-c06-20-s1,10,detector,30.66,6,19.27,14,32.19,5,101,1,0
matched,"A2 sensitivity, detector",A2-detector-c06-20-s1,11,detector,27.46,6,18.18,14,31.57,4,99,1,0
matched,"A2 sensitivity, detector",A2-detector-c06-20-s1,12,detector,26.50,6,18.69,14,32.24,3,101,1,0
matched,"A2 sensitivity, detector",A2-detector-c06-20-s1,13,detector,30.70,6,18.32,14,31.23,2,99,1,0
matched,"A2 sensitivity, detector",A2-detector-c06-20-s1,14,detector,28.77,6,19.52,14,32.71,2,100,1,0
matched,"A2 sensitivity, detector",A2-detector-c06-20-s1,15,detector,31.16,6,19.82,14,32.67,5,101,1,0
matched,"A2 sensitivity, detector",A2-detector-c06-20-s1,16,detector,31.16,6,19.84,14,32.69,4,99,1,0
matched,"A2 sensitivity, detector",A2-detector-c06-20-s1,17,detector,31.16,6,18.42,14,31.27,3,101,1,0
matched,"A2 sensitivity, detector",A2-detector-c06-20-s1,18,detector,27.21,6,19.13,14,32.56,2,100,1,0
matched,"A2 sensitivity, detector",A2-detector-c06-20-s1,19,detector,28.77,6,18.10,14,31.29,3,100,1,0
matched,"A2 sensitivity, detector",A2-detector-c06-20-s1,20,detector,29.02,6,18.32,14,31.47,3,99,1,0
matched,"A2 sensitivity, detector",A2-detector-c06-20-s1,21,detector,25.96,6,18.27,14,31.91,2,100,1,0
matched,"A2 sensitivity, detector",A2-detector-c06-20-s1,22,detector,26.46,6,18.63,14,32.19,2,98,1,0
matched,"A2 sensitivity, detector",A2-detector-c06-20-s1,23,detector,31.76,6,18.14,14,30.90,4,105,1,0
matched,"A2 sensitivity, detector",A2-detector-c06-20-s1,24,detector,30.11,6,19.32,14,32.31,5,102,1,0
matched,"A2 sensitivity, detector",A2-detector-c06-20-s1,25,detector,25.71,6,19.42,14,33.10,4,100,1,0
matched,"A2 sensitivity, detector",A2-detector-c06-20-s1,26,detector,27.04,6,18.59,14,32.05,3,97,1,0
matched,"A2 sensitivity, detector",A2-detector-c06-20-s1,27,detector,26.51,6,18.23,14,31.78,2,99,1,0
matched,"A2 sensitivity, detector",A2-detector-c06-20-s1,28,detector,29.38,6,18.87,14,31.97,4,99,1,0
matched,"A2 sensitivity, detector",A2-detector-c06-20-s1,29,detector,26.28,6,19.19,14,32.78,2,98,1,0
matched,"A2 sensitivity, detector",A2-detector-c06-20-s1,30,detector,26.52,6,18.07,14,31.62,3,99,1,0
matched,"A2 sensitivity, detector",A2-detector-c06-20-s1,31,detector,29.66,6,18.51,14,31.57,4,99,1,0
matched,"A2 sensitivity, detector",A2-detector-c07-0-s1,0,detector,38.23,7,-7.51,1,4.45,99,99,0,0
matched,"A2 sensitivity, detector",A2-detector-c07-0-s1,1,detector,35.33,7,-6.32,1,5.98,97,97,0,0
matched,"A2 sensitivity, detector",A2-detector-c07-0-s1,2,detector,38.79,7,-7.79,1,4.10,100,100,0,0
matched,"A2 sensitivity, detector",A2-detector-c07-0-s1,3,detector,39.37,7,-7.03,1,4.80,101,101,0,0
matched,"A2 sensitivity, detector",A2-detector-c07-0-s1,4,detector,39.39,7,-6.38,1,5.45,100,100,0,0
matched,"A2 sensitivity, detector",A2-detector-c07-0-s1,5,detector,36.35,7,-6.02,1,6.16,101,101,0,0
matched,"A2 sensitivity, detector",A2-detector-c07-0-s1,6,detector,32.18,7,-7.65,1,5.06,99,99,0,0
matched,"A2 sensitivity, detector",A2-detector-c07-0-s1,7,detector,34.43,7,-7.80,1,4.61,99,99,0,0
matched,"A2 sensitivity, detector",A2-detector-c07-0-s1,8,detector,33.61,7,-7.14,1,5.38,102,102,0,0
matched,"A2 sensitivity, detector",A2-detector-c07-0-s1,9,detector,33.31,7,-6.92,1,5.64,100,100,0,0
matched,"A2 sensitivity, detector",A2-detector-c07-0-s1,10,detector,32.73,7,-6.37,1,6.26,99,99,0,0
matched,"A2 sensitivity, detector",A2-detector-c07-0-s1,11,detector,37.60,7,-6.77,1,5.26,101,101,0,0
matched,"A2 sensitivity, detector",A2-detector-c07-0-s1,12,detector,36.29,7,-7.26,1,4.92,102,102,0,0
matched,"A2 sensitivity, detector",A2-detector-c07-0-s1,13,detector,37.58,7,-7.71,1,4.32,100,100,0,0
matched,"A2 sensitivity, detector",A2-detector-c07-0-s1,14,detector,34.00,7,-7.16,1,5.31,100,100,0,0
matched,"A2 sensitivity, detector",A2-detector-c07-0-s1,15,detector,32.43,7,-6.33,1,6.34,99,99,0,0
matched,"A2 sensitivity, detector",A2-detector-c07-0-s1,16,detector,39.63,7,-7.01,1,4.79,99,99,0,0
matched,"A2 sensitivity, detector",A2-detector-c07-0-s1,17,detector,39.46,7,-6.82,1,5.00,100,100,0,0
matched,"A2 sensitivity, detector",A2-detector-c07-0-s1,18,detector,34.24,7,-6.97,1,5.47,104,104,0,0
matched,"A2 sensitivity, detector",A2-detector-c07-0-s1,19,detector,38.55,7,-7.02,1,4.90,98,98,0,0
matched,"A2 sensitivity, detector",A2-detector-c07-0-s1,20,detector,34.30,7,-7.50,1,4.93,98,98,0,0
matched,"A2 sensitivity, detector",A2-detector-c07-0-s1,21,detector,33.14,7,-6.58,1,6.00,99,99,0,0
matched,"A2 sensitivity, detector",A2-detector-c07-0-s1,22,detector,34.81,7,-7.55,1,4.81,98,98,0,0
matched,"A2 sensitivity, detector",A2-detector-c07-0-s1,23,detector,39.78,7,-7.55,1,4.23,100,100,0,0
matched,"A2 sensitivity, detector",A2-detector-c07-0-s1,24,detector,35.40,7,-6.10,1,6.19,101,101,0,0
matched,"A2 sensitivity, detector",A2-detector-c07-0-s1,25,detector,35.85,7,-7.72,1,4.52,98,98,0,0
matched,"A2 sensitivity, detector",A2-detector-c07-0-s1,26,detector,39.53,7,-7.22,1,4.59,102,102,0,0
matched,"A2 sensitivity, detector",A2-detector-c07-0-s1,27,detector,32.38,7,-7.58,1,5.10,101,101,0,0
matched,"A2 sensitivity, detector",A2-detector-c07-0-s1,28,detector,34.10,7,-7.21,1,5.24,100,100,0,0
matched,"A2 sensitivity, detector",A2-detector-c07-0-s1,29,detector,33.04,7,-7.35,1,5.24,98,98,0,0
matched,"A2 sensitivity, detector",A2-detector-c07-0-s1,30,detector,32.40,7,-7.03,1,5.65,101,101,0,0
matched,"A2 sensitivity, detector",A2-detector-c07-0-s1,31,detector,36.39,7,-7.40,1,4.77,99,99,0,0
matched,"A2 sensitivity, detector",A2-detector-c07-1-s1,0,detector,36.31,7,-5.95,2,6.23,102,102,0,0
matched,"A2 sensitivity, detector",A2-detector-c07-1-s1,1,detector,39.85,7,-6.45,1,5.33,101,101,0,0
matched,"A2 sensitivity, detector",A2-detector-c07-1-s1,2,detector,37.74,7,-7.20,1,4.81,101,101,0,0
matched,"A2 sensitivity, detector",A2-detector-c07-1-s1,3,detector,39.49,7,-6.50,1,5.32,102,102,0,0
matched,"A2 sensitivity, detector",A2-detector-c07-1-s1,4,detector,37.34,7,-6.77,1,5.29,99,99,0,0
matched,"A2 sensitivity, detector",A2-detector-c07-1-s1,5,detector,32.59,7,-7.76,1,4.89,99,99,0,0
matched,"A2 sensitivity, detector",A2-detector-c07-1-s1,6,detector,39.26,7,-6.17,1,5.67,98,98,0,0
matched,"A2 sensitivity, detector",A2-detector-c07-1-s1,7,detector,36.36,7,-6.07,1,6.11,98,98,0,0
matched,"A2 sensitivity, detector",A2-detector-c07-1-s1,8,detector,36.63,7,-6.28,1,5.86,99,99,0,0
matched,"A2 sensitivity, detector",A2-detector-c07-1-s1,9,detector,38.66,7,-6.80,1,5.11,100,100,0,0
matched,"A2 sensitivity, detector",A2-detector-c07-1-s1,10,detector,32.27,7,-5.01,2,7.68,102,102,0,0
matched,"A2 sensitivity, detector",A2-detector-c07-1-s1,11,detector,38.27,7,-4.18,2,7.77,102,102,0,0
matched,"A2 sensitivity, detector",A2-detector-c07-1-s1,12,detector,36.12,7,-7.90,1,4.30,99,99,0,0
matched,"A2 sensitivity, detector",A2-detector-c07-1-s1,13,detector,38.62,7,-4.64,2,7.27,96,96,0,0
matched,"A2 sensitivity, detector",A2-detector-c07-1-s1,14,detector,38.10,7,-5.65,2,6.32,100,100,0,0
matched,"A2 sensitivity, detector",A2-detector-c07-1-s1,15,detector,35.56,7,-7.07,1,5.20,100,100,0,0
matched,"A2 sensitivity, detector",A2-detector-c07-1-s1,16,detector,34.80,7,-4.69,2,7.68,101,101,0,0
matched,"A2 sensitivity, detector",A2-detector-c07-1-s1,17,detector,35.74,7,-6.66,1,5.59,98,98,0,0
matched,"A2 sensitivity, detector",A2-detector-c07-1-s1,18,detector,35.55,7,-7.28,1,4.99,98,98,0,0
matched,"A2 sensitivity, detector",A2-detector-c07-1-s1,19,detector,36.76,7,-5.25,2,6.88,100,100,0,0
matched,"A2 sensitivity, detector",A2-detector-c07-1-s1,20,detector,35.78,7,-5.01,2,7.24,101,101,0,0
matched,"A2 sensitivity, detector",A2-detector-c07-1-s1,21,detector,37.07,7,-5.78,2,6.31,99,99,0,0
matched,"A2 sensitivity, detector",A2-detector-c07-1-s1,22,detector,37.77,7,-4.17,2,7.84,102,102,0,0
matched,"A2 sensitivity, detector",A2-detector-c07-1-s1,23,detector,39.52,7,-5.46,2,6.35,99,99,0,0
matched,"A2 sensitivity, detector",A2-detector-c07-1-s1,24,detector,32.21,7,-4.97,2,7.73,99,99,0,0
matched,"A2 sensitivity, detector",A2-detector-c07-1-s1,25,detector,36.00,7,-4.98,2,7.24,99,99,0,0
matched,"A2 sensitivity, detector",A2-detector-c07-1-s1,26,detector,37.52,7,-5.76,2,6.28,100,100,0,0
matched,"A2 sensitivity, detector",A2-detector-c07-1-s1,27,detector,36.16,7,-6.69,1,5.51,101,101,0,0
matched,"A2 sensitivity, detector",A2-detector-c07-1-s1,28,detector,32.27,7,-5.38,2,7.31,100,100,0,0
matched,"A2 sensitivity, detector",A2-detector-c07-1-s1,29,detector,36.25,7,-5.77,2,6.42,99,99,0,0
matched,"A2 sensitivity, detector",A2-detector-c07-1-s1,30,detector,34.65,7,-6.55,1,5.83,102,102,0,0
matched,"A2 sensitivity, detector",A2-detector-c07-1-s1,31,detector,35.37,7,-7.57,1,4.73,99,99,0,0
matched,"A2 sensitivity, detector",A2-detector-c07-2-s1,0,detector,32.00,7,-4.38,2,8.35,99,99,0,0
matched,"A2 sensitivity, detector",A2-detector-c07-2-s1,1,detector,38.94,7,-4.68,2,7.20,99,99,0,0
matched,"A2 sensitivity, detector",A2-detector-c07-2-s1,2,detector,39.87,7,-4.31,2,7.47,99,99,0,0
matched,"A2 sensitivity, detector",A2-detector-c07-2-s1,3,detector,38.17,7,-4.43,2,7.53,102,102,0,0
matched,"A2 sensitivity, detector",A2-detector-c07-2-s1,4,detector,39.33,7,-4.14,2,7.69,97,97,0,0
matched,"A2 sensitivity, detector",A2-detector-c07-2-s1,5,detector,35.82,7,-5.89,2,6.35,100,100,0,0
matched,"A2 sensitivity, detector",A2-detector-c07-2-s1,6,detector,35.77,7,-4.40,2,7.85,100,100,0,0
matched,"A2 sensitivity, detector",A2-detector-c07-2-s1,7,detector,34.14,7,-4.67,2,7.78,100,100,0,0
matched,"A2 sensitivity, detector",A2-detector-c07-2-s1,8,detector,34.51,7,-4.52,2,7.88,99,99,0,0
matched,"A2 sensitivity, detector",A2-detector-c07-2-s1,9,detector,39.70,7,-4.86,2,6.93,98,98,0,0
matched,"A2 sensitivity, detector",A2-detector-c07-2-s1,10,detector,37.46,7,-4.95,2,7.10,100,100,0,0
matched,"A2 sensitivity, detector",A2-detector-c07-2-s1,11,detector,36.07,7,-5.06,2,7.15,102,102,0,0
matched,"A2 sensitivity, detector",A2-detector-c07-2-s1,12,detector,37.77,7,-4.64,2,7.37,100,100,0,0
matched,"A2 sensitivity, detector",A2-detector-c07-2-s1,13,detector,38.72,7,-4.20,2,7.70,101,101,0,0
matched,"A2 sensitivity, detector",A2-detector-c07-2-s1,14,detector,35.16,7,-5.97,2,6.35,101,101,0,0
matched,"A2 sensitivity, detector",A2-detector-c07-2-s1,15,detector,38.16,7,-5.98,2,5.99,98,98,0,0
matched,"A2 sensitivity, detector",A2-detector-c07-2-s1,16,detector,34.81,7,-5.97,2,6.39,99,99,0,0
matched,"A2 sensitivity, detector",A2-detector-c07-2-s1,17,detector,35.04,7,-4.66,2,7.68,98,98,0,0
matched,"A2 sensitivity, detector",A2-detector-c07-2-s1,18,detector,33.70,7,-5.75,2,6.76,101,101,0,0
matched,"A2 sensitivity, detector",A2-detector-c07-2-s1,19,detector,37.80,7,-5.81,2,6.20,98,98,0,0
matched,"A2 sensitivity, detector",A2-detector-c07-2-s1,20,detector,34.81,7,-5.05,2,7.31,98,98,0,0
matched,"A2 sensitivity, detector",A2-detector-c07-2-s1,21,detector,36.58,7,-4.66,2,7.49,98,98,0,0
matched,"A2 sensitivity, detector",A2-detector-c07-2-s1,22,detector,31.86,7,-4.96,2,7.79,99,99,0,0
matched,"A2 sensitivity, detector",A2-detector-c07-2-s1,23,detector,38.46,7,-4.08,2,7.85,100,100,0,0
matched,"A2 sensitivity, detector",A2-detector-c07-2-s1,24,detector,38.88,7,-4.53,2,7.35,101,101,0,0
matched,"A2 sensitivity, detector",A2-detector-c07-2-s1,25,detector,39.76,7,-5.17,2,6.62,100,100,0,0
matched,"A2 sensitivity, detector",A2-detector-c07-2-s1,26,detector,34.42,7,-5.09,2,7.32,97,97,0,0
matched,"A2 sensitivity, detector",A2-detector-c07-2-s1,27,detector,38.45,7,-4.80,2,7.13,99,99,0,0
matched,"A2 sensitivity, detector",A2-detector-c07-2-s1,28,detector,33.63,7,-4.20,2,8.31,96,96,0,0
matched,"A2 sensitivity, detector",A2-detector-c07-2-s1,29,detector,37.18,7,-5.01,2,7.07,98,98,0,0
matched,"A2 sensitivity, detector",A2-detector-c07-2-s1,30,detector,32.87,7,-5.25,2,7.36,101,101,0,0
matched,"A2 sensitivity, detector",A2-detector-c07-2-s1,31,detector,36.70,7,-4.43,2,7.70,102,102,0,0
matched,"A2 sensitivity, detector",A2-detector-c07-3-s1,0,detector,37.22,7,-3.62,3,8.45,99,99,1,0
matched,"A2 sensitivity, detector",A2-detector-c07-3-s1,1,detector,32.21,7,-2.00,3,10.70,94,98,1,0
matched,"A2 sensitivity, detector",A2-detector-c07-3-s1,2,detector,38.90,7,-2.25,3,9.63,98,98,1,0
matched,"A2 sensitivity, detector",A2-detector-c07-3-s1,3,detector,35.78,7,-2.89,3,9.36,101,101,1,0
matched,"A2 sensitivity, detector",A2-detector-c07-3-s1,4,detector,37.37,7,-2.09,3,9.97,100,100,1,0
matched,"A2 sensitivity, detector",A2-detector-c07-3-s1,5,detector,34.41,7,-2.64,3,9.77,100,100,0,0
matched,"A2 sensitivity, detector",A2-detector-c07-3-s1,6,detector,39.92,7,-2.49,3,9.28,98,98,1,0
matched,"A2 sensitivity, detector",A2-detector-c07-3-s1,7,detector,32.75,7,-3.92,3,8.71,95,95,0,0
matched,"A2 sensitivity, detector",A2-detector-c07-3-s1,8,detector,39.06,7,-2.80,3,9.06,102,102,1,0
matched,"A2 sensitivity, detector",A2-detector-c07-3-s1,9,detector,32.19,7,-2.01,3,10.69,88,99,1,0
matched,"A2 sensitivity, detector",A2-detector-c07-3-s1,10,detector,33.60,7,-2.30,3,10.22,100,100,1,0
matched,"A2 sensitivity, detector",A2-detector-c07-3-s1,11,detector,32.73,7,-2.88,3,9.75,99,99,0,0
matched,"A2 sensitivity, detector",A2-detector-c07-3-s1,12,detector,35.52,7,-2.51,3,9.77,100,100,1,0
matched,"A2 sensitivity, detector",A2-detector-c07-3-s1,13,detector,34.57,7,-2.76,3,9.63,100,100,1,0
matched,"A2 sensitivity, detector",A2-detector-c07-3-s1,14,detector,37.90,7,-3.74,3,8.26,100,100,0,0
matched,"A2 sensitivity, detector",A2-detector-c07-3-s1,15,detector,36.55,7,-2.61,3,9.54,99,99,1,0
matched,"A2 sensitivity, detector",A2-detector-c07-3-s1,16,detector,34.52,7,-2.11,3,10.29,80,99,1,0
matched,"A2 sensitivity, detector",A2-detector-c07-3-s1,17,detector,32.72,7,-3.62,3,9.01,101,101,0,0
matched,"A2 sensitivity, detector",A2-detector-c07-3-s1,18,detector,34.08,7,-3.93,3,8.53,98,98,0,0
matched,"A2 sensitivity, detector",A2-detector-c07-3-s1,19,detector,35.45,7,-2.91,3,9.38,77,98,1,0
matched,"A2 sensitivity, detector",A2-detector-c07-3-s1,20,detector,32.24,7,-3.19,3,9.51,90,101,1,0
matched,"A2 sensitivity, detector",A2-detector-c07-3-s1,21,detector,39.31,7,-3.16,3,8.68,96,96,1,0
matched,"A2 sensitivity, detector",A2-detector-c07-3-s1,22,detector,39.77,7,-2.78,3,9.01,101,101,1,0
matched,"A2 sensitivity, detector",A2-detector-c07-3-s1,23,detector,34.14,7,-3.12,3,9.33,97,97,1,0
matched,"A2 sensitivity, detector",A2-detector-c07-3-s1,24,detector,34.63,7,-3.20,3,9.19,101,101,0,0
matched,"A2 sensitivity, detector",A2-detector-c07-3-s1,25,detector,39.80,7,-2.42,3,9.36,101,101,1,0
matched,"A2 sensitivity, detector",A2-detector-c07-3-s1,26,detector,35.16,7,-3.29,3,9.03,98,98,0,0
matched,"A2 sensitivity, detector",A2-detector-c07-3-s1,27,detector,34.09,7,-3.57,3,8.89,100,100,0,0
matched,"A2 sensitivity, detector",A2-detector-c07-3-s1,28,detector,37.22,7,-3.01,3,9.06,99,99,1,0
matched,"A2 sensitivity, detector",A2-detector-c07-3-s1,29,detector,38.80,7,-2.43,3,9.46,99,99,0,0
matched,"A2 sensitivity, detector",A2-detector-c07-3-s1,30,detector,32.83,7,-3.84,3,8.78,101,101,0,0
matched,"A2 sensitivity, detector",A2-detector-c07-3-s1,31,detector,31.95,7,-3.17,3,9.57,99,99,1,0
matched,"A2 sensitivity, detector",A2-detector-c07-4-s1,0,detector,36.25,7,-2.70,3,9.49,99,99,1,0
matched,"A2 sensitivity, detector",A2-detector-c07-4-s1,1,detector,32.77,7,-2.24,3,10.39,99,99,1,0
matched,"A2 sensitivity, detector",A2-detector-c07-4-s1,2,detector,35.41,7,-0.75,4,11.54,45,99,1,0
matched,"A2 sensitivity, detector",A2-detector-c07-4-s1,3,detector,39.01,7,-3.52,3,8.35,100,100,0,0
matched,"A2 sensitivity, detector",A2-detector-c07-4-s1,4,detector,38.56,7,-1.00,4,10.92,90,99,1,0
matched,"A2 sensitivity, detector",A2-detector-c07-4-s1,5,detector,36.12,7,-2.93,3,9.27,97,97,0,0
matched,"A2 sensitivity, detector",A2-detector-c07-4-s1,6,detector,33.13,7,-1.04,4,11.54,62,99,1,0
matched,"A2 sensitivity, detector",A2-detector-c07-4-s1,7,detector,32.71,7,-3.69,3,8.94,102,102,0,0
matched,"A2 sensitivity, detector",A2-detector-c07-4-s1,8,detector,32.54,7,-0.60,4,12.06,81,105,1,0
matched,"A2 sensitivity, detector",A2-detector-c07-4-s1,9,detector,32.64,7,-0.27,4,12.37,34,102,1,0
matched,"A2 sensitivity, detector",A2-detector-c07-4-s1,10,detector,34.83,7,-2.84,3,9.52,99,99,1,0
matched,"A2 sensitivity, detector",A2-detector-c07-4-s1,11,detector,35.37,7,-0.38,4,11.92,33,100,1,0
matched,"A2 sensitivity, detector",A2-detector-c07-4-s1,12,detector,36.30,7,-2.34,3,9.84,88,100,1,0
matched,"A2 sensitivity, detector",A2-detector-c07-4-s1,13,detector,36.93,7,-1.26,4,10.85,72,99,1,0
matched,"A2 sensitivity, detector",A2-detector-c07-4-s1,14,detector,39.11,7,-3.84,3,8.02,100,100,0,0
matched,"A2 sensitivity, detector",A2-detector-c07-4-s1,15,detector,32.80,7,-2.30,3,10.32,100,100,1,0
matched,"A2 sensitivity, detector",A2-detector-c07-4-s1,16,detector,37.16,7,-1.28,4,10.80,69,102,1,0
matched,"A2 sensitivity, detector",A2-detector-c07-4-s1,17,detector,33.70,7,-2.75,3,9.76,99,99,0,0
matched,"A2 sensitivity, detector",A2-detector-c07-4-s1,18,detector,35.10,7,-2.00,3,10.33,101,101,1,0
matched,"A2 sensitivity, detector",A2-detector-c07-4-s1,19,detector,32.39,7,-1.97,4,10.71,99,99,1,0
matched,"A2 sensitivity, detector",A2-detector-c07-4-s1,20,detector,39.19,7,-2.51,3,9.34,101,101,0,0
matched,"A2 sensitivity, detector",A2-detector-c07-4-s1,21,detector,37.21,7,-0.26,4,11.81,43,101,1,0
matched,"A2 sensitivity, detector",A2-detector-c07-4-s1,22,detector,36.78,7,-0.46,4,11.67,92,100,1,0
matched,"A2 sensitivity, detector",A2-detector-c07-4-s1,23,detector,32.63,7,-0.10,4,12.55,57,98,1,0
matched,"A2 sensitivity, detector",A2-detector-c07-4-s1,24,detector,37.18,7,-2.96,3,9.12,101,101,0,0
matched,"A2 sensitivity, detector",A2-detector-c07-4-s1,25,detector,37.19,7,-1.34,4,10.74,97,102,1,0
matched,"A2 sensitivity, detector",A2-detector-c07-4-s1,26,detector,37.79,7,-2.59,3,9.42,100,100,1,0
matched,"A2 sensitivity, detector",A2-detector-c07-4-s1,27,detector,38.33,7,-2.87,3,9.08,101,101,0,0
matched,"A2 sensitivity, detector",A2-detector-c07-4-s1,28,detector,38.54,7,-1.36,4,10.56,93,99,1,0
matched,"A2 sensitivity, detector",A2-detector-c07-4-s1,29,detector,36.56,7,-1.83,4,10.32,94,98,1,0
matched,"A2 sensitivity, detector",A2-detector-c07-4-s1,30,detector,36.90,7,-2.80,3,9.31,98,98,0,0
matched,"A2 sensitivity, detector",A2-detector-c07-4-s1,31,detector,33.95,7,-1.06,4,11.41,74,103,1,0
matched,"A2 sensitivity, detector",A2-detector-c07-5-s1,0,detector,37.52,7,-0.15,4,11.89,60,100,1,0
matched,"A2 sensitivity, detector",A2-detector-c07-5-s1,1,detector,34.59,7,-0.99,4,11.40,61,98,1,0
matched,"A2 sensitivity, detector",A2-detector-c07-5-s1,2,detector,33.12,7,-1.14,4,11.44,39,100,1,0
matched,"A2 sensitivity, detector",A2-detector-c07-5-s1,3,detector,38.61,7,-0.95,4,10.96,71,100,1,0
matched,"A2 sensitivity, detector",A2-detector-c07-5-s1,4,detector,39.93,7,-1.37,4,10.40,96,98,1,0
matched,"A2 sensitivity, detector",A2-detector-c07-5-s1,5,detector,33.86,7,-0.54,4,11.94,56,100,1,0
matched,"A2 sensitivity, detector",A2-detector-c07-5-s1,6,detector,32.90,7,-1.94,4,10.67,94,98,1,0
matched,"A2 sensitivity, detector",A2-detector-c07-5-s1,7,detector,35.13,7,-1.55,4,10.77,66,100,1,0
matched,"A2 sensitivity, detector",A2-detector-c07-5-s1,8,detector,35.53,7,-1.91,4,10.37,100,100,1,0
matched,"A2 sensitivity, detector",A2-detector-c07-5-s1,9,detector,37.85,7,-1.18,4,10.82,73,101,1,0
matched,"A2 sensitivity, detector",A2-detector-c07-5-s1,10,detector,33.44,7,-0.73,4,11.81,44,98,1,0
matched,"A2 sensitivity, detector",A2-detector-c07-5-s1,11,detector,37.33,7,-1.15,4,10.91,84,99,1,0
matched,"A2 sensitivity, detector",A2-detector-c07-5-s1,12,detector,39.32,7,-1.33,4,10.51,71,98,1,0
matched,"A2 sensitivity, detector",A2-detector-c07-5-s1,13,detector,35.25,7,-0.70,4,11.61,87,99,1,0
matched,"A2 sensitivity, detector",A2-detector-c07-5-s1,14,detector,37.73,7,-1.97,4,10.04,78,100,1,0
matched,"A2 sensitivity, detector",A2-detector-c07-5-s1,15,detector,33.89,7,-0.76,4,11.72,87,100,1,0
matched,"A2 sensitivity, detector",A2-detector-c07-5-s1,16,detector,34.45,7,-1.54,4,10.87,89,100,1,0
matched,"A2 sensitivity, detector",A2-detector-c07-5-s1,17,detector,33.16,7,-0.30,4,12.28,53,100,1,0
matched,"A2 sensitivity, detector",A2-detector-c07-5-s1,18,detector,38.23,7,-0.54,4,11.42,70,98,1,0
matched,"A2 sensitivity, detector",A2-detector-c07-5-s1,19,detector,39.21,7,-1.63,4,10.22,76,99,1,0
matched,"A2 sensitivity, detector",A2-detector-c07-5-s1,20,detector,33.49,7,-0.38,4,12.15,88,100,1,0
matched,"A2 sensitivity, detector",A2-detector-c07-5-s1,21,detector,33.71,7,-1.11,4,11.39,80,102,1,0
matched,"A2 sensitivity, detector",A2-detector-c07-5-s1,22,detector,34.70,7,-0.94,4,11.44,68,101,1,0
matched,"A2 sensitivity, detector",A2-detector-c07-5-s1,23,detector,33.03,7,-0.41,4,12.18,51,100,1,0
matched,"A2 sensitivity, detector",A2-detector-c07-5-s1,24,detector,35.89,7,-1.88,4,10.35,99,100,1,0
matched,"A2 sensitivity, detector",A2-detector-c07-5-s1,25,detector,31.95,7,-1.39,4,11.35,72,100,1,0
matched,"A2 sensitivity, detector",A2-detector-c07-5-s1,26,detector,32.21,7,-1.56,4,11.14,99,99,1,0
matched,"A2 sensitivity, detector",A2-detector-c07-5-s1,27,detector,36.78,7,-0.96,4,11.17,79,99,1,0
matched,"A2 sensitivity, detector",A2-detector-c07-5-s1,28,detector,33.13,7,-0.06,4,12.52,47,99,1,0
matched,"A2 sensitivity, detector",A2-detector-c07-5-s1,29,detector,37.91,7,-1.54,4,10.45,72,98,1,0
matched,"A2 sensitivity, detector",A2-detector-c07-5-s1,30,detector,39.38,7,-1.94,4,9.89,99,99,1,0
matched,"A2 sensitivity, detector",A2-detector-c07-5-s1,31,detector,33.75,7,-1.87,4,10.63,84,98,1,0
matched,"A2 sensitivity, detector",A2-detector-c07-6-s1,0,detector,34.00,7,0.10,5,12.57,50,98,1,0
matched,"A2 sensitivity, detector",A2-detector-c07-6-s1,1,detector,38.05,7,0.08,5,12.06,67,97,1,0
matched,"A2 sensitivity, detector",A2-detector-c07-6-s1,2,detector,37.51,7,1.78,5,13.82,6,101,1,0
matched,"A2 sensitivity, detector",A2-detector-c07-6-s1,3,detector,37.11,7,0.49,5,12.58,36,98,1,0
matched,"A2 sensitivity, detector",A2-detector-c07-6-s1,4,detector,39.55,7,0.08,5,11.89,44,98,1,0
matched,"A2 sensitivity, detector",A2-detector-c07-6-s1,5,detector,32.19,7,0.86,5,13.56,21,101,1,0
matched,"A2 sensitivity, detector",A2-detector-c07-6-s1,6,detector,33.95,7,1.35,5,13.82,8,99,1,0
matched,"A2 sensitivity, detector",A2-detector-c07-6-s1,7,detector,32.29,7,1.33,5,14.02,8,102,1,0
matched,"A2 sensitivity, detector",A2-detector-c07-6-s1,8,detector,33.04,7,1.18,5,13.77,11,100,1,0
matched,"A2 sensitivity, detector",A2-detector-c07-6-s1,9,detector,34.56,7,0.79,5,13.19,15,101,1,0
matched,"A2 sensitivity, detector",A2-detector-c07-6-s1,10,detector,37.14,7,1.83,5,13.91,12,101,1,0
matched,"A2 sensitivity, detector",A2-detector-c07-6-s1,11,detector,34.29,7,0.79,5,13.22,7,101,1,0
matched,"A2 sensitivity, detector",A2-detector-c07-6-s1,12,detector,35.39,7,0.69,5,12.98,47,101,1,0
matched,"A2 sensitivity, detector",A2-detector-c07-6-s1,13,detector,37.84,7,0.55,5,12.55,19,100,1,0
matched,"A2 sensitivity, detector",A2-detector-c07-6-s1,14,detector,37.17,7,0.02,5,12.10,69,100,1,0
matched,"A2 sensitivity, detector",A2-detector-c07-6-s1,15,detector,35.80,7,0.24,5,12.48,39,101,1,0
matched,"A2 sensitivity, detector",A2-detector-c07-6-s1,16,detector,38.55,7,1.21,5,13.13,14,99,1,0
matched,"A2 sensitivity, detector",A2-detector-c07-6-s1,17,detector,38.34,7,1.07,5,13.01,16,98,1,0
matched,"A2 sensitivity, detector",A2-detector-c07-6-s1,18,detector,32.70,7,1.02,5,13.66,58,99,1,0
matched,"A2 sensitivity, detector",A2-detector-c07-6-s1,19,detector,38.52,7,0.14,5,12.06,54,103,1,0
matched,"A2 sensitivity, detector",A2-detector-c07-6-s1,20,detector,36.26,7,0.41,5,12.60,41,98,1,0
matched,"A2 sensitivity, detector",A2-detector-c07-6-s1,21,detector,34.59,7,0.20,5,12.59,72,98,1,0
matched,"A2 sensitivity, detector",A2-detector-c07-6-s1,22,detector,34.86,7,1.38,5,13.74,46,100,1,0
matched,"A2 sensitivity, detector",A2-detector-c07-6-s1,23,detector,37.33,7,1.32,5,13.38,11,97,1,0
matched,"A2 sensitivity, detector",A2-detector-c07-6-s1,24,detector,34.49,7,0.67,5,13.07,18,100,1,0
matched,"A2 sensitivity, detector",A2-detector-c07-6-s1,25,detector,34.82,7,0.58,5,12.94,54,100,1,0
matched,"A2 sensitivity, detector",A2-detector-c07-6-s1,26,detector,32.34,7,0.39,5,13.07,38,102,1,0
matched,"A2 sensitivity, detector",A2-detector-c07-6-s1,27,detector,35.80,7,1.09,5,13.33,64,101,1,0
matched,"A2 sensitivity, detector",A2-detector-c07-6-s1,28,detector,37.57,7,1.48,5,13.51,29,100,1,0
matched,"A2 sensitivity, detector",A2-detector-c07-6-s1,29,detector,33.93,7,1.42,5,13.90,11,97,1,0
matched,"A2 sensitivity, detector",A2-detector-c07-6-s1,30,detector,39.70,7,0.33,5,12.12,25,99,1,0
matched,"A2 sensitivity, detector",A2-detector-c07-6-s1,31,detector,34.90,7,0.46,5,12.81,19,99,1,0
matched,"A2 sensitivity, detector",A2-detector-c07-7-s1,0,detector,34.40,7,0.52,5,12.94,77,100,1,0
matched,"A2 sensitivity, detector",A2-detector-c07-7-s1,1,detector,33.61,7,3.08,6,15.60,5,99,1,0
matched,"A2 sensitivity, detector",A2-detector-c07-7-s1,2,detector,39.71,7,0.78,5,12.57,33,101,1,0
matched,"A2 sensitivity, detector",A2-detector-c07-7-s1,3,detector,39.75,7,0.62,5,12.41,54,100,1,0
matched,"A2 sensitivity, detector",A2-detector-c07-7-s1,4,detector,34.03,7,2.00,5,14.46,4,101,1,0
matched,"A2 sensitivity, detector",A2-detector-c07-7-s1,5,detector,36.29,7,2.14,6,14.32,9,102,1,0
matched,"A2 sensitivity, detector",A2-detector-c07-7-s1,6,detector,36.51,7,3.13,6,15.29,5,99,1,0
matched,"A2 sensitivity, detector",A2-detector-c07-7-s1,7,detector,32.67,7,1.60,5,14.24,16,101,1,0
matched,"A2 sensitivity, detector",A2-detector-c07-7-s1,8,detector,37.93,7,1.47,5,13.46,8,101,1,0
matched,"A2 sensitivity, detector",A2-detector-c07-7-s1,9,detector,39.81,7,3.16,6,14.94,5,100,1,0
matched,"A2 sensitivity, detector",A2-detector-c07-7-s1,10,detector,35.01,7,0.48,5,12.82,52,102,1,0
matched,"A2 sensitivity, detector",A2-detector-c07-7-s1,11,detector,38.71,7,2.30,6,14.20,19,100,1,0
matched,"A2 sensitivity, detector",A2-detector-c07-7-s1,12,detector,35.52,7,1.79,5,14.07,7,98,1,0
matched,"A2 sensitivity, detector",A2-detector-c07-7-s1,13,detector,33.91,7,1.53,5,14.01,7,99,1,0
matched,"A2 sensitivity, detector",A2-detector-c07-7-s1,14,detector,33.18,7,2.76,6,15.33,5,101,1,0
matched,"A2 sensitivity, detector",A2-detector-c07-7-s1,15,detector,35.02,7,3.67,6,16.01,6,98,1,0
matched,"A2 sensitivity, detector",A2-detector-c07-7-s1,16,detector,39.27,7,3.10,6,14.94,12,101,1,0
matched,"A2 sensitivity, detector",A2-detector-c07-7-s1,17,detector,32.65,7,2.68,6,15.32,6,101,1,0
matched,"A2 sensitivity, detector",A2-detector-c07-7-s1,18,detector,37.04,7,1.66,5,13.75,52,97,1,0
matched,"A2 sensitivity, detector",A2-detector-c07-7-s1,19,detector,38.29,7,3.59,6,15.54,5,98,1,0
matched,"A2 sensitivity, detector",A2-detector-c07-7-s1,20,detector,38.91,7,0.56,5,12.44,71,99,1,0
matched,"A2 sensitivity, detector",A2-detector-c07-7-s1,21,detector,37.34,7,1.47,5,13.53,24,102,1,0
matched,"A2 sensitivity, detector",A2-detector-c07-7-s1,22,detector,32.65,7,1.30,5,13.94,29,100,1,0
matched,"A2 sensitivity, detector",A2-detector-c07-7-s1,23,detector,36.22,7,0.24,5,12.43,61,102,1,0
matched,"A2 sensitivity, detector",A2-detector-c07-7-s1,24,detector,33.00,7,2.78,6,15.38,3,99,1,0
matched,"A2 sensitivity, detector",A2-detector-c07-7-s1,25,detector,32.52,7,1.05,5,13.71,8,99,1,0
matched,"A2 sensitivity, detector",A2-detector-c07-7-s1,26,detector,32.39,7,2.11,6,14.79,27,99,1,0
matched,"A2 sensitivity, detector",A2-detector-c07-7-s1,27,detector,38.48,7,2.27,6,14.20,12,99,1,0
matched,"A2 sensitivity, detector",A2-detector-c07-7-s1,28,detector,38.44,7,2.94,6,14.87,9,101,1,0
matched,"A2 sensitivity, detector",A2-detector-c07-7-s1,29,detector,34.17,7,1.26,5,13.71,10,98,1,0
matched,"A2 sensitivity, detector",A2-detector-c07-7-s1,30,detector,34.18,7,2.60,6,15.04,11,102,1,0
matched,"A2 sensitivity, detector",A2-detector-c07-7-s1,31,detector,33.96,7,2.58,6,15.05,7,102,1,0
matched,"A2 sensitivity, detector",A2-detector-c07-8-s1,0,detector,35.68,7,3.26,6,15.52,5,100,1,0
matched,"A2 sensitivity, detector",A2-detector-c07-8-s1,1,detector,32.93,7,3.91,6,16.52,3,104,1,0
matched,"A2 sensitivity, detector",A2-detector-c07-8-s1,2,detector,33.21,7,3.34,6,15.91,5,99,1,0
matched,"A2 sensitivity, detector",A2-detector-c07-8-s1,3,detector,33.87,7,3.00,6,15.48,5,99,1,0
matched,"A2 sensitivity, detector",A2-detector-c07-8-s1,4,detector,37.44,7,2.98,6,15.03,6,101,1,0
matched,"A2 sensitivity, detector",A2-detector-c07-8-s1,5,detector,34.04,7,3.93,6,16.39,3,102,1,0
matched,"A2 sensitivity, detector",A2-detector-c07-8-s1,6,detector,36.52,7,2.37,6,14.53,5,98,1,0
matched,"A2 sensitivity, detector",A2-detector-c07-8-s1,7,detector,33.52,7,3.76,6,16.29,5,103,1,0
matched,"A2 sensitivity, detector",A2-detector-c07-8-s1,8,detector,33.59,7,3.69,6,16.21,5,99,1,0
matched,"A2 sensitivity, detector",A2-detector-c07-8-s1,9,detector,34.06,7,3.33,6,15.79,3,100,1,0
matched,"A2 sensitivity, detector",A2-detector-c07-8-s1,10,detector,32.61,7,2.31,6,14.96,7,99,1,0
matched,"A2 sensitivity, detector",A2-detector-c07-8-s1,11,detector,39.87,7,3.92,6,15.70,8,100,1,0
matched,"A2 sensitivity, detector",A2-detector-c07-8-s1,12,detector,34.86,7,3.35,6,15.71,4,100,1,0
matched,"A2 sensitivity, detector",A2-detector-c07-8-s1,13,detector,38.13,7,3.50,6,15.47,5,99,1,0
matched,"A2 sensitivity, detector",A2-detector-c07-8-s1,14,detector,39.63,7,2.08,6,13.88,9,100,1,0
matched,"A2 sensitivity, detector",A2-detector-c07-8-s1,15,detector,34.93,7,3.27,6,15.62,10,99,1,0
matched,"A2 sensitivity, detector",A2-detector-c07-8-s1,16,detector,35.98,7,3.93,6,16.15,6,101,1,0
matched,"A2 sensitivity, detector",A2-detector-c07-8-s1,17,detector,39.36,7,3.17,6,15.00,8,101,1,0
matched,"A2 sensitivity, detector",A2-detector-c07-8-s1,18,detector,33.17,7,3.81,6,16.38,3,101,1,0
matched,"A2 sensitivity, detector",A2-detector-c07-8-s1,19,detector,33.58,7,3.59,6,16.11,5,99,1,0
matched,"A2 sensitivity, detector",A2-detector-c07-8-s1,20,detector,39.17,7,2.00,6,13.85,16,101,1,0
matched,"A2 sensitivity, detector",A2-detector-c07-8-s1,21,detector,37.74,7,3.93,6,15.94,4,102,1,0
matched,"A2 sensitivity, detector",A2-detector-c07-8-s1,22,detector,37.36,7,3.77,6,15.83,3,103,1,0
matched,"A2 sensitivity, detector",A2-detector-c07-8-s1,23,detector,33.77,7,2.56,6,15.06,8,102,1,0
matched,"A2 sensitivity, detector",A2-detector-c07-8-s1,24,detector,38.75,7,2.74,6,14.64,7,100,1,0
matched,"A2 sensitivity, detector",A2-detector-c07-8-s1,25,detector,34.00,7,2.50,6,14.97,12,100,1,0
matched,"A2 sensitivity, detector",A2-detector-c07-8-s1,26,detector,35.62,7,3.03,6,15.29,5,100,1,0
matched,"A2 sensitivity, detector",A2-detector-c07-8-s1,27,detector,32.68,7,3.96,6,16.60,4,97,1,0
matched,"A2 sensitivity, detector",A2-detector-c07-8-s1,28,detector,32.17,7,3.59,6,16.30,3,99,1,0
matched,"A2 sensitivity, detector",A2-detector-c07-8-s1,29,detector,38.49,7,3.26,6,15.19,9,100,1,0
matched,"A2 sensitivity, detector",A2-detector-c07-8-s1,30,detector,36.93,7,2.76,6,14.87,8,101,1,0
matched,"A2 sensitivity, detector",A2-detector-c07-8-s1,31,detector,37.39,7,3.74,6,15.79,5,99,1,0
matched,"A2 sensitivity, detector",A2-detector-c07-9-s1,0,detector,36.25,7,4.50,7,16.69,4,99,1,0
matched,"A2 sensitivity, detector",A2-detector-c07-9-s1,1,detector,37.11,7,4.66,7,16.75,2,100,1,0
matched,"A2 sensitivity, detector",A2-detector-c07-9-s1,2,detector,35.84,7,5.37,7,17.61,3,98,1,0
matched,"A2 sensitivity, detector",A2-detector-c07-9-s1,3,detector,36.77,7,4.28,7,16.41,4,99,1,0
matched,"A2 sensitivity, detector",A2-detector-c07-9-s1,4,detector,37.18,7,4.24,7,16.32,4,99,1,0
matched,"A2 sensitivity, detector",A2-detector-c07-9-s1,5,detector,35.40,7,4.43,7,16.72,6,98,1,0
matched,"A2 sensitivity, detector",A2-detector-c07-9-s1,6,detector,39.95,7,4.00,7,15.77,8,100,1,0
matched,"A2 sensitivity, detector",A2-detector-c07-9-s1,7,detector,38.46,7,4.03,7,15.96,33,101,1,0
matched,"A2 sensitivity, detector",A2-detector-c07-9-s1,8,detector,34.67,7,4.52,7,16.90,4,98,1,0
matched,"A2 sensitivity, detector",A2-detector-c07-9-s1,9,detector,32.97,7,4.31,7,16.91,5,99,1,0
matched,"A2 sensitivity, detector",A2-detector-c07-9-s1,10,detector,39.65,7,4.67,7,16.47,4,100,1,0
matched,"A2 sensitivity, detector",A2-detector-c07-9-s1,11,detector,34.78,7,4.36,7,16.73,5,99,1,0
matched,"A2 sensitivity, detector",A2-detector-c07-9-s1,12,detector,35.96,7,4.56,7,16.78,5,101,1,0
matched,"A2 sensitivity, detector",A2-detector-c07-9-s1,13,detector,35.51,7,5.10,7,17.38,4,98,1,0
matched,"A2 sensitivity, detector",A2-detector-c07-9-s1,14,detector,39.89,7,4.25,7,16.02,8,100,1,0
matched,"A2 sensitivity, detector",A2-detector-c07-9-s1,15,detector,36.08,7,4.25,7,16.46,5,98,1,0
matched,"A2 sensitivity, detector",A2-detector-c07-9-s1,16,detector,34.85,7,5.59,7,17.95,4,100,1,0
matched,"A2 sensitivity, detector",A2-detector-c07-9-s1,17,detector,38.31,7,4.88,7,16.83,6,99,1,0
matched,"A2 sensitivity, detector",A2-detector-c07-9-s1,18,detector,33.35,7,5.11,7,17.66,7,103,1,0
matched,"A2 sensitivity, detector",A2-detector-c07-9-s1,19,detector,39.37,7,5.27,7,17.10,4,101,1,0
matched,"A2 sensitivity, detector",A2-detector-c07-9-s1,20,detector,37.72,7,4.09,7,16.11,5,100,1,0
matched,"A2 sensitivity, detector",A2-detector-c07-9-s1,21,detector,31.96,7,5.48,7,18.22,4,98,1,0
matched,"A2 sensitivity, detector",A2-detector-c07-9-s1,22,detector,33.10,7,5.16,7,17.74,5,101,1,0
matched,"A2 sensitivity, detector",A2-detector-c07-9-s1,23,detector,37.30,7,5.63,7,17.69,10,100,1,0
matched,"A2 sensitivity, detector",A2-detector-c07-9-s1,24,detector,34.50,7,4.22,7,16.62,3,98,1,0
matched,"A2 sensitivity, detector",A2-detector-c07-9-s1,25,detector,35.64,7,5.79,7,18.05,3,99,1,0
matched,"A2 sensitivity, detector",A2-detector-c07-9-s1,26,detector,39.93,7,5.30,7,17.07,5,100,1,0
matched,"A2 sensitivity, detector",A2-detector-c07-9-s1,27,detector,37.13,7,4.47,7,16.55,5,103,1,0
matched,"A2 sensitivity, detector",A2-detector-c07-9-s1,28,detector,35.95,7,4.64,7,16.86,5,98,1,0
matched,"A2 sensitivity, detector",A2-detector-c07-9-s1,29,detector,37.86,7,5.99,7,17.99,3,101,1,0
matched,"A2 sensitivity, detector",A2-detector-c07-9-s1,30,detector,36.35,7,5.11,7,17.29,4,100,1,0
matched,"A2 sensitivity, detector",A2-detector-c07-9-s1,31,detector,37.40,7,4.37,7,16.42,6,101,1,0
matched,"A2 sensitivity, detector",A2-detector-c07-10-s1,0,detector,32.71,7,6.69,8,19.32,2,100,1,0
matched,"A2 sensitivity, detector",A2-detector-c07-10-s1,1,detector,37.46,7,4.37,7,16.42,8,102,1,0
matched,"A2 sensitivity, detector",A2-detector-c07-10-s1,2,detector,36.93,7,6.26,8,18.37,3,100,1,0
matched,"A2 sensitivity, detector",A2-detector-c07-10-s1,3,detector,37.86,7,6.94,8,18.94,3,99,1,0
matched,"A2 sensitivity, detector",A2-detector-c07-10-s1,4,detector,34.56,7,7.41,8,19.81,3,98,1,0
matched,"A2 sensitivity, detector",A2-detector-c07-10-s1,5,detector,37.30,7,5.79,7,17.85,4,97,1,0
matched,"A2 sensitivity, detector",A2-detector-c07-10-s1,6,detector,32.49,7,6.70,8,19.36,4,98,1,0
matched,"A2 sensitivity, detector",A2-detector-c07-10-s1,7,detector,35.93,7,7.92,8,20.15,4,101,1,0
matched,"A2 sensitivity, detector",A2-detector-c07-10-s1,8,detector,37.79,7,5.28,7,17.29,4,101,1,0
matched,"A2 sensitivity, detector",A2-detector-c07-10-s1,9,detector,34.21,7,7.15,8,19.59,4,101,1,0
matched,"A2 sensitivity, detector",A2-detector-c07-10-s1,10,detector,34.01,7,6.78,8,19.25,4,100,1,0
matched,"A2 sensitivity, detector",A2-detector-c07-10-s1,11,detector,37.09,7,5.74,7,17.83,3,98,1,0
matched,"A2 sensitivity, detector",A2-detector-c07-10-s1,12,detector,36.37,7,6.03,8,18.20,3,100,1,0
matched,"A2 sensitivity, detector",A2-detector-c07-10-s1,13,detector,32.36,7,5.70,7,18.38,3,101,1,0
matched,"A2 sensitivity, detector",A2-detector-c07-10-s1,14,detector,35.25,7,5.35,7,17.66,4,101,1,0
matched,"A2 sensitivity, detector",A2-detector-c07-10-s1,15,detector,32.78,7,6.50,8,19.13,3,97,1,0
matched,"A2 sensitivity, detector",A2-detector-c07-10-s1,16,detector,35.43,7,6.79,8,19.08,3,102,1,0
matched,"A2 sensitivity, detector",A2-detector-c07-10-s1,17,detector,37.85,7,5.39,7,17.39,5,100,1,0
matched,"A2 sensitivity, detector",A2-detector-c07-10-s1,18,detector,38.75,7,5.67,7,17.57,5,101,1,0
matched,"A2 sensitivity, detector",A2-detector-c07-10-s1,19,detector,39.80,7,4.01,7,15.79,5,102,1,0
matched,"A2 sensitivity, detector",A2-detector-c07-10-s1,20,detector,39.03,7,6.27,8,18.14,4,103,1,0
matched,"A2 sensitivity, detector",A2-detector-c07-10-s1,21,detector,39.52,7,4.76,7,16.57,11,98,1,0
matched,"A2 sensitivity, detector",A2-detector-c07-10-s1,22,detector,32.05,7,4.26,7,16.98,4,99,1,0
matched,"A2 sensitivity, detector",A2-detector-c07-10-s1,23,detector,33.92,7,5.41,7,17.89,5,98,1,0
matched,"A2 sensitivity, detector",A2-detector-c07-10-s1,24,detector,34.47,7,4.51,7,16.92,3,99,1,0
matched,"A2 sensitivity, detector",A2-detector-c07-10-s1,25,detector,36.14,7,6.22,8,18.42,4,98,1,0
matched,"A2 sensitivity, detector",A2-detector-c07-10-s1,26,detector,38.01,7,7.49,8,19.47,7,100,1,0
matched,"A2 sensitivity, detector",A2-detector-c07-10-s1,27,detector,38.44,7,5.31,7,17.24,8,103,1,0
matched,"A2 sensitivity, detector",A2-detector-c07-10-s1,28,detector,35.28,7,7.84,8,20.15,5,100,1,0
matched,"A2 sensitivity, detector",A2-detector-c07-10-s1,29,detector,33.78,7,4.06,7,16.55,3,99,1,0
matched,"A2 sensitivity, detector",A2-detector-c07-10-s1,30,detector,32.07,7,4.00,7,16.72,4,100,1,0
matched,"A2 sensitivity, detector",A2-detector-c07-10-s1,31,detector,32.67,7,6.03,8,18.67,3,100,1,0
matched,"A2 sensitivity, detector",A2-detector-c07-11-s1,0,detector,32.27,7,6.92,8,19.61,4,96,1,0
matched,"A2 sensitivity, detector",A2-detector-c07-11-s1,1,detector,33.83,7,7.08,8,19.57,3,101,1,0
matched,"A2 sensitivity, detector",A2-detector-c07-11-s1,2,detector,33.93,7,7.52,8,20.00,2,101,1,0
matched,"A2 sensitivity, detector",A2-detector-c07-11-s1,3,detector,33.50,7,7.18,8,19.71,4,100,1,0
matched,"A2 sensitivity, detector",A2-detector-c07-11-s1,4,detector,34.40,7,6.33,8,18.75,4,98,1,0
matched,"A2 sensitivity, detector",A2-detector-c07-11-s1,5,detector,33.66,7,7.46,8,19.97,4,100,1,0
matched,"A2 sensitivity, detector",A2-detector-c07-11-s1,6,detector,35.09,7,6.41,8,18.74,4,100,1,0
matched,"A2 sensitivity, detector",A2-detector-c07-11-s1,7,detector,37.91,7,6.81,8,18.80,4,100,1,0
matched,"A2 sensitivity, detector",A2-detector-c07-11-s1,8,detector,33.75,7,6.50,8,19.00,5,105,1,0
matched,"A2 sensitivity, detector",A2-detector-c07-11-s1,9,detector,35.54,7,6.75,8,19.02,4,101,1,0
matched,"A2 sensitivity, detector",A2-detector-c07-11-s1,10,detector,37.01,7,7.35,8,19.45,3,101,1,0
matched,"A2 sensitivity, detector",A2-detector-c07-11-s1,11,detector,35.34,7,7.43,8,19.73,4,100,1,0
matched,"A2 sensitivity, detector",A2-detector-c07-11-s1,12,detector,35.17,7,7.22,8,19.54,4,95,1,0
matched,"A2 sensitivity, detector",A2-detector-c07-11-s1,13,detector,35.33,7,7.97,8,20.27,3,100,1,0
matched,"A2 sensitivity, detector",A2-detector-c07-11-s1,14,detector,36.36,7,6.44,8,18.62,3,99,1,0
matched,"A2 sensitivity, detector",A2-detector-c07-11-s1,15,detector,38.97,7,7.51,8,19.38,5,100,1,0
matched,"A2 sensitivity, detector",A2-detector-c07-11-s1,16,detector,36.78,7,7.88,8,20.01,3,99,1,0
matched,"A2 sensitivity, detector",A2-detector-c07-11-s1,17,detector,38.42,7,7.61,8,19.55,5,99,1,0
matched,"A2 sensitivity, detector",A2-detector-c07-11-s1,18,detector,35.75,7,7.09,8,19.34,4,98,1,0
matched,"A2 sensitivity, detector",A2-detector-c07-11-s1,19,detector,32.63,7,6.42,8,19.07,4,101,1,0
matched,"A2 sensitivity, detector",A2-detector-c07-11-s1,20,detector,39.00,7,6.73,8,18.60,7,99,1,0
matched,"A2 sensitivity, detector",A2-detector-c07-11-s1,21,detector,33.20,7,6.29,8,18.86,4,99,1,0
matched,"A2 sensitivity, detector",A2-detector-c07-11-s1,22,detector,36.83,7,6.42,8,18.54,3,102,1,0
matched,"A2 sensitivity, detector",A2-detector-c07-11-s1,23,detector,32.38,7,7.43,8,20.11,4,100,1,0
matched,"A2 sensitivity, detector",A2-detector-c07-11-s1,24,detector,39.51,7,7.04,8,18.85,4,99,1,0
matched,"A2 sensitivity, detector",A2-detector-c07-11-s1,25,detector,38.90,7,7.77,8,19.65,5,100,1,0
matched,"A2 sensitivity, detector",A2-detector-c07-11-s1,26,detector,32.84,7,7.03,8,19.65,3,100,1,0
matched,"A2 sensitivity, detector",A2-detector-c07-11-s1,27,detector,33.17,7,6.76,8,19.33,4,100,1,0
matched,"A2 sensitivity, detector",A2-detector-c07-11-s1,28,detector,34.85,7,7.62,8,19.98,2,101,1,0
matched,"A2 sensitivity, detector",A2-detector-c07-11-s1,29,detector,35.22,7,6.12,8,18.43,4,101,1,0
matched,"A2 sensitivity, detector",A2-detector-c07-11-s1,30,detector,39.12,7,6.89,8,18.75,5,100,1,0
matched,"A2 sensitivity, detector",A2-detector-c07-11-s1,31,detector,35.82,7,6.80,8,19.04,3,99,1,0
matched,"A2 sensitivity, detector",A2-detector-c07-12-s1,0,detector,33.97,7,9.98,9,22.45,3,99,1,0
matched,"A2 sensitivity, detector",A2-detector-c07-12-s1,1,detector,37.89,7,8.17,9,20.17,5,100,1,0
matched,"A2 sensitivity, detector",A2-detector-c07-12-s1,2,detector,34.33,7,9.54,9,21.96,5,101,1,0
matched,"A2 sensitivity, detector",A2-detector-c07-12-s1,3,detector,34.89,7,8.14,9,20.49,5,101,1,0
matched,"A2 sensitivity, detector",A2-detector-c07-12-s1,4,detector,33.02,7,8.09,9,20.68,3,98,1,0
matched,"A2 sensitivity, detector",A2-detector-c07-12-s1,5,detector,37.84,7,9.88,9,21.88,6,103,1,0
matched,"A2 sensitivity, detector",A2-detector-c07-12-s1,6,detector,39.04,7,9.53,9,21.40,3,100,1,0
matched,"A2 sensitivity, detector",A2-detector-c07-12-s1,7,detector,35.23,7,8.25,9,20.56,2,99,1,0
matched,"A2 sensitivity, detector",A2-detector-c07-12-s1,8,detector,39.14,7,9.28,9,21.14,2,101,1,0
matched,"A2 sensitivity, detector",A2-detector-c07-12-s1,9,detector,35.75,7,9.02,9,21.27,4,99,1,0
matched,"A2 sensitivity, detector",A2-detector-c07-12-s1,10,detector,37.66,7,9.85,9,21.87,5,99,1,0
matched,"A2 sensitivity, detector",A2-detector-c07-12-s1,11,detector,34.22,7,9.26,9,21.70,2,98,1,0
matched,"A2 sensitivity, detector",A2-detector-c07-12-s1,12,detector,36.47,7,9.77,9,21.93,4,101,1,0
matched,"A2 sensitivity, detector",A2-detector-c07-12-s1,13,detector,38.41,7,9.47,9,21.41,2,102,1,0
matched,"A2 sensitivity, detector",A2-detector-c07-12-s1,14,detector,33.84,7,8.83,9,21.32,4,97,1,0
matched,"A2 sensitivity, detector",A2-detector-c07-12-s1,15,detector,37.08,7,8.24,9,20.33,4,101,1,0
matched,"A2 sensitivity, detector",A2-detector-c07-12-s1,16,detector,38.98,7,9.67,9,21.54,12,99,1,0
matched,"A2 sensitivity, detector",A2-detector-c07-12-s1,17,detector,38.06,7,8.11,9,20.09,5,100,1,0
matched,"A2 sensitivity, detector",A2-detector-c07-12-s1,18,detector,35.20,7,9.18,9,21.50,3,100,1,0
matched,"A2 sensitivity, detector",A2-detector-c07-12-s1,19,detector,35.81,7,8.96,9,21.20,6,100,1,0
matched,"A2 sensitivity, detector",A2-detector-c07-12-s1,20,detector,39.13,7,8.48,9,20.34,4,102,1,0
matched,"A2 sensitivity, detector",A2-detector-c07-12-s1,21,detector,35.36,7,8.61,9,20.91,5,101,1,0
matched,"A2 sensitivity, detector",A2-detector-c07-12-s1,22,detector,35.86,7,9.73,9,21.97,4,99,1,0
matched,"A2 sensitivity, detector",A2-detector-c07-12-s1,23,detector,35.97,7,9.08,9,21.30,5,100,1,0
matched,"A2 sensitivity, detector",A2-detector-c07-12-s1,24,detector,37.29,7,8.08,9,20.15,4,100,1,0
matched,"A2 sensitivity, detector",A2-detector-c07-12-s1,25,detector,33.50,7,9.84,9,22.37,3,103,1,0
matched,"A2 sensitivity, detector",A2-detector-c07-12-s1,26,detector,38.50,7,9.73,9,21.66,10,98,1,0
matched,"A2 sensitivity, detector",A2-detector-c07-12-s1,27,detector,32.17,7,9.50,9,22.21,3,101,1,0
matched,"A2 sensitivity, detector",A2-detector-c07-12-s1,28,detector,35.62,7,8.32,9,20.58,6,100,1,0
matched,"A2 sensitivity, detector",A2-detector-c07-12-s1,29,detector,37.59,7,8.88,9,20.91,4,100,1,0
matched,"A2 sensitivity, detector",A2-detector-c07-12-s1,30,detector,33.33,7,9.59,9,22.14,4,98,1,0
matched,"A2 sensitivity, detector",A2-detector-c07-12-s1,31,detector,36.33,7,8.50,9,20.68,5,99,1,0
matched,"A2 sensitivity, detector",A2-detector-c07-13-s1,0,detector,34.48,7,11.30,10,23.71,3,100,1,0
matched,"A2 sensitivity, detector",A2-detector-c07-13-s1,1,detector,33.65,7,10.25,10,22.76,3,99,1,0
matched,"A2 sensitivity, detector",A2-detector-c07-13-s1,2,detector,31.97,7,10.80,10,23.53,5,99,1,0
matched,"A2 sensitivity, detector",A2-detector-c07-13-s1,3,detector,34.97,7,10.54,10,22.88,3,99,1,0
matched,"A2 sensitivity, detector",A2-detector-c07-13-s1,4,detector,37.19,7,9.47,9,21.55,8,100,1,0
matched,"A2 sensitivity, detector",A2-detector-c07-13-s1,5,detector,37.10,7,11.00,10,23.09,3,103,1,0
matched,"A2 sensitivity, detector",A2-detector-c07-13-s1,6,detector,31.89,7,10.81,10,23.55,3,101,1,0
matched,"A2 sensitivity, detector",A2-detector-c07-13-s1,7,detector,37.59,7,10.77,10,22.80,3,99,1,0
matched,"A2 sensitivity, detector",A2-detector-c07-13-s1,8,detector,37.38,7,9.08,9,21.14,9,101,1,0
matched,"A2 sensitivity, detector",A2-detector-c07-13-s1,9,detector,38.56,7,8.99,9,20.91,5,101,1,0
matched,"A2 sensitivity, detector",A2-detector-c07-13-s1,10,detector,36.27,7,10.64,10,22.83,4,101,1,0
matched,"A2 sensitivity, detector",A2-detector-c07-13-s1,11,detector,38.05,7,8.35,9,20.33,6,98,1,0
matched,"A2 sensitivity, detector",A2-detector-c07-13-s1,12,detector,33.27,7,8.08,9,20.64,3,103,1,0
matched,"A2 sensitivity, detector",A2-detector-c07-13-s1,13,detector,39.59,7,9.66,9,21.47,6,100,1,0
matched,"A2 sensitivity, detector",A2-detector-c07-13-s1,14,detector,39.89,7,10.97,10,22.74,4,102,1,0
matched,"A2 sensitivity, detector",A2-detector-c07-13-s1,15,detector,33.75,7,9.59,9,22.09,3,102,1,0
matched,"A2 sensitivity, detector",A2-detector-c07-13-s1,16,detector,34.48,7,9.01,9,21.42,3,101,1,0
matched,"A2 sensitivity, detector",A2-detector-c07-13-s1,17,detector,32.42,7,9.78,9,22.45,3,101,1,0
matched,"A2 sensitivity, detector",A2-detector-c07-13-s1,18,detector,39.75,7,8.36,9,20.15,5,101,1,0
matched,"A2 sensitivity, detector",A2-detector-c07-13-s1,19,detector,35.35,7,8.69,9,20.99,6,99,1,0
matched,"A2 sensitivity, detector",A2-detector-c07-13-s1,20,detector,37.06,7,8.60,9,20.69,5,98,1,0
matched,"A2 sensitivity, detector",A2-detector-c07-13-s1,21,detector,38.42,7,10.66,10,22.60,10,100,1,0
matched,"A2 sensitivity, detector",A2-detector-c07-13-s1,22,detector,31.91,7,9.25,9,21.99,4,99,1,0
matched,"A2 sensitivity, detector",A2-detector-c07-13-s1,23,detector,34.86,7,10.13,10,22.49,6,100,1,0
matched,"A2 sensitivity, detector",A2-detector-c07-13-s1,24,detector,37.71,7,8.54,9,20.56,4,100,1,0
matched,"A2 sensitivity, detector",A2-detector-c07-13-s1,25,detector,32.42,7,10.73,10,23.40,3,98,1,0
matched,"A2 sensitivity, detector",A2-detector-c07-13-s1,26,detector,34.26,7,9.64,9,22.07,3,98,1,0
matched,"A2 sensitivity, detector",A2-detector-c07-13-s1,27,detector,33.12,7,10.72,10,23.30,2,103,1,0
matched,"A2 sensitivity, detector",A2-detector-c07-13-s1,28,detector,35.70,7,9.06,9,21.31,7,98,1,0
matched,"A2 sensitivity, detector",A2-detector-c07-13-s1,29,detector,33.62,7,11.54,10,24.06,4,101,1,0
matched,"A2 sensitivity, detector",A2-detector-c07-13-s1,30,detector,36.42,7,11.90,10,24.07,5,101,1,0
matched,"A2 sensitivity, detector",A2-detector-c07-13-s1,31,detector,34.71,7,10.22,10,22.60,2,99,1,0
matched,"A2 sensitivity, detector",A2-detector-c07-14-s1,0,detector,32.75,7,10.22,10,22.85,4,99,1,0
matched,"A2 sensitivity, detector",A2-detector-c07-14-s1,1,detector,35.59,7,10.46,10,22.73,3,99,1,0
matched,"A2 sensitivity, detector",A2-detector-c07-14-s1,2,detector,37.38,7,11.85,10,23.91,3,98,1,0
matched,"A2 sensitivity, detector",A2-detector-c07-14-s1,3,detector,38.30,7,10.13,10,22.08,6,101,1,0
matched,"A2 sensitivity, detector",A2-detector-c07-14-s1,4,detector,33.16,7,10.89,10,23.47,4,101,1,0
matched,"A2 sensitivity, detector",A2-detector-c07-14-s1,5,detector,38.63,7,10.72,10,22.63,3,100,1,0
matched,"A2 sensitivity, detector",A2-detector-c07-14-s1,6,detector,34.79,7,10.08,10,22.45,4,101,1,0
matched,"A2 sensitivity, detector",A2-detector-c07-14-s1,7,detector,37.78,7,11.27,10,23.28,5,97,1,0
matched,"A2 sensitivity, detector",A2-detector-c07-14-s1,8,detector,34.03,7,11.60,10,24.06,4,98,1,0
matched,"A2 sensitivity, detector",A2-detector-c07-14-s1,9,detector,37.55,7,10.64,10,22.68,6,100,1,0
matched,"A2 sensitivity, detector",A2-detector-c07-14-s1,10,detector,36.66,7,11.13,10,23.27,3,101,1,0
matched,"A2 sensitivity, detector",A2-detector-c07-14-s1,11,detector,34.19,7,11.86,10,24.30,2,103,1,0
matched,"A2 sensitivity, detector",A2-detector-c07-14-s1,12,detector,34.28,7,10.12,10,22.55,2,99,1,0
matched,"A2 sensitivity, detector",A2-detector-c07-14-s1,13,detector,36.46,7,10.10,10,22.26,4,98,1,0
matched,"A2 sensitivity, detector",A2-detector-c07-14-s1,14,detector,39.64,7,11.06,10,22.86,6,101,1,0
matched,"A2 sensitivity, detector",A2-detector-c07-14-s1,15,detector,33.09,7,10.60,10,23.18,4,100,1,0
matched,"A2 sensitivity, detector",A2-detector-c07-14-s1,16,detector,35.18,7,10.88,10,23.20,5,98,1,0
matched,"A2 sensitivity, detector",A2-detector-c07-14-s1,17,detector,38.91,7,10.70,10,22.58,11,102,1,0
matched,"A2 sensitivity, detector",A2-detector-c07-14-s1,18,detector,35.00,7,11.97,10,24.31,3,102,1,0
matched,"A2 sensitivity, detector",A2-detector-c07-14-s1,19,detector,32.02,7,10.30,10,23.03,5,99,1,0
matched,"A2 sensitivity, detector",A2-detector-c07-14-s1,20,detector,35.45,7,11.76,10,24.05,4,98,1,0
matched,"A2 sensitivity, detector",A2-detector-c07-14-s1,21,detector,33.17,7,10.01,10,22.58,4,99,1,0
matched,"A2 sensitivity, detector",A2-detector-c07-14-s1,22,detector,33.29,7,11.91,10,24.47,3,98,1,0
matched,"A2 sensitivity, detector",A2-detector-c07-14-s1,23,detector,39.33,7,11.67,10,23.50,2,97,1,0
matched,"A2 sensitivity, detector",A2-detector-c07-14-s1,24,detector,37.03,7,10.89,10,22.99,5,100,1,0
matched,"A2 sensitivity, detector",A2-detector-c07-14-s1,25,detector,34.58,7,11.98,10,24.37,3,99,1,0
matched,"A2 sensitivity, detector",A2-detector-c07-14-s1,26,detector,39.81,7,10.43,10,22.21,6,101,1,0
matched,"A2 sensitivity, detector",A2-detector-c07-14-s1,27,detector,37.82,7,11.03,10,23.03,3,97,1,0
matched,"A2 sensitivity, detector",A2-detector-c07-14-s1,28,detector,32.06,7,11.44,10,24.16,3,99,1,0
matched,"A2 sensitivity, detector",A2-detector-c07-14-s1,29,detector,38.77,7,11.45,10,23.35,5,100,1,0
matched,"A2 sensitivity, detector",A2-detector-c07-14-s1,30,detector,38.05,7,10.49,10,22.47,4,99,1,0
matched,"A2 sensitivity, detector",A2-detector-c07-14-s1,31,detector,33.60,7,11.94,10,24.46,3,101,1,0
matched,"A2 sensitivity, detector",A2-detector-c07-15-s1,0,detector,33.82,7,13.07,11,25.56,3,102,1,0
matched,"A2 sensitivity, detector",A2-detector-c07-15-s1,1,detector,34.43,7,13.33,11,25.74,5,99,1,0
matched,"A2 sensitivity, detector",A2-detector-c07-15-s1,2,detector,35.12,7,13.16,11,25.49,3,100,1,0
matched,"A2 sensitivity, detector",A2-detector-c07-15-s1,3,detector,35.70,7,13.46,11,25.71,4,101,1,0
matched,"A2 sensitivity, detector",A2-detector-c07-15-s1,4,detector,37.59,7,12.05,11,24.08,5,100,1,0
matched,"A2 sensitivity, detector",A2-detector-c07-15-s1,5,detector,35.22,7,13.98,11,26.29,10,100,1,0
matched,"A2 sensitivity, detector",A2-detector-c07-15-s1,6,detector,33.62,7,12.99,11,25.51,2,99,1,0
matched,"A2 sensitivity, detector",A2-detector-c07-15-s1,7,detector,34.09,7,13.45,11,25.91,3,100,1,0
matched,"A2 sensitivity, detector",A2-detector-c07-15-s1,8,detector,39.47,7,12.62,11,24.44,4,100,1,0
matched,"A2 sensitivity, detector",A2-detector-c07-15-s1,9,detector,39.95,7,12.32,11,24.09,4,99,1,0
matched,"A2 sensitivity, detector",A2-detector-c07-15-s1,10,detector,33.54,7,13.36,11,25.89,4,99,1,0
matched,"A2 sensitivity, detector",A2-detector-c07-15-s1,11,detector,33.26,7,12.67,11,25.23,4,101,1,0
matched,"A2 sensitivity, detector",A2-detector-c07-15-s1,12,detector,32.29,7,12.06,11,24.75,3,99,1,0
matched,"A2 sensitivity, detector",A2-detector-c07-15-s1,13,detector,36.64,7,12.14,11,24.28,4,97,1,0
matched,"A2 sensitivity, detector",A2-detector-c07-15-s1,14,detector,32.58,7,12.98,11,25.63,5,98,1,0
matched,"A2 sensitivity, detector",A2-detector-c07-15-s1,15,detector,34.05,7,12.75,11,25.21,3,101,1,0
matched,"A2 sensitivity, detector",A2-detector-c07-15-s1,16,detector,36.74,7,13.44,11,25.57,7,99,1,0
matched,"A2 sensitivity, detector",A2-detector-c07-15-s1,17,detector,36.68,7,13.78,11,25.92,5,99,1,0
matched,"A2 sensitivity, detector",A2-detector-c07-15-s1,18,detector,37.29,7,12.23,11,24.30,3,100,1,0
matched,"A2 sensitivity, detector",A2-detector-c07-15-s1,19,detector,38.46,7,12.25,11,24.18,7,101,1,0
matched,"A2 sensitivity, detector",A2-detector-c07-15-s1,20,detector,35.74,7,13.67,11,25.92,9,100,1,0
matched,"A2 sensitivity, detector",A2-detector-c07-15-s1,21,detector,34.03,7,12.11,11,24.57,6,100,1,0
matched,"A2 sensitivity, detector",A2-detector-c07-15-s1,22,detector,37.93,7,12.13,11,24.12,5,98,1,0
matched,"A2 sensitivity, detector",A2-detector-c07-15-s1,23,detector,34.95,7,12.22,11,24.57,3,101,1,0
matched,"A2 sensitivity, detector",A2-detector-c07-15-s1,24,detector,37.66,7,13.76,11,25.78,6,100,1,0
matched,"A2 sensitivity, detector",A2-detector-c07-15-s1,25,detector,38.76,7,12.61,11,24.51,4,100,1,0
matched,"A2 sensitivity, detector",A2-detector-c07-15-s1,26,detector,34.05,7,12.10,11,24.56,4,99,1,0
matched,"A2 sensitivity, detector",A2-detector-c07-15-s1,27,detector,36.00,7,12.53,11,24.75,5,99,1,0
matched,"A2 sensitivity, detector",A2-detector-c07-15-s1,28,detector,39.91,7,13.36,11,25.13,4,101,1,0
matched,"A2 sensitivity, detector",A2-detector-c07-15-s1,29,detector,35.33,7,13.59,11,25.89,4,99,1,0
matched,"A2 sensitivity, detector",A2-detector-c07-15-s1,30,detector,33.61,7,12.71,11,25.23,3,99,1,0
matched,"A2 sensitivity, detector",A2-detector-c07-15-s1,31,detector,32.89,7,12.02,11,24.63,6,100,1,0
matched,"A2 sensitivity, detector",A2-detector-c07-16-s1,0,detector,33.86,7,14.15,12,26.63,4,97,1,0
matched,"A2 sensitivity, detector",A2-detector-c07-16-s1,1,detector,38.97,7,15.17,12,27.04,3,100,1,0
matched,"A2 sensitivity, detector",A2-detector-c07-16-s1,2,detector,32.74,7,14.83,12,27.46,3,100,1,0
matched,"A2 sensitivity, detector",A2-detector-c07-16-s1,3,detector,34.06,7,12.39,11,24.85,3,103,1,0
matched,"A2 sensitivity, detector",A2-detector-c07-16-s1,4,detector,34.91,7,13.84,11,26.19,3,100,1,0
matched,"A2 sensitivity, detector",A2-detector-c07-16-s1,5,detector,32.00,7,15.11,12,27.84,2,100,1,0
matched,"A2 sensitivity, detector",A2-detector-c07-16-s1,6,detector,37.29,7,15.28,12,27.35,4,100,1,0
matched,"A2 sensitivity, detector",A2-detector-c07-16-s1,7,detector,35.62,7,13.88,11,26.14,3,99,1,0
matched,"A2 sensitivity, detector",A2-detector-c07-16-s1,8,detector,36.01,7,15.72,12,27.94,3,98,1,0
matched,"A2 sensitivity, detector",A2-detector-c07-16-s1,9,detector,32.80,7,13.34,11,25.96,4,99,1,0
matched,"A2 sensitivity, detector",A2-detector-c07-16-s1,10,detector,38.37,7,12.82,11,24.76,3,100,1,0
matched,"A2 sensitivity, detector",A2-detector-c07-16-s1,11,detector,39.54,7,13.05,11,24.86,6,102,1,0
matched,"A2 sensitivity, detector",A2-detector-c07-16-s1,12,detector,34.60,7,15.78,12,28.17,3,99,1,0
matched,"A2 sensitivity, detector",A2-detector-c07-16-s1,13,detector,32.54,7,12.34,11,25.00,3,100,1,0
matched,"A2 sensitivity, detector",A2-detector-c07-16-s1,14,detector,32.33,7,15.50,12,28.19,3,102,1,0
matched,"A2 sensitivity, detector",A2-detector-c07-16-s1,15,detector,33.71,7,13.24,11,25.74,2,100,1,0
matched,"A2 sensitivity, detector",A2-detector-c07-16-s1,16,detector,38.86,7,12.48,11,24.37,4,102,1,0
matched,"A2 sensitivity, detector",A2-detector-c07-16-s1,17,detector,33.36,7,14.90,12,27.45,4,100,1,0
matched,"A2 sensitivity, detector",A2-detector-c07-16-s1,18,detector,34.92,7,15.46,12,27.81,4,100,1,0
matched,"A2 sensitivity, detector",A2-detector-c07-16-s1,19,detector,32.79,7,15.44,12,28.06,2,100,1,0
matched,"A2 sensitivity, detector",A2-detector-c07-16-s1,20,detector,33.31,7,15.78,12,28.34,3,98,1,0
matched,"A2 sensitivity, detector",A2-detector-c07-16-s1,21,detector,33.47,7,12.45,11,24.98,2,98,1,0
matched,"A2 sensitivity, detector",A2-detector-c07-16-s1,22,detector,37.64,7,13.64,11,25.67,7,99,1,0
matched,"A2 sensitivity, detector",A2-detector-c07-16-s1,23,detector,33.07,7,12.90,11,25.49,2,99,1,0
matched,"A2 sensitivity, detector",A2-detector-c07-16-s1,24,detector,36.17,7,12.12,11,24.32,6,99,1,0
matched,"A2 sensitivity, detector",A2-detector-c07-16-s1,25,detector,39.88,7,13.72,11,25.49,3,100,1,0
matched,"A2 sensitivity, detector",A2-detector-c07-16-s1,26,detector,32.95,7,15.31,12,27.91,3,100,1,0
matched,"A2 sensitivity, detector",A2-detector-c07-16-s1,27,detector,32.88,7,15.90,12,28.51,3,100,1,0
matched,"A2 sensitivity, detector",A2-detector-c07-16-s1,28,detector,35.02,7,15.63,12,27.97,5,103,1,0
matched,"A2 sensitivity, detector",A2-detector-c07-16-s1,29,detector,36.79,7,14.86,12,26.98,8,101,1,0
matched,"A2 sensitivity, detector",A2-detector-c07-16-s1,30,detector,38.90,7,13.24,11,25.12,6,100,1,0
matched,"A2 sensitivity, detector",A2-detector-c07-16-s1,31,detector,33.35,7,12.43,11,24.98,3,101,1,0
matched,"A2 sensitivity, detector",A2-detector-c07-17-s1,0,detector,36.19,7,15.81,12,28.01,3,99,1,0
matched,"A2 sensitivity, detector",A2-detector-c07-17-s1,1,detector,36.22,7,15.24,12,27.43,6,101,1,0
matched,"A2 sensitivity, detector",A2-detector-c07-17-s1,2,detector,37.14,7,15.71,12,27.79,5,100,1,0
matched,"A2 sensitivity, detector",A2-detector-c07-17-s1,3,detector,35.83,7,14.78,12,27.02,4,100,1,0
matched,"A2 sensitivity, detector",A2-detector-c07-17-s1,4,detector,38.46,7,15.64,12,27.57,7,101,1,0
matched,"A2 sensitivity, detector",A2-detector-c07-17-s1,5,detector,33.79,7,15.99,12,28.48,4,99,1,0
matched,"A2 sensitivity, detector",A2-detector-c07-17-s1,6,detector,35.89,7,14.10,12,26.33,4,101,1,0
matched,"A2 sensitivity, detector",A2-detector-c07-17-s1,7,detector,39.49,7,15.30,12,27.12,5,101,1,0
matched,"A2 sensitivity, detector",A2-detector-c07-17-s1,8,detector,36.76,7,14.38,12,26.51,4,102,1,0
matched,"A2 sensitivity, detector",A2-detector-c07-17-s1,9,detector,39.06,7,15.77,12,27.63,3,100,1,0
matched,"A2 sensitivity, detector",A2-detector-c07-17-s1,10,detector,32.35,7,15.49,12,28.17,2,100,1,0
matched,"A2 sensitivity, detector",A2-detector-c07-17-s1,11,detector,32.08,7,15.20,12,27.92,4,101,1,0
matched,"A2 sensitivity, detector",A2-detector-c07-17-s1,12,detector,39.79,7,15.07,12,26.85,5,100,1,0
matched,"A2 sensitivity, detector",A2-detector-c07-17-s1,13,detector,34.05,7,15.51,12,27.97,3,99,1,0
matched,"A2 sensitivity, detector",A2-detector-c07-17-s1,14,detector,34.08,7,15.99,12,28.45,5,102,1,0
matched,"A2 sensitivity, detector",A2-detector-c07-17-s1,15,detector,35.24,7,15.33,12,27.64,2,100,1,0
matched,"A2 sensitivity, detector",A2-detector-c07-17-s1,16,detector,38.96,7,14.27,12,26.15,4,102,1,0
matched,"A2 sensitivity, detector",A2-detector-c07-17-s1,17,detector,38.73,7,15.64,12,27.54,7,100,1,0
matched,"A2 sensitivity, detector",A2-detector-c07-17-s1,18,detector,35.61,7,15.60,12,27.87,3,101,1,0
matched,"A2 sensitivity, detector",A2-detector-c07-17-s1,19,detector,39.53,7,15.24,12,27.05,5,100,1,0
matched,"A2 sensitivity, detector",A2-detector-c07-17-s1,20,detector,38.96,7,14.88,12,26.76,4,98,1,0
matched,"A2 sensitivity, detector",A2-detector-c07-17-s1,21,detector,38.14,7,15.77,12,27.74,6,97,1,0
matched,"A2 sensitivity, detector",A2-detector-c07-17-s1,22,detector,33.24,7,14.34,12,26.90,3,101,1,0
matched,"A2 sensitivity, detector",A2-detector-c07-17-s1,23,detector,33.25,7,14.20,12,26.76,3,101,1,0
matched,"A2 sensitivity, detector",A2-detector-c07-17-s1,24,detector,39.18,7,14.73,12,26.58,4,96,1,0
matched,"A2 sensitivity, detector",A2-detector-c07-17-s1,25,detector,34.32,7,14.32,12,26.75,5,97,1,0
matched,"A2 sensitivity, detector",A2-detector-c07-17-s1,26,detector,32.84,7,15.58,12,28.20,4,101,1,0
matched,"A2 sensitivity, detector",A2-detector-c07-17-s1,27,detector,34.47,7,15.20,12,27.61,2,100,1,0
matched,"A2 sensitivity, detector",A2-detector-c07-17-s1,28,detector,34.87,7,15.31,12,27.67,4,100,1,0
matched,"A2 sensitivity, detector",A2-detector-c07-17-s1,29,detector,32.22,7,15.51,12,28.21,4,102,1,0
matched,"A2 sensitivity, detector",A2-detector-c07-17-s1,30,detector,32.74,7,16.00,12,28.63,3,98,1,0
matched,"A2 sensitivity, detector",A2-detector-c07-17-s1,31,detector,33.51,7,15.62,12,28.15,3,100,1,0
matched,"A2 sensitivity, detector",A2-detector-c07-18-s1,0,detector,35.50,7,17.38,13,29.66,3,101,1,0
matched,"A2 sensitivity, detector",A2-detector-c07-18-s1,1,detector,37.45,7,16.24,13,28.29,5,99,1,0
matched,"A2 sensitivity, detector",A2-detector-c07-18-s1,2,detector,36.47,7,17.91,13,30.07,4,99,1,0
matched,"A2 sensitivity, detector",A2-detector-c07-18-s1,3,detector,32.33,7,17.87,13,30.56,3,99,1,0
matched,"A2 sensitivity, detector",A2-detector-c07-18-s1,4,detector,32.75,7,16.83,13,29.46,4,100,1,0
matched,"A2 sensitivity, detector",A2-detector-c07-18-s1,5,detector,39.63,7,16.71,13,28.51,6,99,1,0
matched,"A2 sensitivity, detector",A2-detector-c07-18-s1,6,detector,36.47,7,16.13,13,28.29,5,100,1,0
matched,"A2 sensitivity, detector",A2-detector-c07-18-s1,7,detector,33.20,7,16.20,13,28.77,4,99,1,0
matched,"A2 sensitivity, detector",A2-detector-c07-18-s1,8,detector,33.21,7,17.71,13,30.28,3,98,1,0
matched,"A2 sensitivity, detector",A2-detector-c07-18-s1,9,detector,35.19,7,16.85,13,29.17,3,99,1,0
matched,"A2 sensitivity, detector",A2-detector-c07-18-s1,10,detector,35.33,7,16.21,13,28.51,3,99,1,0
matched,"A2 sensitivity, detector",A2-detector-c07-18-s1,11,detector,36.06,7,17.29,13,29.50,6,98,1,0
matched,"A2 sensitivity, detector",A2-detector-c07-18-s1,12,detector,32.38,7,16.84,13,29.52,3,100,1,0
matched,"A2 sensitivity, detector",A2-detector-c07-18-s1,13,detector,34.14,7,16.80,13,29.25,3,101,1,0
matched,"A2 sensitivity, detector",A2-detector-c07-18-s1,14,detector,37.79,7,17.83,13,29.84,4,101,1,0
matched,"A2 sensitivity, detector",A2-detector-c07-18-s1,15,detector,35.84,7,16.34,13,28.58,2,98,1,0
matched,"A2 sensitivity, detector",A2-detector-c07-18-s1,16,detector,35.83,7,17.30,13,29.54,4,100,1,0
matched,"A2 sensitivity, detector",A2-detector-c07-18-s1,17,detector,35.36,7,17.95,13,30.25,2,102,1,0
matched,"A2 sensitivity, detector",A2-detector-c07-18-s1,18,detector,36.67,7,17.92,13,30.06,5,101,1,0
matched,"A2 sensitivity, detector",A2-detector-c07-18-s1,19,detector,32.25,7,16.24,13,28.94,4,98,1,0
matched,"A2 sensitivity, detector",A2-detector-c07-18-s1,20,detector,34.49,7,16.27,13,28.67,3,100,1,0
matched,"A2 sensitivity, detector",A2-detector-c07-18-s1,21,detector,39.65,7,17.40,13,29.20,7,101,1,0
matched,"A2 sensitivity, detector",A2-detector-c07-18-s1,22,detector,34.57,7,17.34,13,29.73,4,101,1,0
matched,"A2 sensitivity, detector",A2-detector-c07-18-s1,23,detector,38.83,7,16.40,13,28.29,4,98,1,0
matched,"A2 sensitivity, detector",A2-detector-c07-18-s1,24,detector,35.24,7,17.00,13,29.31,4,99,1,0
matched,"A2 sensitivity, detector",A2-detector-c07-18-s1,25,detector,36.82,7,16.41,13,28.53,6,102,1,0
matched,"A2 sensitivity, detector",A2-detector-c07-18-s1,26,detector,38.87,7,16.44,13,28.33,5,100,1,0
matched,"A2 sensitivity, detector",A2-detector-c07-18-s1,27,detector,38.99,7,17.02,13,28.89,4,99,1,0
matched,"A2 sensitivity, detector",A2-detector-c07-18-s1,28,detector,36.37,7,16.69,13,28.86,4,100,1,0
matched,"A2 sensitivity, detector",A2-detector-c07-18-s1,29,detector,38.28,7,16.76,13,28.71,4,100,1,0
matched,"A2 sensitivity, detector",A2-detector-c07-18-s1,30,detector,33.65,7,16.60,13,29.11,2,98,1,0
matched,"A2 sensitivity, detector",A2-detector-c07-18-s1,31,detector,34.84,7,16.93,13,29.29,4,101,1,0
matched,"A2 sensitivity, detector",A2-detector-c07-19-s1,0,detector,32.98,7,18.83,14,31.43,3,99,1,0
matched,"A2 sensitivity, detector",A2-detector-c07-19-s1,1,detector,39.90,7,16.98,13,28.75,5,100,1,0
matched,"A2 sensitivity, detector",A2-detector-c07-19-s1,2,detector,34.28,7,16.57,13,29.00,4,101,1,0
matched,"A2 sensitivity, detector",A2-detector-c07-19-s1,3,detector,32.39,7,16.49,13,29.17,3,99,1,0
matched,"A2 sensitivity, detector",A2-detector-c07-19-s1,4,detector,33.77,7,18.08,14,30.58,3,99,1,0
matched,"A2 sensitivity, detector",A2-detector-c07-19-s1,5,detector,37.12,7,19.91,14,32.00,4,101,1,0
matched,"A2 sensitivity, detector",A2-detector-c07-19-s1,6,detector,38.88,7,18.08,14,29.96,9,98,1,0
matched,"A2 sensitivity, detector",A2-detector-c07-19-s1,7,detector,36.50,7,18.30,14,30.46,4,99,1,0
matched,"A2 sensitivity, detector",A2-detector-c07-19-s1,8,detector,37.39,7,17.86,13,29.91,3,100,1,0
matched,"A2 sensitivity, detector",A2-detector-c07-19-s1,9,detector,31.97,7,19.53,14,32.26,4,99,1,0
matched,"A2 sensitivity, detector",A2-detector-c07-19-s1,10,detector,34.16,7,16.61,13,29.06,3,99,1,0
matched,"A2 sensitivity, detector",A2-detector-c07-19-s1,11,detector,38.51,7,19.70,14,31.63,6,100,1,0
matched,"A2 sensitivity, detector",A2-detector-c07-19-s1,12,detector,33.34,7,18.26,14,30.81,3,102,1,0
matched,"A2 sensitivity, detector",A2-detector-c07-19-s1,13,detector,32.67,7,17.49,13,30.13,4,100,1,0
matched,"A2 sensitivity, detector",A2-detector-c07-19-s1,14,detector,33.55,7,17.59,13,30.11,3,99,1,0
matched,"A2 sensitivity, detector",A2-detector-c07-19-s1,15,detector,34.85,7,16.77,13,29.13,2,100,1,0
matched,"A2 sensitivity, detector",A2-detector-c07-19-s1,16,detector,35.03,7,16.10,13,28.44,5,101,1,0
matched,"A2 sensitivity, detector",A2-detector-c07-19-s1,17,detector,32.40,7,18.91,14,31.59,3,100,1,0
matched,"A2 sensitivity, detector",A2-detector-c07-19-s1,18,detector,32.41,7,18.24,14,30.91,3,100,1,0
matched,"A2 sensitivity, detector",A2-detector-c07-19-s1,19,detector,37.79,7,17.20,13,29.21,3,100,1,0
matched,"A2 sensitivity, detector",A2-detector-c07-19-s1,20,detector,33.60,7,17.48,13,30.00,3,98,1,0
matched,"A2 sensitivity, detector",A2-detector-c07-19-s1,21,detector,33.22,7,16.90,13,29.47,5,100,1,0
matched,"A2 sensitivity, detector",A2-detector-c07-19-s1,22,detector,35.69,7,19.63,14,31.89,3,98,1,0
matched,"A2 sensitivity, detector",A2-detector-c07-19-s1,23,detector,33.06,7,16.47,13,29.06,3,102,1,0
matched,"A2 sensitivity, detector",A2-detector-c07-19-s1,24,detector,35.09,7,19.59,14,31.92,5,100,1,0
matched,"A2 sensitivity, detector",A2-detector-c07-19-s1,25,detector,33.95,7,16.86,13,29.33,4,101,1,0
matched,"A2 sensitivity, detector",A2-detector-c07-19-s1,26,detector,37.68,7,18.67,14,30.69,3,103,1,0
matched,"A2 sensitivity, detector",A2-detector-c07-19-s1,27,detector,37.62,7,18.53,14,30.56,6,98,1,0
matched,"A2 sensitivity, detector",A2-detector-c07-19-s1,28,detector,39.49,7,19.70,14,31.52,5,100,1,0
matched,"A2 sensitivity, detector",A2-detector-c07-19-s1,29,detector,38.72,7,16.37,13,28.27,5,101,1,0
matched,"A2 sensitivity, detector",A2-detector-c07-19-s1,30,detector,35.77,7,19.15,14,31.40,5,102,1,0
matched,"A2 sensitivity, detector",A2-detector-c07-19-s1,31,detector,38.15,7,17.46,13,29.43,6,102,1,0
matched,"A2 sensitivity, detector",A2-detector-c07-20-s1,0,detector,37.51,7,18.43,14,30.47,3,99,1,0
matched,"A2 sensitivity, detector",A2-detector-c07-20-s1,1,detector,33.19,7,18.10,14,30.67,3,99,1,0
matched,"A2 sensitivity, detector",A2-detector-c07-20-s1,2,detector,33.23,7,19.81,14,32.38,3,98,1,0
matched,"A2 sensitivity, detector",A2-detector-c07-20-s1,3,detector,36.52,7,18.87,14,31.03,3,98,1,0
matched,"A2 sensitivity, detector",A2-detector-c07-20-s1,4,detector,37.96,7,18.13,14,30.12,4,100,1,0
matched,"A2 sensitivity, detector",A2-detector-c07-20-s1,5,detector,34.41,7,18.97,14,31.38,3,99,1,0
matched,"A2 sensitivity, detector",A2-detector-c07-20-s1,6,detector,33.36,7,19.95,14,32.50,4,99,1,0
matched,"A2 sensitivity, detector",A2-detector-c07-20-s1,7,detector,36.74,7,19.62,14,31.75,3,98,1,0
matched,"A2 sensitivity, detector",A2-detector-c07-20-s1,8,detector,39.51,7,18.93,14,30.74,6,100,1,0
matched,"A2 sensitivity, detector",A2-detector-c07-20-s1,9,detector,40.04,7,19.13,14,30.89,3,97,1,0
matched,"A2 sensitivity, detector",A2-detector-c07-20-s1,10,detector,37.42,7,19.25,14,31.30,3,100,1,0
matched,"A2 sensitivity, detector",A2-detector-c07-20-s1,11,detector,36.73,7,19.23,14,31.36,4,100,1,0
matched,"A2 sensitivity, detector",A2-detector-c07-20-s1,12,detector,33.62,7,18.82,14,31.34,4,100,1,0
matched,"A2 sensitivity, detector",A2-detector-c07-20-s1,13,detector,32.33,7,18.21,14,30.90,3,100,1,0
matched,"A2 sensitivity, detector",A2-detector-c07-20-s1,14,detector,32.56,7,19.09,14,31.74,4,102,1,0
matched,"A2 sensitivity, detector",A2-detector-c07-20-s1,15,detector,40.02,7,19.12,14,30.88,5,102,1,0
matched,"A2 sensitivity, detector",A2-detector-c07-20-s1,16,detector,32.41,7,19.89,14,32.56,3,99,1,0
matched,"A2 sensitivity, detector",A2-detector-c07-20-s1,17,detector,32.05,7,18.40,14,31.12,2,102,1,0
matched,"A2 sensitivity, detector",A2-detector-c07-20-s1,18,detector,33.63,7,19.27,14,31.78,3,98,1,0
matched,"A2 sensitivity, detector",A2-detector-c07-20-s1,19,detector,37.41,7,19.12,14,31.17,6,100,1,0
matched,"A2 sensitivity, detector",A2-detector-c07-20-s1,20,detector,36.19,7,19.31,14,31.51,3,102,1,0
matched,"A2 sensitivity, detector",A2-detector-c07-20-s1,21,detector,33.59,7,18.02,14,30.54,4,99,1,0
matched,"A2 sensitivity, detector",A2-detector-c07-20-s1,22,detector,34.90,7,18.60,14,30.95,3,99,1,0
matched,"A2 sensitivity, detector",A2-detector-c07-20-s1,23,detector,38.16,7,18.84,14,30.81,4,98,1,0
matched,"A2 sensitivity, detector",A2-detector-c07-20-s1,24,detector,32.32,7,18.82,14,31.51,3,101,1,0
matched,"A2 sensitivity, detector",A2-detector-c07-20-s1,25,detector,36.19,7,19.96,14,32.16,4,98,1,0
matched,"A2 sensitivity, detector",A2-detector-c07-20-s1,26,detector,34.14,7,18.25,14,30.70,4,101,1,0
matched,"A2 sensitivity, detector",A2-detector-c07-20-s1,27,detector,39.95,7,18.75,14,30.52,6,102,1,0
matched,"A2 sensitivity, detector",A2-detector-c07-20-s1,28,detector,34.12,7,19.07,14,31.52,3,101,1,0
matched,"A2 sensitivity, detector",A2-detector-c07-20-s1,29,detector,36.38,7,19.70,14,31.87,5,99,1,0
matched,"A2 sensitivity, detector",A2-detector-c07-20-s1,30,detector,38.96,7,19.05,14,30.93,6,99,1,0
matched,"A2 sensitivity, detector",A2-detector-c07-20-s1,31,detector,39.31,7,18.19,14,30.03,4,99,1,0
matched,"A2 sensitivity, detector",A2-detector-c08-0-s1,0,detector,47.67,8,-6.35,1,4.65,100,100,0,0
matched,"A2 sensitivity, detector",A2-detector-c08-0-s1,1,detector,42.21,8,-7.91,1,3.62,99,99,0,0
matched,"A2 sensitivity, detector",A2-detector-c08-0-s1,2,detector,45.46,8,-6.58,1,4.63,98,98,0,0
matched,"A2 sensitivity, detector",A2-detector-c08-0-s1,3,detector,46.04,8,-6.07,1,5.08,101,101,0,0
matched,"A2 sensitivity, detector",A2-detector-c08-0-s1,4,detector,42.28,8,-7.55,1,3.97,99,99,0,0
matched,"A2 sensitivity, detector",A2-detector-c08-0-s1,5,detector,46.83,8,-6.70,1,4.38,101,101,0,0
matched,"A2 sensitivity, detector",A2-detector-c08-0-s1,6,detector,46.47,8,-7.15,1,3.96,99,99,0,0
matched,"A2 sensitivity, detector",A2-detector-c08-0-s1,7,detector,42.53,8,-7.13,1,4.36,99,99,0,0
matched,"A2 sensitivity, detector",A2-detector-c08-0-s1,8,detector,45.24,8,-7.25,1,3.98,101,101,0,0
matched,"A2 sensitivity, detector",A2-detector-c08-0-s1,9,detector,44.98,8,-6.30,1,4.95,101,101,0,0
matched,"A2 sensitivity, detector",A2-detector-c08-0-s1,10,detector,46.43,8,-6.94,1,4.17,98,98,0,0
matched,"A2 sensitivity, detector",A2-detector-c08-0-s1,11,detector,49.55,8,-7.30,1,3.53,98,98,0,0
matched,"A2 sensitivity, detector",A2-detector-c08-0-s1,12,detector,40.63,8,-7.45,1,4.24,100,100,0,0
matched,"A2 sensitivity, detector",A2-detector-c08-0-s1,13,detector,43.92,8,-7.86,1,3.49,102,102,0,0
matched,"A2 sensitivity, detector",A2-detector-c08-0-s1,14,detector,40.31,8,-6.36,1,5.37,102,102,0,0
matched,"A2 sensitivity, detector",A2-detector-c08-0-s1,15,detector,41.90,8,-7.20,1,4.36,100,100,0,0
matched,"A2 sensitivity, detector",A2-detector-c08-0-s1,16,detector,42.40,8,-7.74,1,3.77,99,99,0,0
matched,"A2 sensitivity, detector",A2-detector-c08-0-s1,17,detector,42.91,8,-6.66,1,4.80,100,100,0,0
matched,"A2 sensitivity, detector",A2-detector-c08-0-s1,18,detector,42.28,8,-7.07,1,4.45,101,101,0,0
matched,"A2 sensitivity, detector",A2-detector-c08-0-s1,19,detector,46.03,8,-6.14,1,5.01,102,102,0,0
matched,"A2 sensitivity, detector",A2-detector-c08-0-s1,20,detector,41.87,8,-6.24,1,5.32,100,100,0,0
matched,"A2 sensitivity, detector",A2-detector-c08-0-s1,21,detector,43.02,8,-7.64,1,3.80,101,101,0,0
matched,"A2 sensitivity, detector",A2-detector-c08-0-s1,22,detector,43.74,8,-7.37,1,4.00,101,101,0,0
matched,"A2 sensitivity, detector",A2-detector-c08-0-s1,23,detector,48.03,8,-7.58,1,3.39,100,100,0,0
matched,"A2 sensitivity, detector",A2-detector-c08-0-s1,24,detector,49.05,8,-6.97,1,3.91,99,99,0,0
matched,"A2 sensitivity, detector",A2-detector-c08-0-s1,25,detector,46.79,8,-6.16,1,4.92,101,101,0,0
matched,"A2 sensitivity, detector",A2-detector-c08-0-s1,26,detector,41.12,8,-6.23,1,5.41,99,99,0,0
matched,"A2 sensitivity, detector",A2-detector-c08-0-s1,27,detector,40.79,8,-7.60,1,4.08,99,99,0,0
matched,"A2 sensitivity, detector",A2-detector-c08-0-s1,28,detector,46.57,8,-7.82,1,3.28,99,99,0,0
matched,"A2 sensitivity, detector",A2-detector-c08-0-s1,29,detector,45.55,8,-6.16,1,5.04,102,102,0,0
matched,"A2 sensitivity, detector",A2-detector-c08-0-s1,30,detector,42.44,8,-6.94,1,4.56,99,99,0,0
matched,"A2 sensitivity, detector",A2-detector-c08-0-s1,31,detector,50.13,8,-7.35,1,3.43,99,99,0,0
matched,"A2 sensitivity, detector",A2-detector-c08-1-s1,0,detector,40.60,8,-6.87,1,4.83,102,102,0,0
matched,"A2 sensitivity, detector",A2-detector-c08-1-s1,1,detector,44.24,8,-5.61,2,5.71,105,105,0,0
matched,"A2 sensitivity, detector",A2-detector-c08-1-s1,2,detector,46.57,8,-6.35,1,4.75,101,101,0,0
matched,"A2 sensitivity, detector",A2-detector-c08-1-s1,3,detector,42.77,8,-7.37,1,4.10,100,100,0,0
matched,"A2 sensitivity, detector",A2-detector-c08-1-s1,4,detector,41.80,8,-5.03,2,6.54,102,102,0,0
matched,"A2 sensitivity, detector",A2-detector-c08-1-s1,5,detector,48.27,8,-4.83,2,6.11,99,99,0,0
matched,"A2 sensitivity, detector",A2-detector-c08-1-s1,6,detector,48.34,8,-6.75,1,4.19,98,98,0,0
matched,"A2 sensitivity, detector",A2-detector-c08-1-s1,7,detector,49.29,8,-7.97,1,2.88,100,100,0,0
matched,"A2 sensitivity, detector",A2-detector-c08-1-s1,8,detector,41.26,8,-6.71,1,4.92,99,99,0,0
matched,"A2 sensitivity, detector",A2-detector-c08-1-s1,9,detector,50.36,8,-5.89,2,4.87,99,99,0,0
matched,"A2 sensitivity, detector",A2-detector-c08-1-s1,10,detector,42.31,8,-5.92,2,5.60,100,100,0,0
matched,"A2 sensitivity, detector",A2-detector-c08-1-s1,11,detector,44.76,8,-6.99,1,4.28,101,101,0,0
matched,"A2 sensitivity, detector",A2-detector-c08-1-s1,12,detector,42.93,8,-5.44,2,6.01,98,98,0,0
matched,"A2 sensitivity, detector",A2-detector-c08-1-s1,13,detector,40.90,8,-5.49,2,6.17,100,100,0,0
matched,"A2 sensitivity, detector",A2-detector-c08-1-s1,14,detector,50.08,8,-5.43,2,5.35,98,98,0,0
matched,"A2 sensitivity, detector",A2-detector-c08-1-s1,15,detector,44.99,8,-4.63,2,6.62,101,101,0,0
matched,"A2 sensitivity, detector",A2-detector-c08-1-s1,16,detector,40.93,8,-5.56,2,6.10,100,100,0,0
matched,"A2 sensitivity, detector",A2-detector-c08-1-s1,17,detector,40.53,8,-6.92,1,4.78,100,100,0,0
matched,"A2 sensitivity, detector",A2-detector-c08-1-s1,18,detector,45.64,8,-5.44,2,5.75,100,100,0,0
matched,"A2 sensitivity, detector",A2-detector-c08-1-s1,19,detector,43.86,8,-5.79,2,5.57,101,101,0,0
matched,"A2 sensitivity, detector",A2-detector-c08-1-s1,20,detector,42.78,8,-6.20,1,5.27,100,100,0,0
matched,"A2 sensitivity, detector",A2-detector-c08-1-s1,21,detector,43.72,8,-7.58,1,3.79,100,100,0,0
matched,"A2 sensitivity, detector",A2-detector-c08-1-s1,22,detector,45.32,8,-6.20,1,5.02,98,98,0,0
matched,"A2 sensitivity, detector",A2-detector-c08-1-s1,23,detector,47.66,8,-5.47,2,5.53,102,102,0,0
matched,"A2 sensitivity, detector",A2-detector-c08-1-s1,24,detector,45.57,8,-5.86,2,5.33,99,99,0,0
matched,"A2 sensitivity, detector",A2-detector-c08-1-s1,25,detector,47.11,8,-6.16,1,4.89,101,101,0,0
matched,"A2 sensitivity, detector",A2-detector-c08-1-s1,26,detector,42.26,8,-4.18,2,7.34,98,98,0,0
matched,"A2 sensitivity, detector",A2-detector-c08-1-s1,27,detector,45.83,8,-4.31,2,6.86,100,100,0,0
matched,"A2 sensitivity, detector",A2-detector-c08-1-s1,28,detector,44.65,8,-7.55,1,3.73,97,97,0,0
matched,"A2 sensitivity, detector",A2-detector-c08-1-s1,29,detector,47.74,8,-6.84,1,4.15,98,98,0,0
matched,"A2 sensitivity, detector",A2-detector-c08-1-s1,30,detector,46.23,8,-7.45,1,3.68,99,99,0,0
matched,"A2 sensitivity, detector",A2-detector-c08-1-s1,31,detector,44.33,8,-7.53,1,3.78,97,97,0,0
matched,"A2 sensitivity, detector",A2-detector-c08-2-s1,0,detector,44.42,8,-4.14,2,7.17,100,100,0,0
matched,"A2 sensitivity, detector",A2-detector-c08-2-s1,1,detector,40.47,8,-4.31,2,7.40,96,96,0,0
matched,"A2 sensitivity, detector",A2-detector-c08-2-s1,2,detector,40.87,8,-5.83,2,5.84,100,100,0,0
matched,"A2 sensitivity, detector",A2-detector-c08-2-s1,3,detector,44.30,8,-4.03,2,7.29,99,99,0,0
matched,"A2 sensitivity, detector",A2-detector-c08-2-s1,4,detector,50.18,8,-5.81,2,4.97,100,100,0,0
matched,"A2 sensitivity, detector",A2-detector-c08-2-s1,5,detector,48.59,8,-5.13,2,5.79,98,98,0,0
matched,"A2 sensitivity, detector",A2-detector-c08-2-s1,6,detector,48.43,8,-5.19,2,5.74,103,103,0,0
matched,"A2 sensitivity, detector",A2-detector-c08-2-s1,7,detector,48.92,8,-5.07,2,5.82,99,99,0,0
matched,"A2 sensitivity, detector",A2-detector-c08-2-s1,8,detector,44.55,8,-4.38,2,6.91,101,101,0,0
matched,"A2 sensitivity, detector",A2-detector-c08-2-s1,9,detector,43.95,8,-5.46,2,5.89,102,102,0,0
matched,"A2 sensitivity, detector",A2-detector-c08-2-s1,10,detector,41.01,8,-4.59,2,7.06,100,100,0,0
matched,"A2 sensitivity, detector",A2-detector-c08-2-s1,11,detector,46.55,8,-4.57,2,6.53,99,99,0,0
matched,"A2 sensitivity, detector",A2-detector-c08-2-s1,12,detector,45.38,8,-5.39,2,5.82,98,98,0,0
matched,"A2 sensitivity, detector",A2-detector-c08-2-s1,13,detector,45.85,8,-5.61,2,5.56,97,97,0,0
matched,"A2 sensitivity, detector",A2-detector-c08-2-s1,14,detector,45.83,8,-4.94,2,6.23,99,99,0,0
matched,"A2 sensitivity, detector",A2-detector-c08-2-s1,15,detector,41.51,8,-5.46,2,6.14,100,100,0,0
matched,"A2 sensitivity, detector",A2-detector-c08-2-s1,16,detector,46.60,8,-5.15,2,5.95,100,100,0,0
matched,"A2 sensitivity, detector",A2-detector-c08-2-s1,17,detector,45.44,8,-5.54,2,5.67,100,100,0,0
matched,"A2 sensitivity, detector",A2-detector-c08-2-s1,18,detector,42.31,8,-4.76,2,6.76,99,99,0,0
matched,"A2 sensitivity, detector",A2-detector-c08-2-s1,19,detector,40.32,8,-5.39,2,6.34,102,102,0,0
matched,"A2 sensitivity, detector",A2-detector-c08-2-s1,20,detector,45.52,8,-4.57,2,6.63,98,98,0,0
matched,"A2 sensitivity, detector",A2-detector-c08-2-s1,21,detector,50.36,8,-4.66,2,6.10,101,101,0,0
matched,"A2 sensitivity, detector",A2-detector-c08-2-s1,22,detector,40.88,8,-5.70,2,5.97,98,98,0,0
matched,"A2 sensitivity, detector",A2-detector-c08-2-s1,23,detector,43.97,8,-4.72,2,6.63,100,100,0,0
matched,"A2 sensitivity, detector",A2-detector-c08-2-s1,24,detector,49.52,8,-5.94,2,4.89,99,99,0,0
matched,"A2 sensitivity, detector",A2-detector-c08-2-s1,25,detector,43.96,8,-5.32,2,6.03,102,102,0,0
matched,"A2 sensitivity, detector",A2-detector-c08-2-s1,26,detector,43.82,8,-5.22,2,6.14,100,100,0,0
matched,"A2 sensitivity, detector",A2-detector-c08-2-s1,27,detector,40.58,8,-4.35,2,7.35,101,101,0,0
matched,"A2 sensitivity, detector",A2-detector-c08-2-s1,28,detector,41.22,8,-5.65,2,5.98,100,100,0,0
matched,"A2 sensitivity, detector",A2-detector-c08-2-s1,29,detector,49.48,8,-4.90,2,5.94,101,101,0,0
matched,"A2 sensitivity, detector",A2-detector-c08-2-s1,30,detector,41.12,8,-4.71,2,6.93,100,100,0,0
matched,"A2 sensitivity, detector",A2-detector-c08-2-s1,31,detector,47.34,8,-5.08,2,5.95,98,98,0,0
matched,"A2 sensitivity, detector",A2-detector-c08-3-s1,0,detector,41.48,8,-2.28,3,9.32,99,99,1,0
matched,"A2 sensitivity, detector",A2-detector-c08-3-s1,1,detector,46.18,8,-3.31,3,7.83,99,99,0,0
matched,"A2 sensitivity, detector",A2-detector-c08-3-s1,2,detector,40.75,8,-2.32,3,9.36,101,101,1,0
matched,"A2 sensitivity, detector",A2-detector-c08-3-s1,3,detector,48.73,8,-2.60,3,8.30,100,100,0,0
matched,"A2 sensitivity, detector",A2-detector-c08-3-s1,4,detector,49.05,8,-3.73,3,7.15,101,101,0,0
matched,"A2 sensitivity, detector",A2-detector-c08-3-s1,5,detector,50.32,8,-2.27,3,8.49,101,101,0,0
matched,"A2 sensitivity, detector",A2-detector-c08-3-s1,6,detector,42.19,8,-2.48,3,9.05,99,99,0,0
matched,"A2 sensitivity, detector",A2-detector-c08-3-s1,7,detector,46.08,8,-2.24,3,8.91,101,101,1,0
matched,"A2 sensitivity, detector",A2-detector-c08-3-s1,8,detector,47.65,8,-2.14,3,8.86,82,100,1,0
matched,"A2 sensitivity, detector",A2-detector-c08-3-s1,9,detector,45.45,8,-3.06,3,8.15,102,102,0,0
matched,"A2 sensitivity, detector",A2-detector-c08-3-s1,10,detector,49.74,8,-2.97,3,7.84,92,100,1,0
matched,"A2 sensitivity, detector",A2-detector-c08-3-s1,11,detector,40.62,8,-2.72,3,8.97,99,99,0,0
matched,"A2 sensitivity, detector",A2-detector-c08-3-s1,12,detector,40.81,8,-2.86,3,8.81,99,99,1,0
matched,"A2 sensitivity, detector",A2-detector-c08-3-s1,13,detector,47.95,8,-2.19,3,8.78,102,102,1,0
matched,"A2 sensitivity, detector",A2-detector-c08-3-s1,14,detector,42.00,8,-2.48,3,9.07,101,101,1,0
matched,"A2 sensitivity, detector",A2-detector-c08-3-s1,15,detector,49.59,8,-3.05,3,7.78,101,101,0,0
matched,"A2 sensitivity, detector",A2-detector-c08-3-s1,16,detector,42.03,8,-2.84,3,8.71,100,100,0,0
matched,"A2 sensitivity, detector",A2-detector-c08-3-s1,17,detector,42.70,8,-3.22,3,8.26,102,102,1,0
matched,"A2 sensitivity, detector",A2-detector-c08-3-s1,18,detector,44.72,8,-2.40,3,8.88,87,98,1,0
matched,"A2 sensitivity, detector",A2-detector-c08-3-s1,19,detector,49.43,8,-2.93,3,7.91,102,102,0,0
matched,"A2 sensitivity, detector",A2-detector-c08-3-s1,20,detector,40.94,8,-2.25,3,9.41,103,103,1,0
matched,"A2 sensitivity, detector",A2-detector-c08-3-s1,21,detector,44.42,8,-2.70,3,8.61,91,98,1,0
matched,"A2 sensitivity, detector",A2-detector-c08-3-s1,22,detector,41.51,8,-3.90,3,7.70,101,101,0,0
matched,"A2 sensitivity, detector",A2-detector-c08-3-s1,23,detector,50.18,8,-3.28,3,7.50,100,100,0,0
matched,"A2 sensitivity, detector",A2-detector-c08-3-s1,24,detector,48.90,8,-2.35,3,8.54,99,99,0,0
matched,"A2 sensitivity, detector",A2-detector-c08-3-s1,25,detector,48.07,8,-2.54,3,8.42,102,102,1,0
matched,"A2 sensitivity, detector",A2-detector-c08-3-s1,26,detector,43.77,8,-2.40,3,8.97,87,99,1,0
matched,"A2 sensitivity, detector",A2-detector-c08-3-s1,27,detector,47.12,8,-2.02,3,9.03,84,100,1,0
matched,"A2 sensitivity, detector",A2-detector-c08-3-s1,28,detector,47.22,8,-2.30,3,8.74,100,100,1,0
matched,"A2 sensitivity, detector",A2-detector-c08-3-s1,29,detector,40.57,8,-3.33,3,8.37,98,98,0,0
matched,"A2 sensitivity, detector",A2-detector-c08-3-s1,30,detector,43.07,8,-3.48,3,7.96,99,99,0,0
matched,"A2 sensitivity, detector",A2-detector-c08-3-s1,31,detector,44.04,8,-3.55,3,7.79,98,98,0,0
matched,"A2 sensitivity, detector",A2-detector-c08-4-s1,0,detector,41.84,8,-1.89,4,9.68,85,101,1,0
matched,"A2 sensitivity, detector",A2-detector-c08-4-s1,1,detector,44.69,8,-1.40,4,9.88,96,102,1,0
matched,"A2 sensitivity, detector",A2-detector-c08-4-s1,2,detector,46.21,8,-1.66,4,9.47,99,99,1,0
matched,"A2 sensitivity, detector",A2-detector-c08-4-s1,3,detector,41.19,8,-2.10,3,9.53,99,99,1,0
matched,"A2 sensitivity, detector",A2-detector-c08-4-s1,4,detector,41.57,8,-3.98,3,7.61,100,100,0,0
matched,"A2 sensitivity, detector",A2-detector-c08-4-s1,5,detector,43.88,8,-0.13,4,11.23,53,99,1,0
matched,"A2 sensitivity, detector",A2-detector-c08-4-s1,6,detector,44.38,8,-0.84,4,10.47,69,100,1,0
matched,"A2 sensitivity, detector",A2-detector-c08-4-s1,7,detector,40.80,8,-0.84,4,10.83,89,98,1,0
matched,"A2 sensitivity, detector",A2-detector-c08-4-s1,8,detector,42.90,8,-3.77,3,7.69,98,98,0,0
matched,"A2 sensitivity, detector",A2-detector-c08-4-s1,9,detector,47.78,8,-2.36,3,8.63,101,101,0,0
matched,"A2 sensitivity, detector",A2-detector-c08-4-s1,10,detector,50.36,8,-2.97,3,7.79,98,98,0,0
matched,"A2 sensitivity, detector",A2-detector-c08-4-s1,11,detector,44.53,8,-1.71,4,9.58,99,99,1,0
matched,"A2 sensitivity, detector",A2-detector-c08-4-s1,12,detector,49.62,8,-0.68,4,10.14,73,99,1,0
matched,"A2 sensitivity, detector",A2-detector-c08-4-s1,13,detector,46.35,8,-2.72,3,8.40,98,98,0,0
matched,"A2 sensitivity, detector",A2-detector-c08-4-s1,14,detector,45.35,8,-3.51,3,7.71,96,96,0,0
matched,"A2 sensitivity, detector",A2-detector-c08-4-s1,15,detector,45.07,8,-2.63,3,8.61,100,100,0,0
matched,"A2 sensitivity, detector",A2-detector-c08-4-s1,16,detector,41.55,8,-2.10,3,9.50,99,99,1,0
matched,"A2 sensitivity, detector",A2-detector-c08-4-s1,17,detector,42.27,8,-0.73,4,10.79,69,100,1,0
matched,"A2 sensitivity, detector",A2-detector-c08-4-s1,18,detector,43.92,8,-0.79,4,10.56,70,99,1,0
matched,"A2 sensitivity, detector",A2-detector-c08-4-s1,19,detector,45.86,8,-0.59,4,10.58,85,102,1,0
matched,"A2 sensitivity, detector",A2-detector-c08-4-s1,20,detector,42.83,8,-2.07,3,9.39,102,102,1,0
matched,"A2 sensitivity, detector",A2-detector-c08-4-s1,21,detector,48.46,8,-3.86,3,7.07,100,100,0,0
matched,"A2 sensitivity, detector",A2-detector-c08-4-s1,22,detector,43.46,8,-2.06,3,9.34,98,98,1,0
matched,"A2 sensitivity, detector",A2-detector-c08-4-s1,23,detector,42.66,8,-2.69,3,8.79,99,99,1,0
matched,"A2 sensitivity, detector",A2-detector-c08-4-s1,24,detector,50.34,8,-0.17,4,10.59,66,97,1,0
matched,"A2 sensitivity, detector",A2-detector-c08-4-s1,25,detector,41.65,8,-0.06,4,11.53,37,99,1,0
matched,"A2 sensitivity, detector",A2-detector-c08-4-s1,26,detector,42.16,8,-3.84,3,7.69,99,99,0,0
matched,"A2 sensitivity, detector",A2-detector-c08-4-s1,27,detector,49.87,8,-1.28,4,9.52,73,100,1,0
matched,"A2 sensitivity, detector",A2-detector-c08-4-s1,28,detector,48.94,8,-0.56,4,10.32,83,99,1,0
matched,"A2 sensitivity, detector",A2-detector-c08-4-s1,29,detector,49.87,8,-3.42,3,7.38,102,102,0,0
matched,"A2 sensitivity, detector",A2-detector-c08-4-s1,30,detector,48.98,8,-3.30,3,7.58,98,98,0,0
matched,"A2 sensitivity, detector",A2-detector-c08-4-s1,31,detector,46.49,8,-0.12,4,10.99,73,101,1,0
matched,"A2 sensitivity, detector",A2-detector-c08-5-s1,0,detector,42.04,8,-0.95,4,10.59,55,102,1,0
matched,"A2 sensitivity, detector",A2-detector-c08-5-s1,1,detector,45.58,8,-1.86,4,9.33,98,99,1,0
matched,"A2 sensitivity, detector",A2-detector-c08-5-s1,2,detector,42.69,8,-0.40,4,11.08,76,98,1,0
matched,"A2 sensitivity, detector",A2-detector-c08-5-s1,3,detector,48.14,8,-0.21,4,10.75,59,99,1,0
matched,"A2 sensitivity, detector",A2-detector-c08-5-s1,4,detector,50.04,8,-0.70,4,10.09,71,101,1,0
matched,"A2 sensitivity, detector",A2-detector-c08-5-s1,5,detector,46.64,8,-1.10,4,9.99,71,102,1,0
matched,"A2 sensitivity, detector",A2-detector-c08-5-s1,6,detector,41.62,8,-1.49,4,10.10,101,102,1,0
matched,"A2 sensitivity, detector",A2-detector-c08-5-s1,7,detector,46.05,8,-1.61,4,9.54,100,102,1,0
matched,"A2 sensitivity, detector",A2-detector-c08-5-s1,8,detector,40.80,8,-1.16,4,10.51,71,104,1,0
matched,"A2 sensitivity, detector",A2-detector-c08-5-s1,9,detector,48.32,8,-0.68,4,10.26,84,102,1,0
matched,"A2 sensitivity, detector",A2-detector-c08-5-s1,10,detector,49.71,8,-0.31,4,10.51,58,99,1,0
matched,"A2 sensitivity, detector",A2-detector-c08-5-s1,11,detector,43.49,8,-0.84,4,10.56,83,99,1,0
matched,"A2 sensitivity, detector",A2-detector-c08-5-s1,12,detector,44.65,8,-1.29,4,9.99,75,102,1,0
matched,"A2 sensitivity, detector",A2-detector-c08-5-s1,13,detector,46.32,8,-0.77,4,10.35,71,100,1,0
matched,"A2 sensitivity, detector",A2-detector-c08-5-s1,14,detector,49.72,8,-1.10,4,9.72,80,101,1,0
matched,"A2 sensitivity, detector",A2-detector-c08-5-s1,15,detector,46.05,8,-0.00,4,11.15,72,98,1,0
matched,"A2 sensitivity, detector",A2-detector-c08-5-s1,16,detector,49.35,8,-0.69,4,10.16,99,99,1,0
matched,"A2 sensitivity, detector",A2-detector-c08-5-s1,17,detector,43.77,8,-1.19,4,10.18,72,99,1,0
matched,"A2 sensitivity, detector",A2-detector-c08-5-s1,18,detector,45.21,8,-0.11,4,11.12,91,103,1,0
matched,"A2 sensitivity, detector",A2-detector-c08-5-s1,19,detector,45.57,8,-1.85,4,9.34,100,100,1,0
matched,"A2 sensitivity, detector",A2-detector-c08-5-s1,20,detector,46.16,8,-0.54,4,10.60,80,98,1,0
matched,"A2 sensitivity, detector",A2-detector-c08-5-s1,21,detector,40.34,8,-0.53,4,11.19,58,102,1,0
matched,"A2 sensitivity, detector",A2-detector-c08-5-s1,22,detector,41.84,8,-0.54,4,11.03,57,98,1,0
matched,"A2 sensitivity, detector",A2-detector-c08-5-s1,23,detector,48.21,8,-0.12,4,10.83,66,101,1,0
matched,"A2 sensitivity, detector",A2-detector-c08-5-s1,24,detector,44.37,8,-1.87,4,9.44,99,99,1,0
matched,"A2 sensitivity, detector",A2-detector-c08-5-s1,25,detector,42.59,8,-1.57,4,9.92,97,97,1,0
matched,"A2 sensitivity, detector",A2-detector-c08-5-s1,26,detector,41.91,8,-1.25,4,10.31,83,101,1,0
matched,"A2 sensitivity, detector",A2-detector-c08-5-s1,27,detector,50.12,8,-0.77,4,10.01,75,102,1,0
matched,"A2 sensitivity, detector",A2-detector-c08-5-s1,28,detector,48.02,8,-1.86,4,9.11,100,100,0,0
matched,"A2 sensitivity, detector",A2-detector-c08-5-s1,29,detector,47.81,8,-0.73,4,10.26,56,100,1,0
matched,"A2 sensitivity, detector",A2-detector-c08-5-s1,30,detector,46.46,8,-1.61,4,9.50,99,99,1,0
matched,"A2 sensitivity, detector",A2-detector-c08-5-s1,31,detector,41.85,8,-0.56,4,11.00,67,100,1,0
matched,"A2 sensitivity, detector",A2-detector-c08-6-s1,0,detector,45.27,8,1.49,5,12.71,29,99,1,0
matched,"A2 sensitivity, detector",A2-detector-c08-6-s1,1,detector,43.95,8,0.47,5,11.82,38,99,1,0
matched,"A2 sensitivity, detector",A2-detector-c08-6-s1,2,detector,45.93,8,0.00,5,11.16,90,100,1,0
matched,"A2 sensitivity, detector",A2-detector-c08-6-s1,3,detector,43.11,8,0.83,5,12.27,63,99,1,0
matched,"A2 sensitivity, detector",A2-detector-c08-6-s1,4,detector,44.13,8,0.04,5,11.37,67,98,1,0
matched,"A2 sensitivity, detector",A2-detector-c08-6-s1,5,detector,43.38,8,0.46,5,11.87,44,100,1,0
matched,"A2 sensitivity, detector",A2-detector-c08-6-s1,6,detector,45.23,8,0.71,5,11.94,39,100,1,0
matched,"A2 sensitivity, detector",A2-detector-c08-6-s1,7,detector,41.83,8,1.63,5,13.20,26,102,1,0
matched,"A2 sensitivity, detector",A2-detector-c08-6-s1,8,detector,47.04,8,1.23,5,12.29,20,99,1,0
matched,"A2 sensitivity, detector",A2-detector-c08-6-s1,9,detector,45.43,8,1.29,5,12.50,62,101,1,0
matched,"A2 sensitivity, detector",A2-detector-c08-6-s1,10,detector,48.58,8,1.56,5,12.48,19,101,1,0
matched,"A2 sensitivity, detector",A2-detector-c08-6-s1,11,detector,42.75,8,0.87,5,12.34,80,100,1,0
matched,"A2 sensitivity, detector",A2-detector-c08-6-s1,12,detector,43.53,8,1.01,5,12.40,29,101,1,0
matched,"A2 sensitivity, detector",A2-detector-c08-6-s1,13,detector,41.89,8,0.72,5,12.28,30,99,1,0
matched,"A2 sensitivity, detector",A2-detector-c08-6-s1,14,detector,46.49,8,0.22,5,11.33,48,101,1,0
matched,"A2 sensitivity, detector",A2-detector-c08-6-s1,15,detector,45.51,8,0.24,5,11.44,50,100,1,0
matched,"A2 sensitivity, detector",A2-detector-c08-6-s1,16,detector,41.97,8,0.86,5,12.41,52,98,1,0
matched,"A2 sensitivity, detector",A2-detector-c08-6-s1,17,detector,48.82,8,1.61,5,12.51,31,98,1,0
matched,"A2 sensitivity, detector",A2-detector-c08-6-s1,18,detector,47.18,8,1.64,5,12.68,72,99,1,0
matched,"A2 sensitivity, detector",A2-detector-c08-6-s1,19,detector,44.88,8,0.73,5,11.99,42,97,1,0
matched,"A2 sensitivity, detector",A2-detector-c08-6-s1,20,detector,45.67,8,1.56,5,12.75,55,100,1,0
matched,"A2 sensitivity, detector",A2-detector-c08-6-s1,21,detector,46.72,8,1.84,5,12.93,16,100,1,0
matched,"A2 sensitivity, detector",A2-detector-c08-6-s1,22,detector,43.37,8,1.40,5,12.81,29,99,1,0
matched,"A2 sensitivity, detector",A2-detector-c08-6-s1,23,detector,42.78,8,1.23,5,12.70,39,100,1,0
matched,"A2 sensitivity, detector",A2-detector-c08-6-s1,24,detector,46.13,8,0.35,5,11.49,79,99,1,0
matched,"A2 sensitivity, detector",A2-detector-c08-6-s1,25,detector,46.45,8,1.47,5,12.58,22,99,1,0
matched,"A2 sensitivity, detector",A2-detector-c08-6-s1,26,detector,49.44,8,1.69,5,12.53,12,102,1,0
matched,"A2 sensitivity, detector",A2-detector-c08-6-s1,27,detector,44.93,8,0.23,5,11.49,61,102,1,0
matched,"A2 sensitivity, detector",A2-detector-c08-6-s1,28,detector,42.06,8,1.40,5,12.94,39,100,1,0
matched,"A2 sensitivity, detector",A2-detector-c08-6-s1,29,detector,48.14,8,1.87,5,12.83,40,102,1,0
matched,"A2 sensitivity, detector",A2-detector-c08-6-s1,30,detector,42.47,8,1.42,5,12.92,27,98,1,0
matched,"A2 sensitivity, detector",A2-detector-c08-6-s1,31,detector,46.40,8,0.94,5,12.06,36,100,1,0
matched,"A2 sensitivity, detector",A2-detector-c08-7-s1,0,detector,47.61,8,0.78,5,11.78,53,101,1,0
matched,"A2 sensitivity, detector",A2-detector-c08-7-s1,1,detector,48.59,8,1.48,5,12.40,59,100,1,0
matched,"A2 sensitivity, detector",A2-detector-c08-7-s1,2,detector,43.22,8,0.56,5,11.98,26,99,1,0
matched,"A2 sensitivity, detector",A2-detector-c08-7-s1,3,detector,49.56,8,1.90,5,12.73,29,99,1,0
matched,"A2 sensitivity, detector",A2-detector-c08-7-s1,4,detector,44.41,8,0.48,5,11.79,61,98,1,0
matched,"A2 sensitivity, detector",A2-detector-c08-7-s1,5,detector,49.26,8,1.22,5,12.08,78,102,1,0
matched,"A2 sensitivity, detector",A2-detector-c08-7-s1,6,detector,43.09,8,4.00,6,15.44,7,98,1,0
matched,"A2 sensitivity, detector",A2-detector-c08-7-s1,7,detector,43.03,8,0.86,5,12.30,45,98,1,0
matched,"A2 sensitivity, detector",A2-detector-c08-7-s1,8,detector,47.80,8,2.22,6,13.21,19,98,1,0
matched,"A2 sensitivity, detector",A2-detector-c08-7-s1,9,detector,44.05,8,2.64,6,13.98,22,100,1,0
matched,"A2 sensitivity, detector",A2-detector-c08-7-s1,10,detector,43.32,8,2.94,6,14.35,6,101,1,0
matched,"A2 sensitivity, detector",A2-detector-c08-7-s1,11,detector,46.65,8,3.27,6,14.36,89,102,1,0
matched,"A2 sensitivity, detector",A2-detector-c08-7-s1,12,detector,40.76,8,2.80,6,14.48,6,101,1,0
matched,"A2 sensitivity, detector",A2-detector-c08-7-s1,13,detector,48.02,8,3.23,6,14.20,8,99,1,0
matched,"A2 sensitivity, detector",A2-detector-c08-7-s1,14,detector,44.76,8,0.30,5,11.57,84,102,1,0
matched,"A2 sensitivity, detector",A2-detector-c08-7-s1,15,detector,43.57,8,3.02,6,14.41,11,100,1,0
matched,"A2 sensitivity, detector",A2-detector-c08-7-s1,16,detector,42.38,8,3.60,6,15.11,6,99,1,0
matched,"A2 sensitivity, detector",A2-detector-c08-7-s1,17,detector,49.41,8,3.51,6,14.35,16,100,1,0
matched,"A2 sensitivity, detector",A2-detector-c08-7-s1,18,detector,40.49,8,0.76,5,12.47,45,101,1,0
matched,"A2 sensitivity, detector",A2-detector-c08-7-s1,19,detector,40.29,8,1.74,5,13.47,13,100,1,0
matched,"A2 sensitivity, detector",A2-detector-c08-7-s1,20,detector,45.93,8,1.14,5,12.30,31,101,1,0
matched,"A2 sensitivity, detector",A2-detector-c08-7-s1,21,detector,48.85,8,2.11,6,13.00,75,99,1,0
matched,"A2 sensitivity, detector",A2-detector-c08-7-s1,22,detector,40.58,8,3.34,6,15.04,7,100,1,0
matched,"A2 sensitivity, detector",A2-detector-c08-7-s1,23,detector,42.79,8,1.02,5,12.49,33,100,1,0
matched,"A2 sensitivity, detector",A2-detector-c08-7-s1,24,detector,45.88,8,3.80,6,14.97,8,100,1,0
matched,"A2 sensitivity, detector",A2-detector-c08-7-s1,25,detector,48.84,8,0.61,5,11.50,49,101,1,0
matched,"A2 sensitivity, detector",A2-detector-c08-7-s1,26,detector,44.57,8,0.85,5,12.14,69,99,1,0
matched,"A2 sensitivity, detector",A2-detector-c08-7-s1,27,detector,41.58,8,1.38,5,12.97,27,100,1,0
matched,"A2 sensitivity, detector",A2-detector-c08-7-s1,28,detector,40.45,8,2.07,6,13.78,45,98,1,0
matched,"A2 sensitivity, detector",A2-detector-c08-7-s1,29,detector,42.49,8,1.02,5,12.52,32,99,1,0
matched,"A2 sensitivity, detector",A2-detector-c08-7-s1,30,detector,40.56,8,2.93,6,14.63,9,97,1,0
matched,"A2 sensitivity, detector",A2-detector-c08-7-s1,31,detector,40.47,8,2.28,6,13.99,9,98,1,0
matched,"A2 sensitivity, detector",A2-detector-c08-8-s1,0,detector,50.11,8,3.59,6,14.37,9,101,1,0
matched,"A2 sensitivity, detector",A2-detector-c08-8-s1,1,detector,43.20,8,2.28,6,13.71,42,100,1,0
matched,"A2 sensitivity, detector",A2-detector-c08-8-s1,2,detector,49.22,8,3.14,6,14.00,14,98,1,0
matched,"A2 sensitivity, detector",A2-detector-c08-8-s1,3,detector,45.24,8,3.78,6,15.01,22,98,1,0
matched,"A2 sensitivity, detector",A2-detector-c08-8-s1,4,detector,46.25,8,2.51,6,13.64,7,95,1,0
matched,"A2 sensitivity, detector",A2-detector-c08-8-s1,5,detector,46.71,8,2.93,6,14.02,11,99,1,0
matched,"A2 sensitivity, detector",A2-detector-c08-8-s1,6,detector,50.40,8,2.60,6,13.36,9,99,1,0
matched,"A2 sensitivity, detector",A2-detector-c08-8-s1,7,detector,40.90,8,2.54,6,14.20,9,99,1,0
matched,"A2 sensitivity, detector",A2-detector-c08-8-s1,8,detector,46.73,8,2.18,6,13.27,19,102,1,0
matched,"A2 sensitivity, detector",A2-detector-c08-8-s1,9,detector,43.94,8,2.00,6,13.35,26,101,1,0
matched,"A2 sensitivity, detector",A2-detector-c08-8-s1,10,detector,47.96,8,3.12,6,14.09,10,101,1,0
matched,"A2 sensitivity, detector",A2-detector-c08-8-s1,11,detector,46.92,8,3.63,6,14.70,6,98,1,0
matched,"A2 sensitivity, detector",A2-detector-c08-8-s1,12,detector,49.54,8,2.08,6,12.91,40,99,1,0
matched,"A2 sensitivity, detector",A2-detector-c08-8-s1,13,detector,42.08,8,2.79,6,14.33,20,99,1,0
matched,"A2 sensitivity, detector",A2-detector-c08-8-s1,14,detector,43.40,8,2.22,6,13.63,16,100,1,0
matched,"A2 sensitivity, detector",A2-detector-c08-8-s1,15,detector,41.39,8,3.93,6,15.54,5,97,1,0
matched,"A2 sensitivity, detector",A2-detector-c08-8-s1,16,detector,49.67,8,3.46,6,14.28,5,98,1,0
matched,"A2 sensitivity, detector",A2-detector-c08-8-s1,17,detector,45.29,8,3.47,6,14.69,19,98,1,0
matched,"A2 sensitivity, detector",A2-detector-c08-8-s1,18,detector,44.41,8,2.72,6,14.03,13,101,1,0
matched,"A2 sensitivity, detector",A2-detector-c08-8-s1,19,detector,46.73,8,3.47,6,14.56,7,102,1,0
matched,"A2 sensitivity, detector",A2-detector-c08-8-s1,20,detector,41.35,8,3.75,6,15.37,9,99,1,0
matched,"A2 sensitivity, detector",A2-detector-c08-8-s1,21,detector,44.28,8,3.50,6,14.82,8,100,1,0
matched,"A2 sensitivity, detector",A2-detector-c08-8-s1,22,detector,48.65,8,2.64,6,13.55,20,99,1,0
matched,"A2 sensitivity, detector",A2-detector-c08-8-s1,23,detector,40.64,8,3.47,6,15.16,5,99,1,0
matched,"A2 sensitivity, detector",A2-detector-c08-8-s1,24,detector,41.03,8,3.80,6,15.45,5,99,1,0
matched,"A2 sensitivity, detector",A2-detector-c08-8-s1,25,detector,44.81,8,3.00,6,14.27,5,101,1,0
matched,"A2 sensitivity, detector",A2-detector-c08-8-s1,26,detector,46.77,8,2.04,6,13.12,23,101,1,0
matched,"A2 sensitivity, detector",A2-detector-c08-8-s1,27,detector,41.00,8,2.26,6,13.91,68,101,1,0
matched,"A2 sensitivity, detector",A2-detector-c08-8-s1,28,detector,49.02,8,2.97,6,13.85,14,98,1,0
matched,"A2 sensitivity, detector",A2-detector-c08-8-s1,29,detector,50.09,8,2.43,6,13.21,14,99,1,0
matched,"A2 sensitivity, detector",A2-detector-c08-8-s1,30,detector,42.73,8,3.07,6,14.54,11,98,1,0
matched,"A2 sensitivity, detector",A2-detector-c08-8-s1,31,detector,47.78,8,2.83,6,13.82,8,101,1,0
matched,"A2 sensitivity, detector",A2-detector-c08-9-s1,0,detector,41.07,8,4.10,7,15.75,5,101,1,0
matched,"A2 sensitivity, detector",A2-detector-c08-9-s1,1,detector,48.10,8,4.95,7,15.91,8,101,1,0
matched,"A2 sensitivity, detector",A2-detector-c08-9-s1,2,detector,48.04,8,4.20,7,15.17,9,98,1,0
matched,"A2 sensitivity, detector",A2-detector-c08-9-s1,3,detector,47.92,8,4.48,7,15.46,6,98,1,0
matched,"A2 sensitivity, detector",A2-detector-c08-9-s1,4,detector,46.18,8,5.66,7,16.80,6,101,1,0
matched,"A2 sensitivity, detector",A2-detector-c08-9-s1,5,detector,43.45,8,4.99,7,16.39,8,101,1,0
matched,"A2 sensitivity, detector",A2-detector-c08-9-s1,6,detector,42.67,8,4.51,7,15.99,9,99,1,0
matched,"A2 sensitivity, detector",A2-detector-c08-9-s1,7,detector,44.50,8,4.20,7,15.50,6,100,1,0
matched,"A2 sensitivity, detector",A2-detector-c08-9-s1,8,detector,44.08,8,4.79,7,16.13,6,99,1,0
matched,"A2 sensitivity, detector",A2-detector-c08-9-s1,9,detector,47.25,8,4.41,7,15.45,7,99,1,0
matched,"A2 sensitivity, detector",A2-detector-c08-9-s1,10,detector,43.37,8,4.32,7,15.73,6,101,1,0
matched,"A2 sensitivity, detector",A2-detector-c08-9-s1,11,detector,45.31,8,4.10,7,15.32,6,99,1,0
matched,"A2 sensitivity, detector",A2-detector-c08-9-s1,12,detector,49.34,8,4.51,7,15.36,9,97,1,0
matched,"A2 sensitivity, detector",A2-detector-c08-9-s1,13,detector,49.64,8,4.91,7,15.73,7,100,1,0
matched,"A2 sensitivity, detector",A2-detector-c08-9-s1,14,detector,47.96,8,5.87,7,16.84,7,100,1,0
matched,"A2 sensitivity, detector",A2-detector-c08-9-s1,15,detector,43.47,8,5.97,7,17.37,5,99,1,0
matched,"A2 sensitivity, detector",A2-detector-c08-9-s1,16,detector,44.37,8,5.18,7,16.49,7,99,1,0
matched,"A2 sensitivity, detector",A2-detector-c08-9-s1,17,detector,41.30,8,4.02,7,15.64,9,100,1,0
matched,"A2 sensitivity, detector",A2-detector-c08-9-s1,18,detector,48.86,8,4.72,7,15.61,5,100,1,0
matched,"A2 sensitivity, detector",A2-detector-c08-9-s1,19,detector,49.36,8,5.03,7,15.88,17,101,1,0
matched,"A2 sensitivity, detector",A2-detector-c08-9-s1,20,detector,49.15,8,5.69,7,16.56,7,99,1,0
matched,"A2 sensitivity, detector",A2-detector-c08-9-s1,21,detector,45.76,8,4.30,7,15.48,6,100,1,0
matched,"A2 sensitivity, detector",A2-detector-c08-9-s1,22,detector,49.84,8,5.59,7,16.40,5,100,1,0
matched,"A2 sensitivity, detector",A2-detector-c08-9-s1,23,detector,42.48,8,4.48,7,15.98,7,98,1,0
matched,"A2 sensitivity, detector",A2-detector-c08-9-s1,24,detector,49.71,8,5.93,7,16.75,5,100,1,0
matched,"A2 sensitivity, detector",A2-detector-c08-9-s1,25,detector,49.31,8,4.45,7,15.30,15,100,1,0
matched,"A2 sensitivity, detector",A2-detector-c08-9-s1,26,detector,42.44,8,4.61,7,16.11,8,98,1,0
matched,"A2 sensitivity, detector",A2-detector-c08-9-s1,27,detector,45.76,8,5.04,7,16.22,8,104,1,0
matched,"A2 sensitivity, detector",A2-detector-c08-9-s1,28,detector,45.63,8,4.81,7,16.00,5,100,1,0
matched,"A2 sensitivity, detector",A2-detector-c08-9-s1,29,detector,46.60,8,5.36,7,16.46,5,101,1,0
matched,"A2 sensitivity, detector",A2-detector-c08-9-s1,30,detector,45.87,8,5.18,7,16.35,8,99,1,0
matched,"A2 sensitivity, detector",A2-detector-c08-9-s1,31,detector,45.46,8,4.06,7,15.27,8,98,1,0
matched,"A2 sensitivity, detector",A2-detector-c08-10-s1,0,detector,44.83,8,5.30,7,16.57,6,101,1,0
matched,"A2 sensitivity, detector",A2-detector-c08-10-s1,1,detector,46.01,8,7.56,8,18.71,5,98,1,0
matched,"A2 sensitivity, detector",A2-detector-c08-10-s1,2,detector,44.03,8,6.81,8,18.15,4,101,1,0
matched,"A2 sensitivity, detector",A2-detector-c08-10-s1,3,detector,45.60,8,6.34,8,17.53,9,102,1,0
matched,"A2 sensitivity, detector",A2-detector-c08-10-s1,4,detector,47.74,8,5.39,7,16.38,6,99,1,0
matched,"A2 sensitivity, detector",A2-detector-c08-10-s1,5,detector,45.23,8,7.24,8,18.47,4,100,1,0
matched,"A2 sensitivity, detector",A2-detector-c08-10-s1,6,detector,46.32,8,7.46,8,18.58,7,101,1,0
matched,"A2 sensitivity, detector",A2-detector-c08-10-s1,7,detector,46.76,8,7.44,8,18.52,3,97,1,0
matched,"A2 sensitivity, detector",A2-detector-c08-10-s1,8,detector,49.55,8,5.50,7,16.33,6,98,1,0
matched,"A2 sensitivity, detector",A2-detector-c08-10-s1,9,detector,42.61,8,6.73,8,18.22,4,101,1,0
matched,"A2 sensitivity, detector",A2-detector-c08-10-s1,10,detector,40.20,8,4.12,7,15.86,7,101,1,0
matched,"A2 sensitivity, detector",A2-detector-c08-10-s1,11,detector,43.38,8,7.28,8,18.69,5,97,1,0
matched,"A2 sensitivity, detector",A2-detector-c08-10-s1,12,detector,48.64,8,4.87,7,15.78,5,99,1,0
matched,"A2 sensitivity, detector",A2-detector-c08-10-s1,13,detector,43.16,8,6.34,8,17.77,8,98,1,0
matched,"A2 sensitivity, detector",A2-detector-c08-10-s1,14,detector,47.37,8,7.82,8,18.85,5,99,1,0
matched,"A2 sensitivity, detector",A2-detector-c08-10-s1,15,detector,43.31,8,4.68,7,16.10,3,98,1,0
matched,"A2 sensitivity, detector",A2-detector-c08-10-s1,16,detector,40.26,8,5.17,7,16.90,5,100,1,0
matched,"A2 sensitivity, detector",A2-detector-c08-10-s1,17,detector,48.46,8,6.63,8,17.56,8,101,1,0
matched,"A2 sensitivity, detector",A2-detector-c08-10-s1,18,detector,40.26,8,6.56,8,18.29,3,100,1,0
matched,"A2 sensitivity, detector",A2-detector-c08-10-s1,19,detector,42.39,8,7.66,8,19.17,5,99,1,0
matched,"A2 sensitivity, detector",A2-detector-c08-10-s1,20,detector,42.41,8,5.52,7,17.03,4,101,1,0
matched,"A2 sensitivity, detector",A2-detector-c08-10-s1,21,detector,43.73,8,7.50,8,18.87,5,99,1,0
matched,"A2 sensitivity, detector",A2-detector-c08-10-s1,22,detector,49.50,8,4.08,7,14.92,8,99,1,0
matched,"A2 sensitivity, detector",A2-detector-c08-10-s1,23,detector,44.79,8,4.68,7,15.95,7,102,1,0
matched,"A2 sensitivity, detector",A2-detector-c08-10-s1,24,detector,42.37,8,6.79,8,18.30,5,100,1,0
matched,"A2 sensitivity, detector",A2-detector-c08-10-s1,25,detector,43.92,8,5.53,7,16.88,5,98,1,0
matched,"A2 sensitivity, detector",A2-detector-c08-10-s1,26,detector,47.34,8,4.80,7,15.83,7,102,1,0
matched,"A2 sensitivity, detector",A2-detector-c08-10-s1,27,detector,41.43,8,4.23,7,15.84,4,98,1,0
matched,"A2 sensitivity, detector",A2-detector-c08-10-s1,28,detector,43.81,8,4.12,7,15.49,6,99,1,0
matched,"A2 sensitivity, detector",A2-detector-c08-10-s1,29,detector,49.94,8,5.86,7,16.66,11,103,1,0
matched,"A2 sensitivity, detector",A2-detector-c08-10-s1,30,detector,40.76,8,5.85,7,17.53,5,99,1,0
matched,"A2 sensitivity, detector",A2-detector-c08-10-s1,31,detector,46.00,8,7.50,8,18.65,4,101,1,0
matched,"A2 sensitivity, detector",A2-detector-c08-11-s1,0,detector,40.80,8,7.25,8,18.92,7,100,1,0
matched,"A2 sensitivity, detector",A2-detector-c08-11-s1,1,detector,41.48,8,7.92,8,19.52,5,99,1,0
matched,"A2 sensitivity, detector",A2-detector-c08-11-s1,2,detector,40.64,8,7.47,8,19.16,3,101,1,0
matched,"A2 sensitivity, detector",A2-detector-c08-11-s1,3,detector,41.09,8,7.88,8,19.52,6,99,1,0
matched,"A2 sensitivity, detector",A2-detector-c08-11-s1,4,detector,42.34,8,6.04,8,17.55,3,96,1,0
matched,"A2 sensitivity, detector",A2-detector-c08-11-s1,5,detector,46.57,8,7.56,8,18.66,4,100,1,0
matched,"A2 sensitivity, detector",A2-detector-c08-11-s1,6,detector,42.38,8,6.87,8,18.38,5,101,1,0
matched,"A2 sensitivity, detector",A2-detector-c08-11-s1,7,detector,48.77,8,7.44,8,18.34,9,100,1,0
matched,"A2 sensitivity, detector",A2-detector-c08-11-s1,8,detector,42.46,8,6.13,8,17.63,4,102,1,0
matched,"A2 sensitivity, detector",A2-detector-c08-11-s1,9,detector,42.66,8,6.05,8,17.53,9,100,1,0
matched,"A2 sensitivity, detector",A2-detector-c08-11-s1,10,detector,47.24,8,6.53,8,17.57,5,101,1,0
matched,"A2 sensitivity, detector",A2-detector-c08-11-s1,11,detector,44.09,8,6.07,8,17.41,7,103,1,0
matched,"A2 sensitivity, detector",A2-detector-c08-11-s1,12,detector,46.60,8,7.17,8,18.27,10,97,1,0
matched,"A2 sensitivity, detector",A2-detector-c08-11-s1,13,detector,47.78,8,6.54,8,17.53,5,99,1,0
matched,"A2 sensitivity, detector",A2-detector-c08-11-s1,14,detector,44.17,8,6.44,8,17.77,8,100,1,0
matched,"A2 sensitivity, detector",A2-detector-c08-11-s1,15,detector,50.09,8,6.89,8,17.67,7,99,1,0
matched,"A2 sensitivity, detector",A2-detector-c08-11-s1,16,detector,44.32,8,7.65,8,18.97,5,97,1,0
matched,"A2 sensitivity, detector",A2-detector-c08-11-s1,17,detector,48.91,8,6.25,8,17.14,8,99,1,0
matched,"A2 sensitivity, detector",A2-detector-c08-11-s1,18,detector,47.71,8,7.28,8,18.28,6,99,1,0
matched,"A2 sensitivity, detector",A2-detector-c08-11-s1,19,detector,49.95,8,6.68,8,17.48,7,100,1,0
matched,"A2 sensitivity, detector",A2-detector-c08-11-s1,20,detector,48.02,8,6.62,8,17.59,8,100,1,0
matched,"A2 sensitivity, detector",A2-detector-c08-11-s1,21,detector,50.21,8,7.18,8,17.95,6,100,1,0
matched,"A2 sensitivity, detector",A2-detector-c08-11-s1,22,detector,42.70,8,6.02,8,17.50,5,103,1,0
matched,"A2 sensitivity, detector",A2-detector-c08-11-s1,23,detector,40.53,8,7.69,8,19.39,6,100,1,0
matched,"A2 sensitivity, detector",A2-detector-c08-11-s1,24,detector,46.33,8,6.90,8,18.02,4,98,1,0
matched,"A2 sensitivity, detector",A2-detector-c08-11-s1,25,detector,41.41,8,7.25,8,18.86,6,99,1,0
matched,"A2 sensitivity, detector",A2-detector-c08-11-s1,26,detector,43.56,8,7.25,8,18.64,8,101,1,0
matched,"A2 sensitivity, detector",A2-detector-c08-11-s1,27,detector,42.42,8,7.92,8,19.43,4,98,1,0
matched,"A2 sensitivity, detector",A2-detector-c08-11-s1,28,detector,40.71,8,6.26,8,17.94,3,100,1,0
matched,"A2 sensitivity, detector",A2-detector-c08-11-s1,29,detector,41.89,8,7.20,8,18.76,5,101,1,0
matched,"A2 sensitivity, detector",A2-detector-c08-11-s1,30,detector,40.83,8,6.09,8,17.76,4,98,1,0
matched,"A2 sensitivity, detector",A2-detector-c08-11-s1,31,detector,40.94,8,7.65,8,19.31,5,101,1,0
matched,"A2 sensitivity, detector",A2-detector-c08-12-s1,0,detector,50.33,8,9.82,9,20.58,6,99,1,0
matched,"A2 sensitivity, detector",A2-detector-c08-12-s1,1,detector,41.52,8,8.36,9,19.96,6,97,1,0
matched,"A2 sensitivity, detector",A2-detector-c08-12-s1,2,detector,48.17,8,9.83,9,20.78,8,102,1,0
matched,"A2 sensitivity, detector",A2-detector-c08-12-s1,3,detector,41.17,8,8.27,9,19.91,3,101,1,0
matched,"A2 sensitivity, detector",A2-detector-c08-12-s1,4,detector,40.11,8,8.53,9,20.28,4,100,1,0
matched,"A2 sensitivity, detector",A2-detector-c08-12-s1,5,detector,40.85,8,8.85,9,20.52,4,101,1,0
matched,"A2 sensitivity, detector",A2-detector-c08-12-s1,6,detector,45.47,8,8.92,9,20.12,8,102,1,0
matched,"A2 sensitivity, detector",A2-detector-c08-12-s1,7,detector,50.41,8,8.01,9,18.77,6,99,1,0
matched,"A2 sensitivity, detector",A2-detector-c08-12-s1,8,detector,47.29,8,8.30,9,19.33,7,99,1,0
matched,"A2 sensitivity, detector",A2-detector-c08-12-s1,9,detector,43.76,8,8.78,9,20.15,6,101,1,0
matched,"A2 sensitivity, detector",A2-detector-c08-12-s1,10,detector,42.89,8,8.72,9,20.18,4,98,1,0
matched,"A2 sensitivity, detector",A2-detector-c08-12-s1,11,detector,45.25,8,8.11,9,19.34,5,100,1,0
matched,"A2 sensitivity, detector",A2-detector-c08-12-s1,12,detector,45.38,8,8.82,9,20.03,5,101,1,0
matched,"A2 sensitivity, detector",A2-detector-c08-12-s1,13,detector,49.39,8,8.27,9,19.12,6,99,1,0
matched,"A2 sensitivity, detector",A2-detector-c08-12-s1,14,detector,45.26,8,9.87,9,21.09,6,101,1,0
matched,"A2 sensitivity, detector",A2-detector-c08-12-s1,15,detector,49.35,8,9.40,9,20.25,4,99,1,0
matched,"A2 sensitivity, detector",A2-detector-c08-12-s1,16,detector,46.37,8,9.96,9,21.08,4,100,1,0
matched,"A2 sensitivity, detector",A2-detector-c08-12-s1,17,detector,41.02,8,9.90,9,21.55,4,102,1,0
matched,"A2 sensitivity, detector",A2-detector-c08-12-s1,18,detector,48.88,8,9.43,9,20.32,3,99,1,0
matched,"A2 sensitivity, detector",A2-detector-c08-12-s1,19,detector,50.08,8,9.32,9,20.10,6,101,1,0
matched,"A2 sensitivity, detector",A2-detector-c08-12-s1,20,detector,40.33,8,8.86,9,20.59,5,101,1,0
matched,"A2 sensitivity, detector",A2-detector-c08-12-s1,21,detector,45.48,8,9.18,9,20.38,3,102,1,0
matched,"A2 sensitivity, detector",A2-detector-c08-12-s1,22,detector,43.40,8,8.28,9,19.69,4,101,1,0
matched,"A2 sensitivity, detector",A2-detector-c08-12-s1,23,detector,46.38,8,8.74,9,19.86,6,100,1,0
matched,"A2 sensitivity, detector",A2-detector-c08-12-s1,24,detector,42.05,8,9.96,9,21.50,3,98,1,0
matched,"A2 sensitivity, detector",A2-detector-c08-12-s1,25,detector,47.46,8,8.21,9,19.23,7,99,1,0
matched,"A2 sensitivity, detector",A2-detector-c08-12-s1,26,detector,46.48,8,9.72,9,20.83,7,97,1,0
matched,"A2 sensitivity, detector",A2-detector-c08-12-s1,27,detector,44.76,8,8.20,9,19.47,4,102,1,0
matched,"A2 sensitivity, detector",A2-detector-c08-12-s1,28,detector,42.59,8,8.29,9,19.78,6,98,1,0
matched,"A2 sensitivity, detector",A2-detector-c08-12-s1,29,detector,43.31,8,9.98,9,21.40,14,101,1,0
matched,"A2 sensitivity, detector",A2-detector-c08-12-s1,30,detector,45.40,8,9.87,9,21.08,6,100,1,0
matched,"A2 sensitivity, detector",A2-detector-c08-12-s1,31,detector,42.75,8,9.03,9,20.50,6,102,1,0
matched,"A2 sensitivity, detector",A2-detector-c08-13-s1,0,detector,42.69,8,8.15,9,19.63,6,101,1,0
matched,"A2 sensitivity, detector",A2-detector-c08-13-s1,1,detector,49.02,8,11.80,10,22.68,4,101,1,0
matched,"A2 sensitivity, detector",A2-detector-c08-13-s1,2,detector,45.38,8,11.49,10,22.70,7,99,1,0
matched,"A2 sensitivity, detector",A2-detector-c08-13-s1,3,detector,47.00,8,8.53,9,19.59,7,99,1,0
matched,"A2 sensitivity, detector",A2-detector-c08-13-s1,4,detector,42.81,8,10.30,10,21.77,6,98,1,0
matched,"A2 sensitivity, detector",A2-detector-c08-13-s1,5,detector,43.20,8,11.69,10,23.12,4,100,1,0
matched,"A2 sensitivity, detector",A2-detector-c08-13-s1,6,detector,46.81,8,8.23,9,19.31,5,99,1,0
matched,"A2 sensitivity, detector",A2-detector-c08-13-s1,7,detector,44.12,8,10.34,10,21.68,6,99,1,0
matched,"A2 sensitivity, detector",A2-detector-c08-13-s1,8,detector,49.18,8,11.31,10,22.17,6,101,1,0
matched,"A2 sensitivity, detector",A2-detector-c08-13-s1,9,detector,48.63,8,10.79,10,21.70,9,99,1,0
matched,"A2 sensitivity, detector",A2-detector-c08-13-s1,10,detector,43.77,8,9.88,9,21.25,5,100,1,0
matched,"A2 sensitivity, detector",A2-detector-c08-13-s1,11,detector,48.42,8,11.32,10,22.25,5,103,1,0
matched,"A2 sensitivity, detector",A2-detector-c08-13-s1,12,detector,42.73,8,10.53,10,22.00,6,101,1,0
matched,"A2 sensitivity, detector",A2-detector-c08-13-s1,13,detector,49.12,8,8.14,9,19.01,5,98,1,0
matched,"A2 sensitivity, detector",A2-detector-c08-13-s1,14,detector,46.96,8,8.39,9,19.45,5,102,1,0
matched,"A2 sensitivity, detector",A2-detector-c08-13-s1,15,detector,44.60,8,11.64,10,22.93,5,99,1,0
matched,"A2 sensitivity, detector",A2-detector-c08-13-s1,16,detector,45.38,8,8.00,9,19.21,6,100,1,0
matched,"A2 sensitivity, detector",A2-detector-c08-13-s1,17,detector,46.22,8,10.15,10,21.28,8,100,1,0
matched,"A2 sensitivity, detector",A2-detector-c08-13-s1,18,detector,50.36,8,10.77,10,21.53,7,99,1,0
matched,"A2 sensitivity, detector",A2-detector-c08-13-s1,19,detector,47.05,8,8.71,9,19.77,4,100,1,0
matched,"A2 sensitivity, detector",A2-detector-c08-13-s1,20,detector,46.06,8,9.87,9,21.02,5,100,1,0
matched,"A2 sensitivity, detector",A2-detector-c08-13-s1,21,detector,43.26,8,9.12,9,20.54,4,102,1,0
matched,"A2 sensitivity, detector",A2-detector-c08-13-s1,22,detector,42.33,8,10.36,10,21.88,5,101,1,0
matched,"A2 sensitivity, detector",A2-detector-c08-13-s1,23,detector,49.46,8,10.69,10,21.53,6,98,1,0
matched,"A2 sensitivity, detector",A2-detector-c08-13-s1,24,detector,45.11,8,8.25,9,19.49,7,96,1,0
matched,"A2 sensitivity, detector",A2-detector-c08-13-s1,25,detector,40.30,8,11.87,10,23.60,6,105,1,0
matched,"A2 sensitivity, detector",A2-detector-c08-13-s1,26,detector,50.19,8,9.03,9,19.81,5,101,1,0
matched,"A2 sensitivity, detector",A2-detector-c08-13-s1,27,detector,45.39,8,8.04,9,19.25,11,98,1,0
matched,"A2 sensitivity, detector",A2-detector-c08-13-s1,28,detector,43.33,8,8.38,9,19.79,6,100,1,0
matched,"A2 sensitivity, detector",A2-detector-c08-13-s1,29,detector,43.57,8,9.57,9,20.96,2,98,1,0
matched,"A2 sensitivity, detector",A2-detector-c08-13-s1,30,detector,41.80,8,11.00,10,22.57,5,100,1,0
matched,"A2 sensitivity, detector",A2-detector-c08-13-s1,31,detector,49.43,8,8.17,9,19.01,5,100,1,0
matched,"A2 sensitivity, detector",A2-detector-c08-14-s1,0,detector,42.60,8,10.08,10,21.57,4,101,1,0
matched,"A2 sensitivity, detector",A2-detector-c08-14-s1,1,detector,47.61,8,11.93,10,22.93,11,98,1,0
matched,"A2 sensitivity, detector",A2-detector-c08-14-s1,2,detector,45.32,8,11.37,10,22.59,5,99,1,0
matched,"A2 sensitivity, detector",A2-detector-c08-14-s1,3,detector,47.91,8,11.54,10,22.52,5,100,1,0
matched,"A2 sensitivity, detector",A2-detector-c08-14-s1,4,detector,42.27,8,10.17,10,21.69,5,102,1,0
matched,"A2 sensitivity, detector",A2-detector-c08-14-s1,5,detector,42.06,8,10.83,10,22.37,5,99,1,0
matched,"A2 sensitivity, detector",A2-detector-c08-14-s1,6,detector,44.69,8,11.93,10,23.21,5,101,1,0
matched,"A2 sensitivity, detector",A2-detector-c08-14-s1,7,detector,42.61,8,10.47,10,21.96,6,98,1,0
matched,"A2 sensitivity, detector",A2-detector-c08-14-s1,8,detector,50.39,8,11.91,10,22.67,7,101,1,0
matched,"A2 sensitivity, detector",A2-detector-c08-14-s1,9,detector,44.76,8,10.22,10,21.49,6,101,1,0
matched,"A2 sensitivity, detector",A2-detector-c08-14-s1,10,detector,48.13,8,11.75,10,22.71,5,99,1,0
matched,"A2 sensitivity, detector",A2-detector-c08-14-s1,11,detector,45.30,8,11.72,10,22.94,4,99,1,0
matched,"A2 sensitivity, detector",A2-detector-c08-14-s1,12,detector,45.34,8,11.22,10,22.44,8,99,1,0
matched,"A2 sensitivity, detector",A2-detector-c08-14-s1,13,detector,45.88,8,11.40,10,22.57,5,100,1,0
matched,"A2 sensitivity, detector",A2-detector-c08-14-s1,14,detector,43.15,8,10.46,10,21.89,5,100,1,0
matched,"A2 sensitivity, detector",A2-detector-c08-14-s1,15,detector,47.86,8,11.74,10,22.72,6,101,1,0
matched,"A2 sensitivity, detector",A2-detector-c08-14-s1,16,detector,46.14,8,10.16,10,21.30,5,101,1,0
matched,"A2 sensitivity, detector",A2-detector-c08-14-s1,17,detector,43.50,8,11.17,10,22.57,4,102,1,0
matched,"A2 sensitivity, detector",A2-detector-c08-14-s1,18,detector,44.73,8,10.21,10,21.49,7,98,1,0
matched,"A2 sensitivity, detector",A2-detector-c08-14-s1,19,detector,40.59,8,10.34,10,22.04,6,100,1,0
matched,"A2 sensitivity, detector",A2-detector-c08-14-s1,20,detector,44.00,8,10.32,10,21.67,7,99,1,0
matched,"A2 sensitivity, detector",A2-detector-c08-14-s1,21,detector,50.37,8,10.02,10,20.78,6,99,1,0
matched,"A2 sensitivity, detector",A2-detector-c08-14-s1,22,detector,44.15,8,10.84,10,22.17,4,99,1,0
matched,"A2 sensitivity, detector",A2-detector-c08-14-s1,23,detector,47.50,8,10.73,10,21.74,4,101,1,0
matched,"A2 sensitivity, detector",A2-detector-c08-14-s1,24,detector,44.06,8,11.36,10,22.70,8,102,1,0
matched,"A2 sensitivity, detector",A2-detector-c08-14-s1,25,detector,48.90,8,10.03,10,20.92,5,99,1,0
matched,"A2 sensitivity, detector",A2-detector-c08-14-s1,26,detector,42.51,8,10.46,10,21.96,6,99,1,0
matched,"A2 sensitivity, detector",A2-detector-c08-14-s1,27,detector,42.56,8,11.03,10,22.52,4,100,1,0
matched,"A2 sensitivity, detector",A2-detector-c08-14-s1,28,detector,42.71,8,10.59,10,22.07,4,99,1,0
matched,"A2 sensitivity, detector",A2-detector-c08-14-s1,29,detector,46.69,8,10.39,10,21.48,5,97,1,0
matched,"A2 sensitivity, detector",A2-detector-c08-14-s1,30,detector,40.42,8,11.22,10,22.94,7,100,1,0
matched,"A2 sensitivity, detector",A2-detector-c08-14-s1,31,detector,43.45,8,11.42,10,22.82,6,99,1,0
matched,"A2 sensitivity, detector",A2-detector-c08-15-s1,0,detector,44.36,8,13.27,11,24.58,6,98,1,0
matched,"A2 sensitivity, detector",A2-detector-c08-15-s1,1,detector,41.00,8,12.27,11,23.92,8,100,1,0
matched,"A2 sensitivity, detector",A2-detector-c08-15-s1,2,detector,43.49,8,13.19,11,24.59,3,97,1,0
matched,"A2 sensitivity, detector",A2-detector-c08-15-s1,3,detector,42.89,8,12.10,11,23.56,5,100,1,0
matched,"A2 sensitivity, detector",A2-detector-c08-15-s1,4,detector,47.86,8,13.81,11,24.79,5,99,1,0
matched,"A2 sensitivity, detector",A2-detector-c08-15-s1,5,detector,49.26,8,12.66,11,23.52,5,100,1,0
matched,"A2 sensitivity, detector",A2-detector-c08-15-s1,6,detector,50.40,8,12.19,11,22.95,6,99,1,0
matched,"A2 sensitivity, detector",A2-detector-c08-15-s1,7,detector,43.61,8,12.83,11,24.22,5,102,1,0
matched,"A2 sensitivity, detector",A2-detector-c08-15-s1,8,detector,45.48,8,12.69,11,23.89,8,102,1,0
matched,"A2 sensitivity, detector",A2-detector-c08-15-s1,9,detector,49.36,8,13.95,11,24.80,5,102,1,0
matched,"A2 sensitivity, detector",A2-detector-c08-15-s1,10,detector,42.71,8,13.93,11,25.41,6,98,1,0
matched,"A2 sensitivity, detector",A2-detector-c08-15-s1,11,detector,48.17,8,13.10,11,24.05,9,100,1,0
matched,"A2 sensitivity, detector",A2-detector-c08-15-s1,12,detector,43.15,8,13.77,11,25.20,6,101,1,0
matched,"A2 sensitivity, detector",A2-detector-c08-15-s1,13,detector,45.67,8,12.21,11,23.40,6,101,1,0
matched,"A2 sensitivity, detector",A2-detector-c08-15-s1,14,detector,47.77,8,13.92,11,24.91,9,100,1,0
matched,"A2 sensitivity, detector",A2-detector-c08-15-s1,15,detector,44.76,8,13.45,11,24.72,4,102,1,0
matched,"A2 sensitivity, detector",A2-detector-c08-15-s1,16,detector,47.33,8,13.05,11,24.08,8,100,1,0
matched,"A2 sensitivity, detector",A2-detector-c08-15-s1,17,detector,41.94,8,12.16,11,23.72,6,104,1,0
matched,"A2 sensitivity, detector",A2-detector-c08-15-s1,18,detector,44.12,8,13.71,11,25.05,5,98,1,0
matched,"A2 sensitivity, detector",A2-detector-c08-15-s1,19,detector,42.51,8,12.54,11,24.04,4,102,1,0
matched,"A2 sensitivity, detector",A2-detector-c08-15-s1,20,detector,48.36,8,12.71,11,23.65,7,99,1,0
matched,"A2 sensitivity, detector",A2-detector-c08-15-s1,21,detector,43.51,8,12.62,11,24.02,4,101,1,0
matched,"A2 sensitivity, detector",A2-detector-c08-15-s1,22,detector,46.85,8,13.61,11,24.68,15,101,1,0
matched,"A2 sensitivity, detector",A2-detector-c08-15-s1,23,detector,45.36,8,13.98,11,25.19,5,100,1,0
matched,"A2 sensitivity, detector",A2-detector-c08-15-s1,24,detector,40.84,8,13.05,11,24.72,6,98,1,0
matched,"A2 sensitivity, detector",A2-detector-c08-15-s1,25,detector,45.37,8,12.24,11,23.45,4,99,1,0
matched,"A2 sensitivity, detector",A2-detector-c08-15-s1,26,detector,47.14,8,12.84,11,23.89,5,99,1,0
matched,"A2 sensitivity, detector",A2-detector-c08-15-s1,27,detector,49.90,8,12.33,11,23.13,7,100,1,0
matched,"A2 sensitivity, detector",A2-detector-c08-15-s1,28,detector,47.69,8,12.12,11,23.12,8,98,1,0
matched,"A2 sensitivity, detector",A2-detector-c08-15-s1,29,detector,46.08,8,13.02,11,24.17,6,100,1,0
matched,"A2 sensitivity, detector",A2-detector-c08-15-s1,30,detector,47.56,8,12.78,11,23.79,5,100,1,0
matched,"A2 sensitivity, detector",A2-detector-c08-15-s1,31,detector,45.25,8,12.46,11,23.69,6,100,1,0
matched,"A2 sensitivity, detector",A2-detector-c08-16-s1,0,detector,46.25,8,14.91,12,26.04,5,99,1,0
matched,"A2 sensitivity, detector",A2-detector-c08-16-s1,1,detector,43.63,8,14.80,12,26.18,6,100,1,0
matched,"A2 sensitivity, detector",A2-detector-c08-16-s1,2,detector,44.29,8,13.11,11,24.43,4,99,1,0
matched,"A2 sensitivity, detector",A2-detector-c08-16-s1,3,detector,42.74,8,12.34,11,23.81,4,99,1,0
matched,"A2 sensitivity, detector",A2-detector-c08-16-s1,4,detector,46.16,8,12.10,11,23.24,8,100,1,0
matched,"A2 sensitivity, detector",A2-detector-c08-16-s1,5,detector,41.92,8,14.28,12,25.84,9,102,1,0
matched,"A2 sensitivity, detector",A2-detector-c08-16-s1,6,detector,50.28,8,12.28,11,23.05,6,99,1,0
matched,"A2 sensitivity, detector",A2-detector-c08-16-s1,7,detector,47.00,8,15.01,12,26.07,6,100,1,0
matched,"A2 sensitivity, detector",A2-detector-c08-16-s1,8,detector,44.17,8,13.85,11,25.18,3,101,1,0
matched,"A2 sensitivity, detector",A2-detector-c08-16-s1,9,detector,43.91,8,12.76,11,24.12,7,98,1,0
matched,"A2 sensitivity, detector",A2-detector-c08-16-s1,10,detector,41.94,8,13.60,11,25.16,6,99,1,0
matched,"A2 sensitivity, detector",A2-detector-c08-16-s1,11,detector,47.75,8,13.00,11,23.99,3,102,1,0
matched,"A2 sensitivity, detector",A2-detector-c08-16-s1,12,detector,43.11,8,12.62,11,24.06,6,98,1,0
matched,"A2 sensitivity, detector",A2-detector-c08-16-s1,13,detector,49.56,8,15.36,12,26.19,6,99,1,0
matched,"A2 sensitivity, detector",A2-detector-c08-16-s1,14,detector,44.30,8,13.20,11,24.52,5,98,1,0
matched,"A2 sensitivity, detector",A2-detector-c08-16-s1,15,detector,41.70,8,15.88,12,27.46,7,99,1,0
matched,"A2 sensitivity, detector",A2-detector-c08-16-s1,16,detector,49.30,8,12.13,11,22.98,6,98,1,0
matched,"A2 sensitivity, detector",A2-detector-c08-16-s1,17,detector,49.09,8,14.30,12,25.17,6,99,1,0
matched,"A2 sensitivity, detector",A2-detector-c08-16-s1,18,detector,41.55,8,14.48,12,26.08,5,101,1,0
matched,"A2 sensitivity, detector",A2-detector-c08-16-s1,19,detector,41.85,8,15.80,12,27.36,3,99,1,0
matched,"A2 sensitivity, detector",A2-detector-c08-16-s1,20,detector,42.12,8,12.30,11,23.84,6,101,1,0
matched,"A2 sensitivity, detector",A2-detector-c08-16-s1,21,detector,41.24,8,14.44,12,26.07,5,100,1,0
matched,"A2 sensitivity, detector",A2-detector-c08-16-s1,22,detector,41.42,8,14.82,12,26.43,7,102,1,0
matched,"A2 sensitivity, detector",A2-detector-c08-16-s1,23,detector,47.27,8,13.44,11,24.48,5,102,1,0
matched,"A2 sensitivity, detector",A2-detector-c08-16-s1,24,detector,40.18,8,15.80,12,27.54,5,99,1,0
matched,"A2 sensitivity, detector",A2-detector-c08-16-s1,25,detector,50.16,8,15.48,12,26.26,5,98,1,0
matched,"A2 sensitivity, detector",A2-detector-c08-16-s1,26,detector,41.86,8,14.71,12,26.27,5,100,1,0
matched,"A2 sensitivity, detector",A2-detector-c08-16-s1,27,detector,49.74,8,13.24,11,24.05,4,98,1,0
matched,"A2 sensitivity, detector",A2-detector-c08-16-s1,28,detector,49.96,8,14.58,12,25.38,5,100,1,0
matched,"A2 sensitivity, detector",A2-detector-c08-16-s1,29,detector,47.83,8,12.82,11,23.80,6,100,1,0
matched,"A2 sensitivity, detector",A2-detector-c08-16-s1,30,detector,46.72,8,14.22,12,25.31,7,102,1,0
matched,"A2 sensitivity, detector",A2-detector-c08-16-s1,31,detector,43.50,8,13.87,11,25.27,6,100,1,0
matched,"A2 sensitivity, detector",A2-detector-c08-17-s1,0,detector,45.96,8,15.69,12,26.85,7,102,1,0
matched,"A2 sensitivity, detector",A2-detector-c08-17-s1,1,detector,43.68,8,15.66,12,27.04,4,101,1,0
matched,"A2 sensitivity, detector",A2-detector-c08-17-s1,2,detector,42.01,8,15.14,12,26.69,9,99,1,0
matched,"A2 sensitivity, detector",A2-detector-c08-17-s1,3,detector,48.73,8,15.37,12,26.27,5,100,1,0
matched,"A2 sensitivity, detector",A2-detector-c08-17-s1,4,detector,47.10,8,15.89,12,26.94,3,100,1,0
matched,"A2 sensitivity, detector",A2-detector-c08-17-s1,5,detector,46.58,8,15.22,12,26.32,10,102,1,0
matched,"A2 sensitivity, detector",A2-detector-c08-17-s1,6,detector,45.89,8,14.80,12,25.96,3,96,1,0
matched,"A2 sensitivity, detector",A2-detector-c08-17-s1,7,detector,41.91,8,14.90,12,26.46,5,98,1,0
matched,"A2 sensitivity, detector",A2-detector-c08-17-s1,8,detector,49.54,8,14.16,12,24.99,6,100,1,0
matched,"A2 sensitivity, detector",A2-detector-c08-17-s1,9,detector,49.17,8,15.89,12,26.75,5,100,1,0
matched,"A2 sensitivity, detector",A2-detector-c08-17-s1,10,detector,44.39,8,14.15,12,25.46,5,104,1,0
matched,"A2 sensitivity, detector",A2-detector-c08-17-s1,11,detector,46.02,8,14.04,12,25.19,4,100,1,0
matched,"A2 sensitivity, detector",A2-detector-c08-17-s1,12,detector,43.94,8,15.81,12,27.16,6,101,1,0
matched,"A2 sensitivity, detector",A2-detector-c08-17-s1,13,detector,48.34,8,14.26,12,25.20,6,98,1,0
matched,"A2 sensitivity, detector",A2-detector-c08-17-s1,14,detector,43.17,8,14.85,12,26.28,7,99,1,0
matched,"A2 sensitivity, detector",A2-detector-c08-17-s1,15,detector,46.49,8,15.41,12,26.52,5,97,1,0
matched,"A2 sensitivity, detector",A2-detector-c08-17-s1,16,detector,47.36,8,14.34,12,25.37,7,99,1,0
matched,"A2 sensitivity, detector",A2-detector-c08-17-s1,17,detector,40.33,8,14.40,12,26.13,4,99,1,0
matched,"A2 sensitivity, detector",A2-detector-c08-17-s1,18,detector,42.23,8,14.41,12,25.94,4,100,1,0
matched,"A2 sensitivity, detector",A2-detector-c08-17-s1,19,detector,45.03,8,14.44,12,25.69,4,100,1,0
matched,"A2 sensitivity, detector",A2-detector-c08-17-s1,20,detector,40.86,8,14.13,12,25.80,7,100,1,0
matched,"A2 sensitivity, detector",A2-detector-c08-17-s1,21,detector,44.79,8,14.47,12,25.74,8,99,1,0
matched,"A2 sensitivity, detector",A2-detector-c08-17-s1,22,detector,50.34,8,15.63,12,26.39,4,99,1,0
matched,"A2 sensitivity, detector",A2-detector-c08-17-s1,23,detector,40.37,8,14.19,12,25.91,5,100,1,0
matched,"A2 sensitivity, detector",A2-detector-c08-17-s1,24,detector,42.47,8,14.58,12,26.08,5,100,1,0
matched,"A2 sensitivity, detector",A2-detector-c08-17-s1,25,detector,44.50,8,14.81,12,26.11,7,99,1,0
matched,"A2 sensitivity, detector",A2-detector-c08-17-s1,26,detector,49.25,8,14.70,12,25.56,7,99,1,0
matched,"A2 sensitivity, detector",A2-detector-c08-17-s1,27,detector,45.64,8,15.02,12,26.21,6,98,1,0
matched,"A2 sensitivity, detector",A2-detector-c08-17-s1,28,detector,45.14,8,15.62,12,26.86,6,97,1,0
matched,"A2 sensitivity, detector",A2-detector-c08-17-s1,29,detector,44.78,8,14.74,12,26.01,8,100,1,0
matched,"A2 sensitivity, detector",A2-detector-c08-17-s1,30,detector,45.02,8,14.03,12,25.28,6,101,1,0
matched,"A2 sensitivity, detector",A2-detector-c08-17-s1,31,detector,49.06,8,15.45,12,26.32,9,101,1,0
matched,"A2 sensitivity, detector",A2-detector-c08-18-s1,0,detector,40.49,8,17.35,13,29.06,3,99,1,0
matched,"A2 sensitivity, detector",A2-detector-c08-18-s1,1,detector,46.72,8,16.93,13,28.02,7,99,1,0
matched,"A2 sensitivity, detector",A2-detector-c08-18-s1,2,detector,46.77,8,16.76,13,27.84,5,100,1,0
matched,"A2 sensitivity, detector",A2-detector-c08-18-s1,3,detector,45.27,8,17.64,13,28.86,4,99,1,0
matched,"A2 sensitivity, detector",A2-detector-c08-18-s1,4,detector,46.62,8,17.78,13,28.88,8,101,1,0
matched,"A2 sensitivity, detector",A2-detector-c08-18-s1,5,detector,48.26,8,17.17,13,28.12,8,102,1,0
matched,"A2 sensitivity, detector",A2-detector-c08-18-s1,6,detector,43.40,8,17.96,13,29.37,5,99,1,0
matched,"A2 sensitivity, detector",A2-detector-c08-18-s1,7,detector,40.90,8,17.02,13,28.68,5,102,1,0
matched,"A2 sensitivity, detector",A2-detector-c08-18-s1,8,detector,42.54,8,17.63,13,29.12,5,100,1,0
matched,"A2 sensitivity, detector",A2-detector-c08-18-s1,9,detector,43.49,8,17.59,13,28.99,6,101,1,0
matched,"A2 sensitivity, detector",A2-detector-c08-18-s1,10,detector,43.39,8,17.79,13,29.20,5,96,1,0
matched,"A2 sensitivity, detector",A2-detector-c08-18-s1,11,detector,45.45,8,16.64,13,27.85,6,98,1,0
matched,"A2 sensitivity, detector",A2-detector-c08-18-s1,12,detector,49.20,8,17.13,13,27.99,5,101,1,0
matched,"A2 sensitivity, detector",A2-detector-c08-18-s1,13,detector,42.33,8,17.51,13,29.03,6,102,1,0
matched,"A2 sensitivity, detector",A2-detector-c08-18-s1,14,detector,47.59,8,17.93,13,28.94,4,100,1,0
matched,"A2 sensitivity, detector",A2-detector-c08-18-s1,15,detector,43.14,8,16.27,13,27.70,5,100,1,0
matched,"A2 sensitivity, detector",A2-detector-c08-18-s1,16,detector,49.59,8,17.61,13,28.44,5,98,1,0
matched,"A2 sensitivity, detector",A2-detector-c08-18-s1,17,detector,42.95,8,16.46,13,27.91,8,100,1,0
matched,"A2 sensitivity, detector",A2-detector-c08-18-s1,18,detector,45.87,8,16.57,13,27.74,4,100,1,0
matched,"A2 sensitivity, detector",A2-detector-c08-18-s1,19,detector,49.82,8,16.84,13,27.65,7,100,1,0
matched,"A2 sensitivity, detector",A2-detector-c08-18-s1,20,detector,42.77,8,17.87,13,29.34,4,100,1,0
matched,"A2 sensitivity, detector",A2-detector-c08-18-s1,21,detector,43.63,8,16.71,13,28.09,5,99,1,0
matched,"A2 sensitivity, detector",A2-detector-c08-18-s1,22,detector,48.97,8,17.01,13,27.89,7,100,1,0
matched,"A2 sensitivity, detector",A2-detector-c08-18-s1,23,detector,50.15,8,16.03,13,26.81,7,101,1,0
matched,"A2 sensitivity, detector",A2-detector-c08-18-s1,24,detector,44.90,8,16.94,13,28.20,10,100,1,0
matched,"A2 sensitivity, detector",A2-detector-c08-18-s1,25,detector,47.38,8,17.76,13,28.79,10,101,1,0
matched,"A2 sensitivity, detector",A2-detector-c08-18-s1,26,detector,47.76,8,16.44,13,27.43,6,98,1,0
matched,"A2 sensitivity, detector",A2-detector-c08-18-s1,27,detector,42.76,8,16.73,13,28.20,3,98,1,0
matched,"A2 sensitivity, detector",A2-detector-c08-18-s1,28,detector,40.95,8,17.42,13,29.08,4,101,1,0
matched,"A2 sensitivity, detector",A2-detector-c08-18-s1,29,detector,41.60,8,16.21,13,27.80,5,102,1,0
matched,"A2 sensitivity, detector",A2-detector-c08-18-s1,30,detector,42.46,8,17.81,13,29.31,6,98,1,0
matched,"A2 sensitivity, detector",A2-detector-c08-18-s1,31,detector,44.49,8,16.05,13,27.35,11,100,1,0
matched,"A2 sensitivity, detector",A2-detector-c08-19-s1,0,detector,47.06,8,19.89,14,30.94,6,102,1,0
matched,"A2 sensitivity, detector",A2-detector-c08-19-s1,1,detector,48.65,8,17.64,13,28.55,7,101,1,0
matched,"A2 sensitivity, detector",A2-detector-c08-19-s1,2,detector,44.92,8,17.60,13,28.86,6,100,1,0
matched,"A2 sensitivity, detector",A2-detector-c08-19-s1,3,detector,42.00,8,17.72,13,29.27,4,100,1,0
matched,"A2 sensitivity, detector",A2-detector-c08-19-s1,4,detector,49.01,8,16.60,13,27.48,6,101,1,0
matched,"A2 sensitivity, detector",A2-detector-c08-19-s1,5,detector,48.17,8,19.46,14,30.41,8,99,1,0
matched,"A2 sensitivity, detector",A2-detector-c08-19-s1,6,detector,42.87,8,18.03,14,29.49,5,100,1,0
matched,"A2 sensitivity, detector",A2-detector-c08-19-s1,7,detector,46.90,8,19.83,14,30.90,4,99,1,0
matched,"A2 sensitivity, detector",A2-detector-c08-19-s1,8,detector,44.21,8,17.68,13,29.01,7,101,1,0
matched,"A2 sensitivity, detector",A2-detector-c08-19-s1,9,detector,46.99,8,16.78,13,27.84,7,101,1,0
matched,"A2 sensitivity, detector",A2-detector-c08-19-s1,10,detector,48.38,8,16.16,13,27.09,4,98,1,0
matched,"A2 sensitivity, detector",A2-detector-c08-19-s1,11,detector,44.37,8,17.12,13,28.43,3,102,1,0
matched,"A2 sensitivity, detector",A2-detector-c08-19-s1,12,detector,46.24,8,18.83,14,29.96,6,101,1,0
matched,"A2 sensitivity, detector",A2-detector-c08-19-s1,13,detector,41.60,8,16.01,13,27.60,3,101,1,0
matched,"A2 sensitivity, detector",A2-detector-c08-19-s1,14,detector,44.74,8,16.46,13,27.73,5,101,1,0
matched,"A2 sensitivity, detector",A2-detector-c08-19-s1,15,detector,49.09,8,19.48,14,30.35,5,98,1,0
matched,"A2 sensitivity, detector",A2-detector-c08-19-s1,16,detector,43.71,8,17.42,13,28.80,4,100,1,0
matched,"A2 sensitivity, detector",A2-detector-c08-19-s1,17,detector,48.63,8,18.89,14,29.80,6,102,1,0
matched,"A2 sensitivity, detector",A2-detector-c08-19-s1,18,detector,40.18,8,17.52,13,29.26,6,100,1,0
matched,"A2 sensitivity, detector",A2-detector-c08-19-s1,19,detector,45.06,8,18.19,14,29.43,7,100,1,0
matched,"A2 sensitivity, detector",A2-detector-c08-19-s1,20,detector,50.31,8,18.88,14,29.64,6,99,1,0
matched,"A2 sensitivity, detector",A2-detector-c08-19-s1,21,detector,45.55,8,18.69,14,29.89,7,98,1,0
matched,"A2 sensitivity, detector",A2-detector-c08-19-s1,22,detector,45.49,8,18.53,14,29.73,3,101,1,0
matched,"A2 sensitivity, detector",A2-detector-c08-19-s1,23,detector,45.59,8,19.73,14,30.92,5,99,1,0
matched,"A2 sensitivity, detector",A2-detector-c08-19-s1,24,detector,43.41,8,18.28,14,29.69,5,100,1,0
matched,"A2 sensitivity, detector",A2-detector-c08-19-s1,25,detector,48.68,8,16.48,13,27.39,4,102,1,0
matched,"A2 sensitivity, detector",A2-detector-c08-19-s1,26,detector,42.01,8,19.83,14,31.38,6,100,1,0
matched,"A2 sensitivity, detector",A2-detector-c08-19-s1,27,detector,42.23,8,17.72,13,29.25,6,100,1,0
matched,"A2 sensitivity, detector",A2-detector-c08-19-s1,28,detector,48.04,8,17.07,13,28.04,4,102,1,0
matched,"A2 sensitivity, detector",A2-detector-c08-19-s1,29,detector,44.73,8,19.67,14,30.95,4,96,1,0
matched,"A2 sensitivity, detector",A2-detector-c08-19-s1,30,detector,45.13,8,18.69,14,29.93,7,101,1,0
matched,"A2 sensitivity, detector",A2-detector-c08-19-s1,31,detector,40.70,8,17.67,13,29.36,5,101,1,0
matched,"A2 sensitivity, detector",A2-detector-c08-20-s1,0,detector,42.15,8,19.48,14,31.01,6,99,1,0
matched,"A2 sensitivity, detector",A2-detector-c08-20-s1,1,detector,43.85,8,19.00,14,30.36,4,100,1,0
matched,"A2 sensitivity, detector",A2-detector-c08-20-s1,2,detector,45.09,8,18.81,14,30.05,6,103,1,0
matched,"A2 sensitivity, detector",A2-detector-c08-20-s1,3,detector,40.81,8,18.21,14,29.88,5,101,1,0
matched,"A2 sensitivity, detector",A2-detector-c08-20-s1,4,detector,40.93,8,18.28,14,29.94,5,97,1,0
matched,"A2 sensitivity, detector",A2-detector-c08-20-s1,5,detector,47.75,8,19.27,14,30.26,6,101,1,0
matched,"A2 sensitivity, detector",A2-detector-c08-20-s1,6,detector,41.30,8,18.66,14,30.28,4,101,1,0
matched,"A2 sensitivity, detector",A2-detector-c08-20-s1,7,detector,48.82,8,18.30,14,29.20,5,101,1,0
matched,"A2 sensitivity, detector",A2-detector-c08-20-s1,8,detector,42.04,8,19.68,14,31.22,5,98,1,0
matched,"A2 sensitivity, detector",A2-detector-c08-20-s1,9,detector,40.57,8,19.65,14,31.35,4,103,1,0
matched,"A2 sensitivity, detector",A2-detector-c08-20-s1,10,detector,43.48,8,19.17,14,30.57,2,101,1,0
matched,"A2 sensitivity, detector",A2-detector-c08-20-s1,11,detector,43.26,8,18.04,14,29.46,5,100,1,0
matched,"A2 sensitivity, detector",A2-detector-c08-20-s1,12,detector,44.46,8,18.39,14,29.69,5,99,1,0
matched,"A2 sensitivity, detector",A2-detector-c08-20-s1,13,detector,49.54,8,19.06,14,29.89,6,99,1,0
matched,"A2 sensitivity, detector",A2-detector-c08-20-s1,14,detector,44.65,8,18.82,14,30.10,5,99,1,0
matched,"A2 sensitivity, detector",A2-detector-c08-20-s1,15,detector,45.54,8,18.34,14,29.54,8,98,1,0
matched,"A2 sensitivity, detector",A2-detector-c08-20-s1,16,detector,47.33,8,19.07,14,30.10,6,99,1,0
matched,"A2 sensitivity, detector",A2-detector-c08-20-s1,17,detector,49.11,8,19.53,14,30.40,6,100,1,0
matched,"A2 sensitivity, detector",A2-detector-c08-20-s1,18,detector,50.19,8,18.15,14,28.93,4,98,1,0
matched,"A2 sensitivity, detector",A2-detector-c08-20-s1,19,detector,44.24,8,19.44,14,30.76,5,102,1,0
matched,"A2 sensitivity, detector",A2-detector-c08-20-s1,20,detector,45.19,8,18.30,14,29.53,9,102,1,0
matched,"A2 sensitivity, detector",A2-detector-c08-20-s1,21,detector,47.24,8,18.63,14,29.67,6,99,1,0
matched,"A2 sensitivity, detector",A2-detector-c08-20-s1,22,detector,48.13,8,19.19,14,30.15,5,101,1,0
matched,"A2 sensitivity, detector",A2-detector-c08-20-s1,23,detector,50.18,8,19.08,14,29.86,8,100,1,0
matched,"A2 sensitivity, detector",A2-detector-c08-20-s1,24,detector,47.73,8,18.36,14,29.35,4,100,1,0
matched,"A2 sensitivity, detector",A2-detector-c08-20-s1,25,detector,49.74,8,19.22,14,30.03,6,101,1,0
matched,"A2 sensitivity, detector",A2-detector-c08-20-s1,26,detector,42.80,8,18.06,14,29.53,4,99,1,0
matched,"A2 sensitivity, detector",A2-detector-c08-20-s1,27,detector,40.21,8,18.54,14,30.28,7,98,1,0
matched,"A2 sensitivity, detector",A2-detector-c08-20-s1,28,detector,40.98,8,18.64,14,30.30,6,100,1,0
matched,"A2 sensitivity, detector",A2-detector-c08-20-s1,29,detector,42.04,8,18.83,14,30.37,3,100,1,0
matched,"A2 sensitivity, detector",A2-detector-c08-20-s1,30,detector,46.37,8,19.42,14,30.54,7,100,1,0
matched,"A2 sensitivity, detector",A2-detector-c08-20-s1,31,detector,44.47,8,18.46,14,29.76,7,101,1,0
matched,"A2 sensitivity, detector",A2-detector-c09-0-s1,0,detector,50.93,9,-7.99,1,2.72,100,100,0,0
matched,"A2 sensitivity, detector",A2-detector-c09-0-s1,1,detector,52.06,9,-6.45,1,4.17,101,101,0,0
matched,"A2 sensitivity, detector",A2-detector-c09-0-s1,2,detector,54.41,9,-7.71,1,2.71,101,101,0,0
matched,"A2 sensitivity, detector",A2-detector-c09-0-s1,3,detector,58.26,9,-7.32,1,2.81,101,101,0,0
matched,"A2 sensitivity, detector",A2-detector-c09-0-s1,4,detector,61.22,9,-7.06,1,2.85,100,100,0,0
matched,"A2 sensitivity, detector",A2-detector-c09-0-s1,5,detector,53.75,9,-7.97,1,2.51,99,99,0,0
matched,"A2 sensitivity, detector",A2-detector-c09-0-s1,6,detector,55.59,9,-6.96,1,3.37,101,101,0,0
matched,"A2 sensitivity, detector",A2-detector-c09-0-s1,7,detector,50.66,9,-6.08,1,4.65,99,99,0,0
matched,"A2 sensitivity, detector",A2-detector-c09-0-s1,8,detector,58.64,9,-7.43,1,2.67,99,99,0,0
matched,"A2 sensitivity, detector",A2-detector-c09-0-s1,9,detector,60.25,9,-7.07,1,2.91,100,100,0,0
matched,"A2 sensitivity, detector",A2-detector-c09-0-s1,10,detector,52.16,9,-6.65,1,3.96,99,99,0,0
matched,"A2 sensitivity, detector",A2-detector-c09-0-s1,11,detector,62.52,9,-7.19,1,2.63,101,101,0,0
matched,"A2 sensitivity, detector",A2-detector-c09-0-s1,12,detector,52.41,9,-6.66,1,3.93,99,99,0,0
matched,"A2 sensitivity, detector",A2-detector-c09-0-s1,13,detector,57.69,9,-7.80,1,2.37,100,100,0,0
matched,"A2 sensitivity, detector",A2-detector-c09-0-s1,14,detector,54.12,9,-6.14,1,4.31,98,98,0,0
matched,"A2 sensitivity, detector",A2-detector-c09-0-s1,15,detector,52.01,9,-6.85,1,3.77,100,100,0,0
matched,"A2 sensitivity, detector",A2-detector-c09-0-s1,16,detector,50.51,9,-6.00,1,4.75,98,98,0,0
matched,"A2 sensitivity, detector",A2-detector-c09-0-s1,17,detector,61.31,9,-7.38,1,2.53,98,98,0,0
matched,"A2 sensitivity, detector",A2-detector-c09-0-s1,18,detector,53.11,9,-7.57,1,2.96,101,101,0,0
matched,"A2 sensitivity, detector",A2-detector-c09-0-s1,19,detector,60.05,9,-7.25,1,2.75,101,101,0,0
matched,"A2 sensitivity, detector",A2-detector-c09-0-s1,20,detector,54.62,9,-7.07,1,3.34,102,102,0,0
matched,"A2 sensitivity, detector",A2-detector-c09-0-s1,21,detector,62.84,9,-6.78,1,3.02,95,95,0,0
matched,"A2 sensitivity, detector",A2-detector-c09-0-s1,22,detector,56.76,9,-7.47,1,2.77,100,100,0,0
matched,"A2 sensitivity, detector",A2-detector-c09-0-s1,23,detector,58.76,9,-6.98,1,3.11,101,101,0,0
matched,"A2 sensitivity, detector",A2-detector-c09-0-s1,24,detector,52.20,9,-6.14,1,4.46,101,101,0,0
matched,"A2 sensitivity, detector",A2-detector-c09-0-s1,25,detector,55.71,9,-7.47,1,2.85,99,99,0,0
matched,"A2 sensitivity, detector",A2-detector-c09-0-s1,26,detector,60.42,9,-6.24,1,3.73,100,100,0,0
matched,"A2 sensitivity, detector",A2-detector-c09-0-s1,27,detector,51.67,9,-6.42,1,4.23,98,98,0,0
matched,"A2 sensitivity, detector",A2-detector-c09-0-s1,28,detector,60.47,9,-7.11,1,2.86,100,100,0,0
matched,"A2 sensitivity, detector",A2-detector-c09-0-s1,29,detector,60.15,9,-6.82,1,3.17,100,100,0,0
matched,"A2 sensitivity, detector",A2-detector-c09-0-s1,30,detector,50.69,9,-6.93,1,3.80,99,99,0,0
matched,"A2 sensitivity, detector",A2-detector-c09-0-s1,31,detector,52.71,9,-7.35,1,3.21,100,100,0,0
matched,"A2 sensitivity, detector",A2-detector-c09-1-s1,0,detector,53.46,9,-5.42,2,5.08,100,100,0,0
matched,"A2 sensitivity, detector",A2-detector-c09-1-s1,1,detector,51.91,9,-5.59,2,5.04,99,99,0,0
matched,"A2 sensitivity, detector",A2-detector-c09-1-s1,2,detector,51.79,9,-7.67,1,2.97,99,99,0,0
matched,"A2 sensitivity, detector",A2-detector-c09-1-s1,3,detector,57.23,9,-6.62,1,3.59,99,99,0,0
matched,"A2 sensitivity, detector",A2-detector-c09-1-s1,4,detector,56.84,9,-7.65,1,2.58,101,101,0,0
matched,"A2 sensitivity, detector",A2-detector-c09-1-s1,5,detector,50.85,9,-7.38,1,3.34,101,101,0,0
matched,"A2 sensitivity, detector",A2-detector-c09-1-s1,6,detector,63.46,9,-5.67,2,4.09,98,98,0,0
matched,"A2 sensitivity, detector",A2-detector-c09-1-s1,7,detector,55.45,9,-5.46,2,4.88,100,100,0,0
matched,"A2 sensitivity, detector",A2-detector-c09-1-s1,8,detector,60.81,9,-7.18,1,2.76,101,101,0,0
matched,"A2 sensitivity, detector",A2-detector-c09-1-s1,9,detector,63.14,9,-6.73,1,3.05,101,101,0,0
matched,"A2 sensitivity, detector",A2-detector-c09-1-s1,10,detector,51.90,9,-5.48,2,5.15,98,98,0,0
matched,"A2 sensitivity, detector",A2-detector-c09-1-s1,11,detector,52.42,9,-7.24,1,3.35,99,99,0,0
matched,"A2 sensitivity, detector",A2-detector-c09-1-s1,12,detector,51.86,9,-5.96,2,4.67,99,99,0,0
matched,"A2 sensitivity, detector",A2-detector-c09-1-s1,13,detector,62.43,9,-4.64,2,5.19,102,102,0,0
matched,"A2 sensitivity, detector",A2-detector-c09-1-s1,14,detector,62.96,9,-4.49,2,5.30,102,102,0,0
matched,"A2 sensitivity, detector",A2-detector-c09-1-s1,15,detector,59.24,9,-6.00,1,4.06,103,103,0,0
matched,"A2 sensitivity, detector",A2-detector-c09-1-s1,16,detector,56.08,9,-6.55,1,3.74,102,102,0,0
matched,"A2 sensitivity, detector",A2-detector-c09-1-s1,17,detector,53.69,9,-4.77,2,5.71,98,98,0,0
matched,"A2 sensitivity, detector",A2-detector-c09-1-s1,18,detector,55.44,9,-6.28,1,4.06,99,99,0,0
matched,"A2 sensitivity, detector",A2-detector-c09-1-s1,19,detector,61.05,9,-5.67,2,4.25,99,99,0,0
matched,"A2 sensitivity, detector",A2-detector-c09-1-s1,20,detector,62.06,9,-4.06,2,5.79,100,100,0,0
matched,"A2 sensitivity, detector",A2-detector-c09-1-s1,21,detector,50.49,9,-5.53,2,5.22,99,99,0,0
matched,"A2 sensitivity, detector",A2-detector-c09-1-s1,22,detector,56.90,9,-5.80,2,4.43,100,100,0,0
matched,"A2 sensitivity, detector",A2-detector-c09-1-s1,23,detector,54.59,9,-7.91,1,2.50,99,99,0,0
matched,"A2 sensitivity, detector",A2-detector-c09-1-s1,24,detector,51.31,9,-7.81,1,2.87,99,99,0,0
matched,"A2 sensitivity, detector",A2-detector-c09-1-s1,25,detector,51.08,9,-7.24,1,3.46,98,98,0,0
matched,"A2 sensitivity, detector",A2-detector-c09-1-s1,26,detector,55.40,9,-7.63,1,2.72,103,103,0,0
matched,"A2 sensitivity, detector",A2-detector-c09-1-s1,27,detector,58.20,9,-5.52,2,4.61,100,100,0,0
matched,"A2 sensitivity, detector",A2-detector-c09-1-s1,28,detector,60.03,9,-6.60,1,3.40,99,99,0,0
matched,"A2 sensitivity, detector",A2-detector-c09-1-s1,29,detector,55.43,9,-7.01,1,3.33,100,100,0,0
matched,"A2 sensitivity, detector",A2-detector-c09-1-s1,30,detector,60.11,9,-4.74,2,5.25,99,99,0,0
matched,"A2 sensitivity, detector",A2-detector-c09-1-s1,31,detector,58.74,9,-5.36,2,4.73,100,100,0,0
matched,"A2 sensitivity, detector",A2-detector-c09-2-s1,0,detector,53.16,9,-4.16,2,6.37,98,98,0,0
matched,"A2 sensitivity, detector",A2-detector-c09-2-s1,1,detector,57.82,9,-4.00,2,6.16,100,100,0,0
matched,"A2 sensitivity, detector",A2-detector-c09-2-s1,2,detector,51.04,9,-4.94,2,5.76,101,101,0,0
matched,"A2 sensitivity, detector",A2-detector-c09-2-s1,3,detector,53.84,9,-4.09,2,6.38,100,100,0,0
matched,"A2 sensitivity, detector",A2-detector-c09-2-s1,4,detector,58.93,9,-5.60,2,4.48,99,99,0,0
matched,"A2 sensitivity, detector",A2-detector-c09-2-s1,5,detector,51.21,9,-4.65,2,6.04,101,101,0,0
matched,"A2 sensitivity, detector",A2-detector-c09-2-s1,6,detector,52.23,9,-4.78,2,5.82,99,99,0,0
matched,"A2 sensitivity, detector",A2-detector-c09-2-s1,7,detector,55.97,9,-5.98,2,4.32,99,99,0,0
matched,"A2 sensitivity, detector",A2-detector-c09-2-s1,8,detector,56.61,9,-5.42,2,4.83,100,100,0,0
matched,"A2 sensitivity, detector",A2-detector-c09-2-s1,9,detector,59.41,9,-4.15,2,5.89,99,99,0,0
matched,"A2 sensitivity, detector",A2-detector-c09-2-s1,10,detector,55.56,9,-5.72,2,4.61,100,100,0,0
matched,"A2 sensitivity, detector",A2-detector-c09-2-s1,11,detector,55.87,9,-5.06,2,5.25,98,98,0,0
matched,"A2 sensitivity, detector",A2-detector-c09-2-s1,12,detector,52.55,9,-5.41,2,5.17,101,101,0,0
matched,"A2 sensitivity, detector",A2-detector-c09-2-s1,13,detector,58.20,9,-5.96,2,4.17,100,100,0,0
matched,"A2 sensitivity, detector",A2-detector-c09-2-s1,14,detector,58.20,9,-4.33,2,5.80,100,100,0,0
matched,"A2 sensitivity, detector",A2-detector-c09-2-s1,15,detector,52.34,9,-5.67,2,4.92,100,100,0,0
matched,"A2 sensitivity, detector",A2-detector-c09-2-s1,16,detector,56.99,9,-4.55,2,5.67,102,102,0,0
matched,"A2 sensitivity, detector",A2-detector-c09-2-s1,17,detector,51.98,9,-4.34,2,6.28,97,97,0,0
matched,"A2 sensitivity, detector",A2-detector-c09-2-s1,18,detector,61.96,9,-5.76,2,4.10,99,99,0,0
matched,"A2 sensitivity, detector",A2-detector-c09-2-s1,19,detector,52.09,9,-4.23,2,6.38,99,99,0,0
matched,"A2 sensitivity, detector",A2-detector-c09-2-s1,20,detector,59.62,9,-5.47,2,4.56,99,99,0,0
matched,"A2 sensitivity, detector",A2-detector-c09-2-s1,21,detector,50.73,9,-4.09,2,6.64,98,98,0,0
matched,"A2 sensitivity, detector",A2-detector-c09-2-s1,22,detector,61.17,9,-5.23,2,4.69,100,100,0,0
matched,"A2 sensitivity, detector",A2-detector-c09-2-s1,23,detector,57.73,9,-5.63,2,4.54,100,100,0,0
matched,"A2 sensitivity, detector",A2-detector-c09-2-s1,24,detector,63.45,9,-4.65,2,5.11,102,102,0,0
matched,"A2 sensitivity, detector",A2-detector-c09-2-s1,25,detector,59.94,9,-5.57,2,4.43,99,99,0,0
matched,"A2 sensitivity, detector",A2-detector-c09-2-s1,26,detector,51.31,9,-4.17,2,6.51,101,101,0,0
matched,"A2 sensitivity, detector",A2-detector-c09-2-s1,27,detector,59.73,9,-4.33,2,5.69,99,99,0,0
matched,"A2 sensitivity, detector",A2-detector-c09-2-s1,28,detector,51.12,9,-4.68,2,6.02,98,98,0,0
matched,"A2 sensitivity, detector",A2-detector-c09-2-s1,29,detector,59.75,9,-4.80,2,5.22,96,96,0,0
matched,"A2 sensitivity, detector",A2-detector-c09-2-s1,30,detector,53.28,9,-5.38,2,5.14,98,98,0,0
matched,"A2 sensitivity, detector",A2-detector-c09-2-s1,31,detector,51.29,9,-5.14,2,5.54,101,101,0,0
matched,"A2 sensitivity, detector",A2-detector-c09-3-s1,0,detector,61.94,9,-3.58,3,6.28,101,101,0,0
matched,"A2 sensitivity, detector",A2-detector-c09-3-s1,1,detector,62.78,9,-2.53,3,7.27,98,98,0,0
matched,"A2 sensitivity, detector",A2-detector-c09-3-s1,2,detector,62.59,9,-3.86,3,5.96,101,101,0,0
matched,"A2 sensitivity, detector",A2-detector-c09-3-s1,3,detector,61.25,9,-2.65,3,7.26,100,100,0,0
matched,"A2 sensitivity, detector",A2-detector-c09-3-s1,4,detector,55.91,9,-3.96,3,6.35,101,101,0,0
matched,"A2 sensitivity, detector",A2-detector-c09-3-s1,5,detector,57.92,9,-3.80,3,6.35,99,99,0,0
matched,"A2 sensitivity, detector",A2-detector-c09-3-s1,6,detector,59.58,9,-3.28,3,6.75,100,100,0,0
matched,"A2 sensitivity, detector",A2-detector-c09-3-s1,7,detector,61.99,9,-3.56,3,6.30,101,101,0,0
matched,"A2 sensitivity, detector",A2-detector-c09-3-s1,8,detector,63.43,9,-3.48,3,6.28,101,101,0,0
matched,"A2 sensitivity, detector",A2-detector-c09-3-s1,9,detector,63.06,9,-3.91,3,5.87,100,100,0,0
matched,"A2 sensitivity, detector",A2-detector-c09-3-s1,10,detector,52.36,9,-2.82,3,7.77,101,101,0,0
matched,"A2 sensitivity, detector",A2-detector-c09-3-s1,11,detector,50.97,9,-3.99,3,6.72,104,104,0,0
matched,"A2 sensitivity, detector",A2-detector-c09-3-s1,12,detector,62.48,9,-3.59,3,6.23,102,102,0,0
matched,"A2 sensitivity, detector",A2-detector-c09-3-s1,13,detector,56.61,9,-2.70,3,7.55,101,101,0,0
matched,"A2 sensitivity, detector",A2-detector-c09-3-s1,14,detector,58.15,9,-2.03,3,8.11,98,98,1,0
matched,"A2 sensitivity, detector",A2-detector-c09-3-s1,15,detector,56.41,9,-2.94,3,7.33,102,102,0,0
matched,"A2 sensitivity, detector",A2-detector-c09-3-s1,16,detector,50.92,9,-3.09,3,7.62,101,101,0,0
matched,"A2 sensitivity, detector",A2-detector-c09-3-s1,17,detector,62.74,9,-3.38,3,6.43,100,100,0,0
matched,"A2 sensitivity, detector",A2-detector-c09-3-s1,18,detector,58.66,9,-3.12,3,6.98,98,98,0,0
matched,"A2 sensitivity, detector",A2-detector-c09-3-s1,19,detector,62.14,9,-2.84,3,7.01,98,98,0,0
matched,"A2 sensitivity, detector",A2-detector-c09-3-s1,20,detector,51.04,9,-2.63,3,8.07,100,100,0,0
matched,"A2 sensitivity, detector",A2-detector-c09-3-s1,21,detector,51.14,9,-3.63,3,7.06,100,100,0,0
matched,"A2 sensitivity, detector",A2-detector-c09-3-s1,22,detector,56.29,9,-3.21,3,7.07,101,101,0,0
matched,"A2 sensitivity, detector",A2-detector-c09-3-s1,23,detector,56.48,9,-3.01,3,7.25,100,100,0,0
matched,"A2 sensitivity, detector",A2-detector-c09-3-s1,24,detector,53.61,9,-3.79,3,6.70,102,102,0,0
matched,"A2 sensitivity, detector",A2-detector-c09-3-s1,25,detector,62.60,9,-3.97,3,5.85,99,99,0,0
matched,"A2 sensitivity, detector",A2-detector-c09-3-s1,26,detector,59.79,9,-2.41,3,7.61,99,99,0,0
matched,"A2 sensitivity, detector",A2-detector-c09-3-s1,27,detector,62.90,9,-2.50,3,7.30,101,101,0,0
matched,"A2 sensitivity, detector",A2-detector-c09-3-s1,28,detector,51.04,9,-3.19,3,7.51,98,98,0,0
matched,"A2 sensitivity, detector",A2-detector-c09-3-s1,29,detector,50.86,9,-2.63,3,8.09,100,100,0,0
matched,"A2 sensitivity, detector",A2-detector-c09-3-s1,30,detector,58.67,9,-3.00,3,7.10,95,95,0,0
matched,"A2 sensitivity, detector",A2-detector-c09-3-s1,31,detector,61.73,9,-2.08,3,7.80,100,100,0,0
matched,"A2 sensitivity, detector",A2-detector-c09-4-s1,0,detector,60.17,9,-3.42,3,6.57,98,98,0,0
matched,"A2 sensitivity, detector",A2-detector-c09-4-s1,1,detector,51.91,9,-1.64,4,8.99,80,100,1,0
matched,"A2 sensitivity, detector",A2-detector-c09-4-s1,2,detector,55.97,9,-2.35,3,7.95,102,102,1,0
matched,"A2 sensitivity, detector",A2-detector-c09-4-s1,3,detector,58.40,9,-1.86,4,8.26,99,99,1,0
matched,"A2 sensitivity, detector",A2-detector-c09-4-s1,4,detector,57.75,9,-0.19,4,9.98,88,99,1,0
matched,"A2 sensitivity, detector",A2-detector-c09-4-s1,5,detector,53.63,9,-3.46,3,7.03,100,100,0,0
matched,"A2 sensitivity, detector",A2-detector-c09-4-s1,6,detector,52.38,9,-0.70,4,9.89,100,100,1,0
matched,"A2 sensitivity, detector",A2-detector-c09-4-s1,7,detector,57.79,9,-1.90,4,8.26,100,100,1,0
matched,"A2 sensitivity, detector",A2-detector-c09-4-s1,8,detector,54.42,9,-1.39,4,9.03,102,102,1,0
matched,"A2 sensitivity, detector",A2-detector-c09-4-s1,9,detector,53.76,9,-2.19,3,8.29,96,96,0,0
matched,"A2 sensitivity, detector",A2-detector-c09-4-s1,10,detector,58.46,9,-1.95,4,8.16,99,99,0,0
matched,"A2 sensitivity, detector",A2-detector-c09-4-s1,11,detector,50.82,9,-0.90,4,9.82,87,100,1,0
matched,"A2 sensitivity, detector",A2-detector-c09-4-s1,12,detector,63.42,9,-3.52,3,6.24,101,101,0,0
matched,"A2 sensitivity, detector",A2-detector-c09-4-s1,13,detector,59.54,9,-2.26,3,7.77,102,102,0,0
matched,"A2 sensitivity, detector",A2-detector-c09-4-s1,14,detector,55.87,9,-3.19,3,7.12,101,101,0,0
matched,"A2 sensitivity, detector",A2-detector-c09-4-s1,15,detector,57.47,9,-3.30,3,6.89,101,101,0,0
matched,"A2 sensitivity, detector",A2-detector-c09-4-s1,16,detector,53.11,9,-2.22,3,8.31,100,100,0,0
matched,"A2 sensitivity, detector",A2-detector-c09-4-s1,17,detector,52.65,9,-2.36,3,8.21,99,99,1,0
matched,"A2 sensitivity, detector",A2-detector-c09-4-s1,18,detector,61.74,9,-1.99,4,7.89,97,97,0,0
matched,"A2 sensitivity, detector",A2-detector-c09-4-s1,19,detector,60.91,9,-1.20,4,8.73,100,100,0,0
matched,"A2 sensitivity, detector",A2-detector-c09-4-s1,20,detector,59.19,9,-1.92,4,8.14,99,99,0,0
matched,"A2 sensitivity, detector",A2-detector-c09-4-s1,21,detector,58.38,9,-2.69,3,7.43,99,99,0,0
matched,"A2 sensitivity, detector",A2-detector-c09-4-s1,22,detector,53.43,9,-3.96,3,6.54,105,105,0,0
matched,"A2 sensitivity, detector",A2-detector-c09-4-s1,23,detector,57.93,9,-0.42,4,9.73,73,99,1,0
matched,"A2 sensitivity, detector",A2-detector-c09-4-s1,24,detector,62.91,9,-1.45,4,8.34,98,98,0,0
matched,"A2 sensitivity, detector",A2-detector-c09-4-s1,25,detector,58.73,9,-3.97,3,6.12,101,101,0,0
matched,"A2 sensitivity, detector",A2-detector-c09-4-s1,26,detector,51.11,9,-0.84,4,9.86,100,100,1,0
matched,"A2 sensitivity, detector",A2-detector-c09-4-s1,27,detector,51.75,9,-0.06,4,10.58,96,99,1,0
matched,"A2 sensitivity, detector",A2-detector-c09-4-s1,28,detector,59.45,9,-2.38,3,7.66,100,100,0,0
matched,"A2 sensitivity, detector",A2-detector-c09-4-s1,29,detector,62.31,9,-1.50,4,8.34,98,99,1,0
matched,"A2 sensitivity, detector",A2-detector-c09-4-s1,30,detector,63.46,9,-2.66,3,7.10,101,101,0,0
matched,"A2 sensitivity, detector",A2-detector-c09-4-s1,31,detector,61.68,9,-2.88,3,7.00,99,99,0,0
matched,"A2 sensitivity, detector",A2-detector-c09-5-s1,0,detector,50.65,9,-0.36,4,10.38,79,99,1,0
matched,"A2 sensitivity, detector",A2-detector-c09-5-s1,1,detector,55.56,9,-1.87,4,8.46,100,100,0,0
matched,"A2 sensitivity, detector",A2-detector-c09-5-s1,2,detector,53.12,9,-1.96,4,8.57,98,98,0,0
matched,"A2 sensitivity, detector",A2-detector-c09-5-s1,3,detector,61.90,9,-0.89,4,8.97,99,99,1,0
matched,"A2 sensitivity, detector",A2-detector-c09-5-s1,4,detector,57.53,9,-0.55,4,9.63,101,101,1,0
matched,"A2 sensitivity, detector",A2-detector-c09-5-s1,5,detector,62.91,9,-1.89,4,7.90,99,99,0,0
matched,"A2 sensitivity, detector",A2-detector-c09-5-s1,6,detector,56.03,9,-1.42,4,8.88,99,99,1,0
matched,"A2 sensitivity, detector",A2-detector-c09-5-s1,7,detector,59.93,9,-1.77,4,8.24,99,99,1,0
matched,"A2 sensitivity, detector",A2-detector-c09-5-s1,8,detector,55.42,9,-0.77,4,9.57,99,99,1,0
matched,"A2 sensitivity, detector",A2-detector-c09-5-s1,9,detector,57.01,9,-0.13,4,10.09,81,100,1,0
matched,"A2 sensitivity, detector",A2-detector-c09-5-s1,10,detector,50.52,9,-1.20,4,9.55,97,100,1,0
matched,"A2 sensitivity, detector",A2-detector-c09-5-s1,11,detector,58.62,9,-0.78,4,9.32,100,100,1,0
matched,"A2 sensitivity, detector",A2-detector-c09-5-s1,12,detector,55.54,9,-1.95,4,8.39,101,101,0,0
matched,"A2 sensitivity, detector",A2-detector-c09-5-s1,13,detector,58.63,9,-0.43,4,9.67,76,101,1,0
matched,"A2 sensitivity, detector",A2-detector-c09-5-s1,14,detector,51.24,9,-0.68,4,10.01,72,99,1,0
matched,"A2 sensitivity, detector",A2-detector-c09-5-s1,15,detector,60.98,9,-1.42,4,8.51,101,101,1,0
matched,"A2 sensitivity, detector",A2-detector-c09-5-s1,16,detector,61.76,9,-0.31,4,9.56,84,98,1,0
matched,"A2 sensitivity, detector",A2-detector-c09-5-s1,17,detector,54.59,9,-0.92,4,9.49,99,100,1,0
matched,"A2 sensitivity, detector",A2-detector-c09-5-s1,18,detector,58.30,9,-1.03,4,9.09,76,100,1,0
matched,"A2 sensitivity, detector",A2-detector-c09-5-s1,19,detector,58.25,9,-0.75,4,9.38,100,100,1,0
matched,"A2 sensitivity, detector",A2-detector-c09-5-s1,20,detector,55.84,9,-1.23,4,9.08,98,98,1,0
matched,"A2 sensitivity, detector",A2-detector-c09-5-s1,21,detector,57.46,9,-1.44,4,8.75,100,100,1,0
matched,"A2 sensitivity, detector",A2-detector-c09-5-s1,22,detector,52.04,9,-1.67,4,8.95,100,100,1,0
matched,"A2 sensitivity, detector",A2-detector-c09-5-s1,23,detector,62.72,9,-1.58,4,8.23,100,100,0,0
matched,"A2 sensitivity, detector",A2-detector-c09-5-s1,24,detector,60.16,9,-0.49,4,9.50,100,100,1,0
matched,"A2 sensitivity, detector",A2-detector-c09-5-s1,25,detector,53.26,9,-0.65,4,9.87,80,101,1,0
matched,"A2 sensitivity, detector",A2-detector-c09-5-s1,26,detector,60.14,9,-0.39,4,9.60,96,98,1,0
matched,"A2 sensitivity, detector",A2-detector-c09-5-s1,27,detector,63.23,9,-1.90,4,7.87,99,99,0,0
matched,"A2 sensitivity, detector",A2-detector-c09-5-s1,28,detector,51.66,9,-1.09,4,9.56,95,100,1,0
matched,"A2 sensitivity, detector",A2-detector-c09-5-s1,29,detector,55.51,9,-1.58,4,8.76,98,98,1,0
matched,"A2 sensitivity, detector",A2-detector-c09-5-s1,30,detector,53.50,9,-1.68,4,8.82,101,101,1,0
matched,"A2 sensitivity, detector",A2-detector-c09-5-s1,31,detector,55.65,9,-1.37,4,8.96,99,99,1,0
matched,"A2 sensitivity, detector",A2-detector-c09-6-s1,0,detector,60.60,9,1.99,5,11.95,67,97,1,0
matched,"A2 sensitivity, detector",A2-detector-c09-6-s1,1,detector,61.78,9,0.46,5,10.33,64,99,1,0
matched,"A2 sensitivity, detector",A2-detector-c09-6-s1,2,detector,63.44,9,1.24,5,11.00,83,102,1,0
matched,"A2 sensitivity, detector",A2-detector-c09-6-s1,3,detector,60.93,9,0.56,5,10.49,92,99,1,0
matched,"A2 sensitivity, detector",A2-detector-c09-6-s1,4,detector,56.31,9,0.61,5,10.89,70,100,1,0
matched,"A2 sensitivity, detector",A2-detector-c09-6-s1,5,detector,54.01,9,1.08,5,11.54,53,97,1,0
matched,"A2 sensitivity, detector",A2-detector-c09-6-s1,6,detector,54.98,9,1.74,5,12.12,86,100,1,0
matched,"A2 sensitivity, detector",A2-detector-c09-6-s1,7,detector,62.58,9,0.01,5,9.83,84,99,1,0
matched,"A2 sensitivity, detector",A2-detector-c09-6-s1,8,detector,59.86,9,1.83,5,11.84,51,102,1,0
matched,"A2 sensitivity, detector",A2-detector-c09-6-s1,9,detector,55.86,9,0.47,5,10.78,77,101,1,0
matched,"A2 sensitivity, detector",A2-detector-c09-6-s1,10,detector,52.13,9,0.42,5,11.03,83,100,1,0
matched,"A2 sensitivity, detector",A2-detector-c09-6-s1,11,detector,53.78,9,0.38,5,10.86,80,102,1,0
matched,"A2 sensitivity, detector",A2-detector-c09-6-s1,12,detector,56.92,9,1.80,5,12.03,40,100,1,0
matched,"A2 sensitivity, detector",A2-detector-c09-6-s1,13,detector,54.35,9,0.18,5,10.61,67,99,1,0
matched,"A2 sensitivity, detector",A2-detector-c09-6-s1,14,detector,63.10,9,0.67,5,10.45,66,99,1,0
matched,"A2 sensitivity, detector",A2-detector-c09-6-s1,15,detector,51.71,9,1.10,5,11.75,67,99,1,0
matched,"A2 sensitivity, detector",A2-detector-c09-6-s1,16,detector,51.50,9,0.42,5,11.08,69,100,1,0
matched,"A2 sensitivity, detector",A2-detector-c09-6-s1,17,detector,50.81,9,1.13,5,11.85,60,100,1,0
matched,"A2 sensitivity, detector",A2-detector-c09-6-s1,18,detector,51.19,9,1.06,5,11.75,53,99,1,0
matched,"A2 sensitivity, detector",A2-detector-c09-6-s1,19,detector,61.56,9,0.36,5,10.25,83,99,1,0
matched,"A2 sensitivity, detector",A2-detector-c09-6-s1,20,detector,59.04,9,1.54,5,11.61,52,99,1,0
matched,"A2 sensitivity, detector",A2-detector-c09-6-s1,21,detector,52.03,9,0.43,5,11.05,35,95,1,0
matched,"A2 sensitivity, detector",A2-detector-c09-6-s1,22,detector,52.30,9,1.57,5,12.17,39,100,1,0
matched,"A2 sensitivity, detector",A2-detector-c09-6-s1,23,detector,53.18,9,1.79,5,12.31,29,102,1,0
matched,"A2 sensitivity, detector",A2-detector-c09-6-s1,24,detector,57.11,9,1.36,5,11.57,43,102,1,0
matched,"A2 sensitivity, detector",A2-detector-c09-6-s1,25,detector,52.14,9,0.27,5,10.88,75,101,1,0
matched,"A2 sensitivity, detector",A2-detector-c09-6-s1,26,detector,54.14,9,0.76,5,11.21,68,97,1,0
matched,"A2 sensitivity, detector",A2-detector-c09-6-s1,27,detector,52.82,9,1.39,5,11.94,43,99,1,0
matched,"A2 sensitivity, detector",A2-detector-c09-6-s1,28,detector,59.07,9,0.81,5,10.88,76,100,1,0
matched,"A2 sensitivity, detector",A2-detector-c09-6-s1,29,detector,61.06,9,1.41,5,11.33,39,99,1,0
matched,"A2 sensitivity, detector",A2-detector-c09-6-s1,30,detector,55.75,9,1.06,5,11.38,33,99,1,0
matched,"A2 sensitivity, detector",A2-detector-c09-6-s1,31,detector,54.45,9,0.35,5,10.77,66,99,1,0
matched,"A2 sensitivity, detector",A2-detector-c09-7-s1,0,detector,53.68,9,3.69,6,14.17,19,99,1,0
matched,"A2 sensitivity, detector",A2-detector-c09-7-s1,1,detector,50.66,9,3.96,6,14.69,11,101,1,0
matched,"A2 sensitivity, detector",A2-detector-c09-7-s1,2,detector,57.54,9,1.89,5,12.07,37,101,1,0
matched,"A2 sensitivity, detector",A2-detector-c09-7-s1,3,detector,57.99,9,0.56,5,10.71,65,98,1,0
matched,"A2 sensitivity, detector",A2-detector-c09-7-s1,4,detector,53.31,9,0.67,5,11.18,94,102,1,0
matched,"A2 sensitivity, detector",A2-detector-c09-7-s1,5,detector,61.95,9,2.68,6,12.54,59,99,1,0
matched,"A2 sensitivity, detector",A2-detector-c09-7-s1,6,detector,59.30,9,1.06,5,11.11,62,102,1,0
matched,"A2 sensitivity, detector",A2-detector-c09-7-s1,7,detector,55.44,9,2.26,6,12.60,33,102,1,0
matched,"A2 sensitivity, detector",A2-detector-c09-7-s1,8,detector,57.92,9,0.86,5,11.01,50,100,1,0
matched,"A2 sensitivity, detector",A2-detector-c09-7-s1,9,detector,55.90,9,3.48,6,13.79,74,101,1,0
matched,"A2 sensitivity, detector",A2-detector-c09-7-s1,10,detector,50.82,9,0.47,5,11.19,66,98,1,0
matched,"A2 sensitivity, detector",A2-detector-c09-7-s1,11,detector,55.58,9,0.87,5,11.20,83,99,1,0
matched,"A2 sensitivity, detector",A2-detector-c09-7-s1,12,detector,55.55,9,0.21,5,10.54,84,101,1,0
matched,"A2 sensitivity, detector",A2-detector-c09-7-s1,13,detector,61.10,9,3.42,6,13.34,24,101,1,0
matched,"A2 sensitivity, detector",A2-detector-c09-7-s1,14,detector,56.17,9,1.94,5,12.23,28,102,1,0
matched,"A2 sensitivity, detector",A2-detector-c09-7-s1,15,detector,62.13,9,1.92,5,11.77,36,99,1,0
matched,"A2 sensitivity, detector",A2-detector-c09-7-s1,16,detector,57.54,9,2.15,6,12.33,30,99,1,0
matched,"A2 sensitivity, detector",A2-detector-c09-7-s1,17,detector,50.51,9,1.52,5,12.27,25,98,1,0
matched,"A2 sensitivity, detector",A2-detector-c09-7-s1,18,detector,53.39,9,3.76,6,14.27,10,102,1,0
matched,"A2 sensitivity, detector",A2-detector-c09-7-s1,19,detector,51.27,9,0.71,5,11.39,70,101,1,0
matched,"A2 sensitivity, detector",A2-detector-c09-7-s1,20,detector,54.06,9,2.61,6,13.06,25,99,1,0
matched,"A2 sensitivity, detector",A2-detector-c09-7-s1,21,detector,58.62,9,1.82,5,11.92,58,99,1,0
matched,"A2 sensitivity, detector",A2-detector-c09-7-s1,22,detector,57.88,9,2.89,6,13.05,34,100,1,0
matched,"A2 sensitivity, detector",A2-detector-c09-7-s1,23,detector,55.46,9,2.47,6,12.81,40,100,1,0
matched,"A2 sensitivity, detector",A2-detector-c09-7-s1,24,detector,54.17,9,1.46,5,11.90,54,101,1,0
matched,"A2 sensitivity, detector",A2-detector-c09-7-s1,25,detector,55.10,9,3.55,6,13.92,18,98,1,0
matched,"A2 sensitivity, detector",A2-detector-c09-7-s1,26,detector,54.78,9,2.01,6,12.41,31,99,1,0
matched,"A2 sensitivity, detector",A2-detector-c09-7-s1,27,detector,56.86,9,1.30,5,11.53,78,98,1,0
matched,"A2 sensitivity, detector",A2-detector-c09-7-s1,28,detector,51.58,9,0.79,5,11.45,92,99,1,0
matched,"A2 sensitivity, detector",A2-detector-c09-7-s1,29,detector,54.04,9,2.56,6,13.01,32,100,1,0
matched,"A2 sensitivity, detector",A2-detector-c09-7-s1,30,detector,51.06,9,2.83,6,13.53,14,99,1,0
matched,"A2 sensitivity, detector",A2-detector-c09-7-s1,31,detector,60.54,9,3.08,6,13.04,22,101,1,0
matched,"A2 sensitivity, detector",A2-detector-c09-8-s1,0,detector,58.80,9,3.68,6,13.77,22,101,1,0
matched,"A2 sensitivity, detector",A2-detector-c09-8-s1,1,detector,56.39,9,2.94,6,13.21,17,101,1,0
matched,"A2 sensitivity, detector",A2-detector-c09-8-s1,2,detector,61.46,9,3.66,6,13.56,26,98,1,0
matched,"A2 sensitivity, detector",A2-detector-c09-8-s1,3,detector,55.70,9,3.11,6,13.43,14,100,1,0
matched,"A2 sensitivity, detector",A2-detector-c09-8-s1,4,detector,60.30,9,2.24,6,12.22,32,100,1,0
matched,"A2 sensitivity, detector",A2-detector-c09-8-s1,5,detector,57.86,9,3.62,6,13.78,28,99,1,0
matched,"A2 sensitivity, detector",A2-detector-c09-8-s1,6,detector,58.25,9,3.24,6,13.37,30,99,1,0
matched,"A2 sensitivity, detector",A2-detector-c09-8-s1,7,detector,57.80,9,3.29,6,13.45,49,100,1,0
matched,"A2 sensitivity, detector",A2-detector-c09-8-s1,8,detector,61.63,9,2.72,6,12.60,28,102,1,0
matched,"A2 sensitivity, detector",A2-detector-c09-8-s1,9,detector,60.01,9,2.40,6,12.40,33,99,1,0
matched,"A2 sensitivity, detector",A2-detector-c09-8-s1,10,detector,53.63,9,2.14,6,12.63,28,99,1,0
matched,"A2 sensitivity, detector",A2-detector-c09-8-s1,11,detector,60.01,9,3.11,6,13.11,12,99,1,0
matched,"A2 sensitivity, detector",A2-detector-c09-8-s1,12,detector,63.06,9,3.73,6,13.51,26,99,1,0
matched,"A2 sensitivity, detector",A2-detector-c09-8-s1,13,detector,56.48,9,2.90,6,13.16,17,99,1,0
matched,"A2 sensitivity, detector",A2-detector-c09-8-s1,14,detector,54.04,9,3.64,6,14.09,13,101,1,0
matched,"A2 sensitivity, detector",A2-detector-c09-8-s1,15,detector,50.79,9,2.20,6,12.92,18,97,1,0
matched,"A2 sensitivity, detector",A2-detector-c09-8-s1,16,detector,51.88,9,2.88,6,13.51,26,100,1,0
matched,"A2 sensitivity, detector",A2-detector-c09-8-s1,17,detector,57.41,9,2.04,6,12.23,96,100,1,0
matched,"A2 sensitivity, detector",A2-detector-c09-8-s1,18,detector,59.39,9,2.73,6,12.77,55,99,1,0
matched,"A2 sensitivity, detector",A2-detector-c09-8-s1,19,detector,62.32,9,2.93,6,12.77,13,100,1,0
matched,"A2 sensitivity, detector",A2-detector-c09-8-s1,20,detector,62.51,9,2.62,6,12.44,51,100,1,0
matched,"A2 sensitivity, detector",A2-detector-c09-8-s1,21,detector,57.97,9,3.66,6,13.81,19,99,1,0
matched,"A2 sensitivity, detector",A2-detector-c09-8-s1,22,detector,60.39,9,3.50,6,13.47,29,102,1,0
matched,"A2 sensitivity, detector",A2-detector-c09-8-s1,23,detector,50.89,9,2.89,6,13.61,14,100,1,0
matched,"A2 sensitivity, detector",A2-detector-c09-8-s1,24,detector,55.05,9,2.32,6,12.69,25,101,1,0
matched,"A2 sensitivity, detector",A2-detector-c09-8-s1,25,detector,57.39,9,2.64,6,12.83,30,99,1,0
matched,"A2 sensitivity, detector",A2-detector-c09-8-s1,26,detector,56.61,9,3.02,6,13.27,12,99,1,0
matched,"A2 sensitivity, detector",A2-detector-c09-8-s1,27,detector,59.48,9,2.61,6,12.65,55,100,1,0
matched,"A2 sensitivity, detector",A2-detector-c09-8-s1,28,detector,62.26,9,3.35,6,13.19,21,99,1,0
matched,"A2 sensitivity, detector",A2-detector-c09-8-s1,29,detector,51.09,9,3.08,6,13.78,9,101,1,0
matched,"A2 sensitivity, detector",A2-detector-c09-8-s1,30,detector,51.98,9,3.51,6,14.13,46,101,1,0
matched,"A2 sensitivity, detector",A2-detector-c09-8-s1,31,detector,55.38,9,3.23,6,13.58,13,95,1,0
matched,"A2 sensitivity, detector",A2-detector-c09-9-s1,0,detector,57.84,9,4.83,7,14.99,9,102,1,0
matched,"A2 sensitivity, detector",A2-detector-c09-9-s1,1,detector,59.07,9,4.89,7,14.96,12,101,1,0
matched,"A2 sensitivity, detector",A2-detector-c09-9-s1,2,detector,56.47,9,4.81,7,15.07,16,101,1,0
matched,"A2 sensitivity, detector",A2-detector-c09-9-s1,3,detector,59.80,9,5.41,7,15.42,8,101,1,0
matched,"A2 sensitivity, detector",A2-detector-c09-9-s1,4,detector,62.95,9,5.94,7,15.73,10,98,1,0
matched,"A2 sensitivity, detector",A2-detector-c09-9-s1,5,detector,59.94,9,5.21,7,15.21,7,99,1,0
matched,"A2 sensitivity, detector",A2-detector-c09-9-s1,6,detector,60.19,9,4.28,7,14.27,10,99,1,0
matched,"A2 sensitivity, detector",A2-detector-c09-9-s1,7,detector,62.74,9,5.45,7,15.26,10,103,1,0
matched,"A2 sensitivity, detector",A2-detector-c09-9-s1,8,detector,62.55,9,4.56,7,14.38,15,98,1,0
matched,"A2 sensitivity, detector",A2-detector-c09-9-s1,9,detector,58.03,9,4.35,7,14.49,9,102,1,0
matched,"A2 sensitivity, detector",A2-detector-c09-9-s1,10,detector,58.83,9,5.22,7,15.31,9,101,1,0
matched,"A2 sensitivity, detector",A2-detector-c09-9-s1,11,detector,61.26,9,4.56,7,14.47,17,96,1,0
matched,"A2 sensitivity, detector",A2-detector-c09-9-s1,12,detector,51.94,9,5.66,7,16.29,5,98,1,0
matched,"A2 sensitivity, detector",A2-detector-c09-9-s1,13,detector,60.48,9,5.56,7,15.53,7,100,1,0
matched,"A2 sensitivity, detector",A2-detector-c09-9-s1,14,detector,56.20,9,5.69,7,15.97,11,99,1,0
matched,"A2 sensitivity, detector",A2-detector-c09-9-s1,15,detector,52.74,9,4.65,7,15.21,7,99,1,0
matched,"A2 sensitivity, detector",A2-detector-c09-9-s1,16,detector,60.22,9,4.46,7,14.44,9,102,1,0
matched,"A2 sensitivity, detector",A2-detector-c09-9-s1,17,detector,62.18,9,4.94,7,14.79,12,102,1,0
matched,"A2 sensitivity, detector",A2-detector-c09-9-s1,18,detector,52.34,9,4.41,7,15.00,5,101,1,0
matched,"A2 sensitivity, detector",A2-detector-c09-9-s1,19,detector,61.42,9,4.59,7,14.49,9,100,1,0
matched,"A2 sensitivity, detector",A2-detector-c09-9-s1,20,detector,52.86,9,5.31,7,15.86,8,99,1,0
matched,"A2 sensitivity, detector",A2-detector-c09-9-s1,21,detector,57.69,9,5.28,7,15.45,5,101,1,0
matched,"A2 sensitivity, detector",A2-detector-c09-9-s1,22,detector,63.19,9,5.44,7,15.22,11,101,1,0
matched,"A2 sensitivity, detector",A2-detector-c09-9-s1,23,detector,61.32,9,5.08,7,14.99,14,101,1,0
matched,"A2 sensitivity, detector",A2-detector-c09-9-s1,24,detector,60.03,9,4.37,7,14.37,10,100,1,0
matched,"A2 sensitivity, detector",A2-detector-c09-9-s1,25,detector,62.18,9,4.33,7,14.18,18,100,1,0
matched,"A2 sensitivity, detector",A2-detector-c09-9-s1,26,detector,62.19,9,5.64,7,15.48,8,99,1,0
matched,"A2 sensitivity, detector",A2-detector-c09-9-s1,27,detector,61.31,9,4.43,7,14.34,9,98,1,0
matched,"A2 sensitivity, detector",A2-detector-c09-9-s1,28,detector,58.53,9,4.44,7,14.55,12,100,1,0
matched,"A2 sensitivity, detector",A2-detector-c09-9-s1,29,detector,58.19,9,4.56,7,14.69,15,100,1,0
matched,"A2 sensitivity, detector",A2-detector-c09-9-s1,30,detector,62.56,9,4.01,7,13.83,31,99,1,0
matched,"A2 sensitivity, detector",A2-detector-c09-9-s1,31,detector,58.80,9,4.15,7,14.24,17,101,1,0
matched,"A2 sensitivity, detector",A2-detector-c09-10-s1,0,detector,56.27,9,5.29,7,15.57,8,97,1,0
matched,"A2 sensitivity, detector",A2-detector-c09-10-s1,1,detector,55.16,9,4.42,7,14.79,11,102,1,0
matched,"A2 sensitivity, detector",A2-detector-c09-10-s1,2,detector,56.81,9,7.52,8,17.76,8,100,1,0
matched,"A2 sensitivity, detector",A2-detector-c09-10-s1,3,detector,55.26,9,7.67,8,18.03,5,101,1,0
matched,"A2 sensitivity, detector",A2-detector-c09-10-s1,4,detector,52.66,9,6.72,8,17.29,9,101,1,0
matched,"A2 sensitivity, detector",A2-detector-c09-10-s1,5,detector,50.92,9,5.12,7,15.83,13,99,1,0
matched,"A2 sensitivity, detector",A2-detector-c09-10-s1,6,detector,51.39,9,4.02,7,14.69,7,101,1,0
matched,"A2 sensitivity, detector",A2-detector-c09-10-s1,7,detector,52.00,9,4.64,7,15.26,9,97,1,0
matched,"A2 sensitivity, detector",A2-detector-c09-10-s1,8,detector,55.65,9,7.96,8,18.29,11,101,1,0
matched,"A2 sensitivity, detector",A2-detector-c09-10-s1,9,detector,56.21,9,5.85,7,16.13,8,100,1,0
matched,"A2 sensitivity, detector",A2-detector-c09-10-s1,10,detector,62.28,9,7.20,8,17.04,11,100,1,0
matched,"A2 sensitivity, detector",A2-detector-c09-10-s1,11,detector,57.38,9,6.02,8,16.21,11,98,1,0
matched,"A2 sensitivity, detector",A2-detector-c09-10-s1,12,detector,59.00,9,6.28,8,16.35,7,100,1,0
matched,"A2 sensitivity, detector",A2-detector-c09-10-s1,13,detector,55.03,9,5.04,7,15.42,10,102,1,0
matched,"A2 sensitivity, detector",A2-detector-c09-10-s1,14,detector,60.28,9,4.31,7,14.29,15,98,1,0
matched,"A2 sensitivity, detector",A2-detector-c09-10-s1,15,detector,57.03,9,4.73,7,14.95,52,99,1,0
matched,"A2 sensitivity, detector",A2-detector-c09-10-s1,16,detector,51.74,9,7.28,8,17.92,6,103,1,0
matched,"A2 sensitivity, detector",A2-detector-c09-10-s1,17,detector,55.70,9,4.23,7,14.55,8,102,1,0
matched,"A2 sensitivity, detector",A2-detector-c09-10-s1,18,detector,53.96,9,4.30,7,14.76,13,102,1,0
matched,"A2 sensitivity, detector",A2-detector-c09-10-s1,19,detector,58.80,9,6.02,8,16.11,10,98,1,0
matched,"A2 sensitivity, detector",A2-detector-c09-10-s1,20,detector,56.90,9,4.13,7,14.36,13,102,1,0
matched,"A2 sensitivity, detector",A2-detector-c09-10-s1,21,detector,63.38,9,6.37,8,16.13,9,99,1,0
matched,"A2 sensitivity, detector",A2-detector-c09-10-s1,22,detector,58.20,9,7.59,8,17.72,7,101,1,0
matched,"A2 sensitivity, detector",A2-detector-c09-10-s1,23,detector,52.34,9,4.69,7,15.28,7,101,1,0
matched,"A2 sensitivity, detector",A2-detector-c09-10-s1,24,detector,50.61,9,4.03,7,14.77,10,100,1,0
matched,"A2 sensitivity, detector",A2-detector-c09-10-s1,25,detector,52.99,9,7.05,8,17.59,7,97,1,0
matched,"A2 sensitivity, detector",A2-detector-c09-10-s1,26,detector,55.15,9,7.65,8,18.02,7,100,1,0
matched,"A2 sensitivity, detector",A2-detector-c09-10-s1,27,detector,56.27,9,6.10,8,16.38,6,103,1,0
matched,"A2 sensitivity, detector",A2-detector-c09-10-s1,28,detector,52.24,9,7.90,8,18.50,8,100,1,0
matched,"A2 sensitivity, detector",A2-detector-c09-10-s1,29,detector,57.42,9,7.46,8,17.65,11,100,1,0
matched,"A2 sensitivity, detector",A2-detector-c09-10-s1,30,detector,54.69,9,4.06,7,14.46,6,100,1,0
matched,"A2 sensitivity, detector",A2-detector-c09-10-s1,31,detector,55.50,9,4.13,7,14.47,11,101,1,0
matched,"A2 sensitivity, detector",A2-detector-c09-11-s1,0,detector,55.10,9,7.05,8,17.42,6,100,1,0
matched,"A2 sensitivity, detector",A2-detector-c09-11-s1,1,detector,56.72,9,6.92,8,17.16,5,102,1,0
matched,"A2 sensitivity, detector",A2-detector-c09-11-s1,2,detector,59.37,9,6.39,8,16.44,8,99,1,0
matched,"A2 sensitivity, detector",A2-detector-c09-11-s1,3,detector,59.96,9,7.61,8,17.61,5,99,1,0
matched,"A2 sensitivity, detector",A2-detector-c09-11-s1,4,detector,63.27,9,6.21,8,15.98,8,101,1,0
matched,"A2 sensitivity, detector",A2-detector-c09-11-s1,5,detector,53.73,9,7.99,8,18.47,6,99,1,0
matched,"A2 sensitivity, detector",A2-detector-c09-11-s1,6,detector,59.19,9,7.47,8,17.53,6,100,1,0
matched,"A2 sensitivity, detector",A2-detector-c09-11-s1,7,detector,51.70,9,7.32,8,17.97,12,103,1,0
matched,"A2 sensitivity, detector",A2-detector-c09-11-s1,8,detector,60.95,9,6.96,8,16.89,8,102,1,0
matched,"A2 sensitivity, detector",A2-detector-c09-11-s1,9,detector,51.77,9,7.33,8,17.97,7,101,1,0
matched,"A2 sensitivity, detector",A2-detector-c09-11-s1,10,detector,52.08,9,7.35,8,17.96,6,98,1,0
matched,"A2 sensitivity, detector",A2-detector-c09-11-s1,11,detector,56.09,9,7.91,8,18.20,11,98,1,0
matched,"A2 sensitivity, detector",A2-detector-c09-11-s1,12,detector,51.78,9,6.03,8,16.67,6,100,1,0
matched,"A2 sensitivity, detector",A2-detector-c09-11-s1,13,detector,62.89,9,6.72,8,16.52,7,102,1,0
matched,"A2 sensitivity, detector",A2-detector-c09-11-s1,14,detector,59.52,9,7.31,8,17.34,16,102,1,0
matched,"A2 sensitivity, detector",A2-detector-c09-11-s1,15,detector,58.29,9,6.36,8,16.49,8,101,1,0
matched,"A2 sensitivity, detector",A2-detector-c09-11-s1,16,detector,55.01,9,7.37,8,17.75,14,100,1,0
matched,"A2 sensitivity, detector",A2-detector-c09-11-s1,17,detector,55.47,9,6.34,8,16.68,4,100,1,0
matched,"A2 sensitivity, detector",A2-detector-c09-11-s1,18,detector,55.52,9,6.67,8,17.01,7,101,1,0
matched,"A2 sensitivity, detector",A2-detector-c09-11-s1,19,detector,51.18,9,7.39,8,18.08,6,99,1,0
matched,"A2 sensitivity, detector",A2-detector-c09-11-s1,20,detector,57.20,9,6.18,8,16.39,7,98,1,0
matched,"A2 sensitivity, detector",A2-detector-c09-11-s1,21,detector,50.50,9,6.18,8,16.93,12,99,1,0
matched,"A2 sensitivity, detector",A2-detector-c09-11-s1,22,detector,61.30,9,6.51,8,16.42,10,101,1,0
matched,"A2 sensitivity, detector",A2-detector-c09-11-s1,23,detector,52.25,9,6.76,8,17.36,4,97,1,0
matched,"A2 sensitivity, detector",A2-detector-c09-11-s1,24,detector,57.90,9,6.96,8,17.11,8,101,1,0
matched,"A2 sensitivity, detector",A2-detector-c09-11-s1,25,detector,53.96,9,6.27,8,16.73,8,98,1,0
matched,"A2 sensitivity, detector",A2-detector-c09-11-s1,26,detector,52.56,9,6.30,8,16.87,9,99,1,0
matched,"A2 sensitivity, detector",A2-detector-c09-11-s1,27,detector,51.90,9,7.70,8,18.33,7,100,1,0
matched,"A2 sensitivity, detector",A2-detector-c09-11-s1,28,detector,63.45,9,7.76,8,17.52,7,99,1,0
matched,"A2 sensitivity, detector",A2-detector-c09-11-s1,29,detector,53.81,9,7.27,8,17.74,6,102,1,0
matched,"A2 sensitivity, detector",A2-detector-c09-11-s1,30,detector,63.30,9,7.99,8,17.76,11,99,1,0
matched,"A2 sensitivity, detector",A2-detector-c09-11-s1,31,detector,57.82,9,6.37,8,16.53,8,99,1,0
matched,"A2 sensitivity, detector",A2-detector-c09-12-s1,0,detector,55.75,9,8.21,9,18.53,5,100,1,0
matched,"A2 sensitivity, detector",A2-detector-c09-12-s1,1,detector,57.17,9,8.90,9,19.11,9,101,1,0
matched,"A2 sensitivity, detector",A2-detector-c09-12-s1,2,detector,55.86,9,9.11,9,19.42,6,97,1,0
matched,"A2 sensitivity, detector",A2-detector-c09-12-s1,3,detector,63.15,9,9.14,9,18.92,8,102,1,0
matched,"A2 sensitivity, detector",A2-detector-c09-12-s1,4,detector,55.54,9,8.68,9,19.02,5,98,1,0
matched,"A2 sensitivity, detector",A2-detector-c09-12-s1,5,detector,55.65,9,9.68,9,20.01,5,99,1,0
matched,"A2 sensitivity, detector",A2-detector-c09-12-s1,6,detector,58.38,9,8.96,9,19.08,6,101,1,0
matched,"A2 sensitivity, detector",A2-detector-c09-12-s1,7,detector,51.29,9,9.19,9,19.87,8,101,1,0
matched,"A2 sensitivity, detector",A2-detector-c09-12-s1,8,detector,61.60,9,9.87,9,19.76,7,100,1,0
matched,"A2 sensitivity, detector",A2-detector-c09-12-s1,9,detector,54.84,9,9.94,9,20.33,10,99,1,0
matched,"A2 sensitivity, detector",A2-detector-c09-12-s1,10,detector,62.47,9,9.13,9,18.95,9,101,1,0
matched,"A2 sensitivity, detector",A2-detector-c09-12-s1,11,detector,53.44,9,9.85,9,20.35,7,98,1,0
matched,"A2 sensitivity, detector",A2-detector-c09-12-s1,12,detector,58.72,9,8.31,9,18.40,7,101,1,0
matched,"A2 sensitivity, detector",A2-detector-c09-12-s1,13,detector,56.74,9,9.17,9,19.41,5,100,1,0
matched,"A2 sensitivity, detector",A2-detector-c09-12-s1,14,detector,63.18,9,9.16,9,18.94,10,100,1,0
matched,"A2 sensitivity, detector",A2-detector-c09-12-s1,15,detector,63.28,9,8.41,9,18.18,10,99,1,0
matched,"A2 sensitivity, detector",A2-detector-c09-12-s1,16,detector,52.83,9,8.56,9,19.11,4,100,1,0
matched,"A2 sensitivity, detector",A2-detector-c09-12-s1,17,detector,60.17,9,8.38,9,18.37,9,100,1,0
matched,"A2 sensitivity, detector",A2-detector-c09-12-s1,18,detector,56.79,9,8.24,9,18.48,7,98,1,0
matched,"A2 sensitivity, detector",A2-detector-c09-12-s1,19,detector,61.94,9,9.09,9,18.95,8,100,1,0
matched,"A2 sensitivity, detector",A2-detector-c09-12-s1,20,detector,62.51,9,9.47,9,19.29,7,99,1,0
matched,"A2 sensitivity, detector",A2-detector-c09-12-s1,21,detector,56.61,9,8.05,9,18.30,7,100,1,0
matched,"A2 sensitivity, detector",A2-detector-c09-12-s1,22,detector,56.65,9,9.27,9,19.52,5,97,1,0
matched,"A2 sensitivity, detector",A2-detector-c09-12-s1,23,detector,60.97,9,8.77,9,18.70,12,98,1,0
matched,"A2 sensitivity, detector",A2-detector-c09-12-s1,24,detector,56.15,9,8.15,9,18.44,6,96,1,0
matched,"A2 sensitivity, detector",A2-detector-c09-12-s1,25,detector,58.19,9,9.99,9,20.12,6,99,1,0
matched,"A2 sensitivity, detector",A2-detector-c09-12-s1,26,detector,52.39,9,8.54,9,19.13,4,99,1,0
matched,"A2 sensitivity, detector",A2-detector-c09-12-s1,27,detector,54.85,9,8.37,9,18.76,8,97,1,0
matched,"A2 sensitivity, detector",A2-detector-c09-12-s1,28,detector,50.93,9,9.42,9,20.13,7,100,1,0
matched,"A2 sensitivity, detector",A2-detector-c09-12-s1,29,detector,60.04,9,9.49,9,19.49,5,100,1,0
matched,"A2 sensitivity, detector",A2-detector-c09-12-s1,30,detector,59.13,9,8.90,9,18.96,10,99,1,0
matched,"A2 sensitivity, detector",A2-detector-c09-12-s1,31,detector,51.94,9,9.83,9,20.46,6,101,1,0
matched,"A2 sensitivity, detector",A2-detector-c09-13-s1,0,detector,54.64,9,9.09,9,19.50,5,100,1,0
matched,"A2 sensitivity, detector",A2-detector-c09-13-s1,1,detector,54.19,9,8.72,9,19.16,8,99,1,0
matched,"A2 sensitivity, detector",A2-detector-c09-13-s1,2,detector,61.07,9,8.43,9,18.35,6,99,1,0
matched,"A2 sensitivity, detector",A2-detector-c09-13-s1,3,detector,55.42,9,10.41,10,20.75,6,100,1,0
matched,"A2 sensitivity, detector",A2-detector-c09-13-s1,4,detector,61.84,9,9.03,9,18.90,4,99,1,0
matched,"A2 sensitivity, detector",A2-detector-c09-13-s1,5,detector,54.08,9,10.71,10,21.16,9,100,1,0
matched,"A2 sensitivity, detector",A2-detector-c09-13-s1,6,detector,51.65,9,8.24,9,18.89,5,99,1,0
matched,"A2 sensitivity, detector",A2-detector-c09-13-s1,7,detector,55.14,9,11.39,10,21.76,6,99,1,0
matched,"A2 sensitivity, detector",A2-detector-c09-13-s1,8,detector,52.57,9,9.45,9,20.02,7,101,1,0
matched,"A2 sensitivity, detector",A2-detector-c09-13-s1,9,detector,57.70,9,10.67,10,20.84,6,100,1,0
matched,"A2 sensitivity, detector",A2-detector-c09-13-s1,10,detector,56.93,9,9.30,9,19.53,6,100,1,0
matched,"A2 sensitivity, detector",A2-detector-c09-13-s1,11,detector,54.67,9,11.99,10,22.39,10,100,1,0
matched,"A2 sensitivity, detector",A2-detector-c09-13-s1,12,detector,51.95,9,8.86,9,19.49,7,97,1,0
matched,"A2 sensitivity, detector",A2-detector-c09-13-s1,13,detector,61.47,9,10.90,10,20.79,6,100,1,0
matched,"A2 sensitivity, detector",A2-detector-c09-13-s1,14,detector,51.22,9,11.79,10,22.48,6,99,1,0
matched,"A2 sensitivity, detector",A2-detector-c09-13-s1,15,detector,61.87,9,11.09,10,20.96,7,100,1,0
matched,"A2 sensitivity, detector",A2-detector-c09-13-s1,16,detector,53.51,9,10.79,10,21.29,10,104,1,0
matched,"A2 sensitivity, detector",A2-detector-c09-13-s1,17,detector,63.18,9,9.43,9,19.21,8,102,1,0
matched,"A2 sensitivity, detector",A2-detector-c09-13-s1,18,detector,62.39,9,9.96,9,19.79,8,101,1,0
matched,"A2 sensitivity, detector",A2-detector-c09-13-s1,19,detector,56.66,9,8.05,9,18.30,12,99,1,0
matched,"A2 sensitivity, detector",A2-detector-c09-13-s1,20,detector,52.32,9,10.44,10,21.03,5,102,1,0
matched,"A2 sensitivity, detector",A2-detector-c09-13-s1,21,detector,51.65,9,9.90,9,20.55,7,99,1,0
matched,"A2 sensitivity, detector",A2-detector-c09-13-s1,22,detector,55.01,9,10.22,10,20.60,7,100,1,0
matched,"A2 sensitivity, detector",A2-detector-c09-13-s1,23,detector,51.25,9,8.16,9,18.84,4,101,1,0
matched,"A2 sensitivity, detector",A2-detector-c09-13-s1,24,detector,58.37,9,11.13,10,21.25,8,98,1,0
matched,"A2 sensitivity, detector",A2-detector-c09-13-s1,25,detector,57.44,9,11.51,10,21.70,7,98,1,0
matched,"A2 sensitivity, detector",A2-detector-c09-13-s1,26,detector,56.30,9,9.30,9,19.58,7,98,1,0
matched,"A2 sensitivity, detector",A2-detector-c09-13-s1,27,detector,54.32,9,10.65,10,21.08,6,97,1,0
matched,"A2 sensitivity, detector",A2-detector-c09-13-s1,28,detector,53.85,9,11.16,10,21.63,5,100,1,0
matched,"A2 sensitivity, detector",A2-detector-c09-13-s1,29,detector,62.14,9,10.48,10,20.33,6,99,1,0
matched,"A2 sensitivity, detector",A2-detector-c09-13-s1,30,detector,58.15,9,9.40,9,19.54,5,98,1,0
matched,"A2 sensitivity, detector",A2-detector-c09-13-s1,31,detector,57.63,9,9.23,9,19.41,7,100,1,0
matched,"A2 sensitivity, detector",A2-detector-c09-14-s1,0,detector,60.71,9,11.64,10,21.59,9,98,1,0
matched,"A2 sensitivity, detector",A2-detector-c09-14-s1,1,detector,56.52,9,11.28,10,21.54,10,99,1,0
matched,"A2 sensitivity, detector",A2-detector-c09-14-s1,2,detector,63.03,9,10.28,10,20.07,6,99,1,0
matched,"A2 sensitivity, detector",A2-detector-c09-14-s1,3,detector,63.00,9,11.86,10,21.65,7,98,1,0
matched,"A2 sensitivity, detector",A2-detector-c09-14-s1,4,detector,53.39,9,11.87,10,22.38,6,99,1,0
matched,"A2 sensitivity, detector",A2-detector-c09-14-s1,5,detector,54.79,9,10.03,10,20.42,8,97,1,0
matched,"A2 sensitivity, detector",A2-detector-c09-14-s1,6,detector,55.94,9,10.71,10,21.01,6,99,1,0
matched,"A2 sensitivity, detector",A2-detector-c09-14-s1,7,detector,51.53,9,10.90,10,21.56,8,101,1,0
matched,"A2 sensitivity, detector",A2-detector-c09-14-s1,8,detector,62.86,9,10.11,10,19.91,6,99,1,0
matched,"A2 sensitivity, detector",A2-detector-c09-14-s1,9,detector,54.95,9,10.93,10,21.31,6,101,1,0
matched,"A2 sensitivity, detector",A2-detector-c09-14-s1,10,detector,63.25,9,11.50,10,21.27,11,101,1,0
matched,"A2 sensitivity, detector",A2-detector-c09-14-s1,11,detector,51.57,9,11.86,10,22.52,4,98,1,0
matched,"A2 sensitivity, detector",A2-detector-c09-14-s1,12,detector,58.16,9,10.98,10,21.12,7,99,1,0
matched,"A2 sensitivity, detector",A2-detector-c09-14-s1,13,detector,52.10,9,11.17,10,21.78,5,98,1,0
matched,"A2 sensitivity, detector",A2-detector-c09-14-s1,14,detector,56.11,9,11.88,10,22.17,6,98,1,0
matched,"A2 sensitivity, detector",A2-detector-c09-14-s1,15,detector,56.51,9,11.11,10,21.37,5,99,1,0
matched,"A2 sensitivity, detector",A2-detector-c09-14-s1,16,detector,52.30,9,11.84,10,22.44,5,101,1,0
matched,"A2 sensitivity, detector",A2-detector-c09-14-s1,17,detector,57.65,9,11.74,10,21.91,6,99,1,0
matched,"A2 sensitivity, detector",A2-detector-c09-14-s1,18,detector,54.09,9,10.94,10,21.39,6,100,1,0
matched,"A2 sensitivity, detector",A2-detector-c09-14-s1,19,detector,57.35,9,10.61,10,20.81,9,100,1,0
matched,"A2 sensitivity, detector",A2-detector-c09-14-s1,20,detector,51.02,9,10.27,10,20.97,5,98,1,0
matched,"A2 sensitivity, detector",A2-detector-c09-14-s1,21,detector,59.50,9,10.99,10,21.03,5,102,1,0
matched,"A2 sensitivity, detector",A2-detector-c09-14-s1,22,detector,58.11,9,10.72,10,20.86,6,99,1,0
matched,"A2 sensitivity, detector",A2-detector-c09-14-s1,23,detector,57.95,9,11.88,10,22.03,8,102,1,0
matched,"A2 sensitivity, detector",A2-detector-c09-14-s1,24,detector,52.66,9,10.96,10,21.53,6,101,1,0
matched,"A2 sensitivity, detector",A2-detector-c09-14-s1,25,detector,55.44,9,10.70,10,21.04,6,101,1,0
matched,"A2 sensitivity, detector",A2-detector-c09-14-s1,26,detector,63.53,9,10.64,10,20.39,13,99,1,0
matched,"A2 sensitivity, detector",A2-detector-c09-14-s1,27,detector,53.65,9,11.74,10,22.23,4,98,1,0
matched,"A2 sensitivity, detector",A2-detector-c09-14-s1,28,detector,52.59,9,11.71,10,22.28,5,102,1,0
matched,"A2 sensitivity, detector",A2-detector-c09-14-s1,29,detector,55.52,9,11.61,10,21.95,10,102,1,0
matched,"A2 sensitivity, detector",A2-detector-c09-14-s1,30,detector,59.83,9,10.57,10,20.58,10,101,1,0
matched,"A2 sensitivity, detector",A2-detector-c09-14-s1,31,detector,62.81,9,11.98,10,21.78,9,98,1,0
matched,"A2 sensitivity, detector",A2-detector-c09-15-s1,0,detector,60.54,9,13.52,11,23.48,6,101,1,0
matched,"A2 sensitivity, detector",A2-detector-c09-15-s1,1,detector,59.00,9,13.57,11,23.64,6,98,1,0
matched,"A2 sensitivity, detector",A2-detector-c09-15-s1,2,detector,61.75,9,12.54,11,22.42,8,101,1,0
matched,"A2 sensitivity, detector",A2-detector-c09-15-s1,3,detector,52.03,9,12.07,11,22.69,15,99,1,0
matched,"A2 sensitivity, detector",A2-detector-c09-15-s1,4,detector,61.34,9,12.61,11,22.51,7,102,1,0
matched,"A2 sensitivity, detector",A2-detector-c09-15-s1,5,detector,52.47,9,13.52,11,24.10,4,100,1,0
matched,"A2 sensitivity, detector",A2-detector-c09-15-s1,6,detector,58.87,9,13.17,11,23.25,6,99,1,0
matched,"A2 sensitivity, detector",A2-detector-c09-15-s1,7,detector,51.47,9,12.20,11,22.87,8,97,1,0
matched,"A2 sensitivity, detector",A2-detector-c09-15-s1,8,detector,58.14,9,13.44,11,23.58,9,100,1,0
matched,"A2 sensitivity, detector",A2-detector-c09-15-s1,9,detector,59.83,9,12.04,11,22.05,5,100,1,0
matched,"A2 sensitivity, detector",A2-detector-c09-15-s1,10,detector,55.97,9,13.50,11,23.80,6,100,1,0
matched,"A2 sensitivity, detector",A2-detector-c09-15-s1,11,detector,60.35,9,12.77,11,22.74,6,99,1,0
matched,"A2 sensitivity, detector",A2-detector-c09-15-s1,12,detector,58.77,9,12.00,11,22.09,10,99,1,0
matched,"A2 sensitivity, detector",A2-detector-c09-15-s1,13,detector,61.69,9,14.00,11,23.88,7,99,1,0
matched,"A2 sensitivity, detector",A2-detector-c09-15-s1,14,detector,51.30,9,13.13,11,23.81,6,102,1,0
matched,"A2 sensitivity, detector",A2-detector-c09-15-s1,15,detector,55.92,9,13.57,11,23.88,6,101,1,0
matched,"A2 sensitivity, detector",A2-detector-c09-15-s1,16,detector,58.95,9,13.19,11,23.27,4,99,1,0
matched,"A2 sensitivity, detector",A2-detector-c09-15-s1,17,detector,57.16,9,12.37,11,22.58,7,102,1,0
matched,"A2 sensitivity, detector",A2-detector-c09-15-s1,18,detector,57.86,9,12.04,11,22.20,6,101,1,0
matched,"A2 sensitivity, detector",A2-detector-c09-15-s1,19,detector,57.05,9,12.34,11,22.56,4,101,1,0
matched,"A2 sensitivity, detector",A2-detector-c09-15-s1,20,detector,55.35,9,13.43,11,23.78,5,100,1,0
matched,"A2 sensitivity, detector",A2-detector-c09-15-s1,21,detector,58.69,9,13.77,11,23.87,14,99,1,0
matched,"A2 sensitivity, detector",A2-detector-c09-15-s1,22,detector,58.78,9,12.86,11,22.95,11,99,1,0
matched,"A2 sensitivity, detector",A2-detector-c09-15-s1,23,detector,55.56,9,12.58,11,22.91,6,97,1,0
matched,"A2 sensitivity, detector",A2-detector-c09-15-s1,24,detector,55.11,9,12.48,11,22.85,5,101,1,0
matched,"A2 sensitivity, detector",A2-detector-c09-15-s1,25,detector,56.42,9,13.71,11,23.98,7,102,1,0
matched,"A2 sensitivity, detector",A2-detector-c09-15-s1,26,detector,53.07,9,13.57,11,24.10,7,101,1,0
matched,"A2 sensitivity, detector",A2-detector-c09-15-s1,27,detector,54.43,9,13.99,11,24.41,3,101,1,0
matched,"A2 sensitivity, detector",A2-detector-c09-15-s1,28,detector,59.06,9,13.35,11,23.42,6,100,1,0
matched,"A2 sensitivity, detector",A2-detector-c09-15-s1,29,detector,63.42,9,12.34,11,22.10,9,101,1,0
matched,"A2 sensitivity, detector",A2-detector-c09-15-s1,30,detector,56.14,9,12.23,11,22.52,4,101,1,0
matched,"A2 sensitivity, detector",A2-detector-c09-15-s1,31,detector,61.08,9,13.19,11,23.11,8,98,1,0
matched,"A2 sensitivity, detector",A2-detector-c09-16-s1,0,detector,61.63,9,14.46,12,24.34,8,99,1,0
matched,"A2 sensitivity, detector",A2-detector-c09-16-s1,1,detector,58.89,9,14.17,12,24.25,4,98,1,0
matched,"A2 sensitivity, detector",A2-detector-c09-16-s1,2,detector,61.81,9,15.70,12,25.57,4,99,1,0
matched,"A2 sensitivity, detector",A2-detector-c09-16-s1,3,detector,56.55,9,15.19,12,25.45,6,95,1,0
matched,"A2 sensitivity, detector",A2-detector-c09-16-s1,4,detector,60.82,9,13.95,11,23.89,12,101,1,0
matched,"A2 sensitivity, detector",A2-detector-c09-16-s1,5,detector,59.16,9,12.91,11,22.97,7,101,1,0
matched,"A2 sensitivity, detector",A2-detector-c09-16-s1,6,detector,52.75,9,12.36,11,22.92,12,101,1,0
matched,"A2 sensitivity, detector",A2-detector-c09-16-s1,7,detector,58.37,9,13.16,11,23.28,7,99,1,0
matched,"A2 sensitivity, detector",A2-detector-c09-16-s1,8,detector,52.23,9,14.19,12,24.79,8,99,1,0
matched,"A2 sensitivity, detector",A2-detector-c09-16-s1,9,detector,58.39,9,15.02,12,25.14,6,100,1,0
matched,"A2 sensitivity, detector",A2-detector-c09-16-s1,10,detector,60.62,9,12.65,11,22.61,6,101,1,0
matched,"A2 sensitivity, detector",A2-detector-c09-16-s1,11,detector,58.17,9,14.55,12,24.68,8,101,1,0
matched,"A2 sensitivity, detector",A2-detector-c09-16-s1,12,detector,63.36,9,15.64,12,25.40,7,99,1,0
matched,"A2 sensitivity, detector",A2-detector-c09-16-s1,13,detector,51.81,9,13.47,11,24.11,6,99,1,0
matched,"A2 sensitivity, detector",A2-detector-c09-16-s1,14,detector,54.33,9,13.65,11,24.08,26,98,1,0
matched,"A2 sensitivity, detector",A2-detector-c09-16-s1,15,detector,56.73,9,12.41,11,22.65,5,103,1,0
matched,"A2 sensitivity, detector",A2-detector-c09-16-s1,16,detector,55.34,9,13.17,11,23.52,7,102,1,0
matched,"A2 sensitivity, detector",A2-detector-c09-16-s1,17,detector,58.39,9,15.56,12,25.68,5,98,1,0
matched,"A2 sensitivity, detector",A2-detector-c09-16-s1,18,detector,50.55,9,12.56,11,23.30,6,99,1,0
matched,"A2 sensitivity, detector",A2-detector-c09-16-s1,19,detector,52.86,9,13.74,11,24.29,5,98,1,0
matched,"A2 sensitivity, detector",A2-detector-c09-16-s1,20,detector,57.36,9,15.49,12,25.69,7,101,1,0
matched,"A2 sensitivity, detector",A2-detector-c09-16-s1,21,detector,50.94,9,12.16,11,22.87,5,98,1,0
matched,"A2 sensitivity, detector",A2-detector-c09-16-s1,22,detector,57.29,9,13.86,11,24.06,5,101,1,0
matched,"A2 sensitivity, detector",A2-detector-c09-16-s1,23,detector,56.43,9,14.73,12,25.00,3,98,1,0
matched,"A2 sensitivity, detector",A2-detector-c09-16-s1,24,detector,58.96,9,14.24,12,24.32,6,99,1,0
matched,"A2 sensitivity, detector",A2-detector-c09-16-s1,25,detector,50.66,9,12.09,11,22.82,8,101,1,0
matched,"A2 sensitivity, detector",A2-detector-c09-16-s1,26,detector,52.85,9,15.61,12,26.16,8,98,1,0
matched,"A2 sensitivity, detector",A2-detector-c09-16-s1,27,detector,59.97,9,14.82,12,24.82,8,100,1,0
matched,"A2 sensitivity, detector",A2-detector-c09-16-s1,28,detector,54.49,9,12.23,11,22.65,7,99,1,0
matched,"A2 sensitivity, detector",A2-detector-c09-16-s1,29,detector,54.14,9,14.10,12,24.55,7,102,1,0
matched,"A2 sensitivity, detector",A2-detector-c09-16-s1,30,detector,54.24,9,15.00,12,25.44,4,101,1,0
matched,"A2 sensitivity, detector",A2-detector-c09-16-s1,31,detector,55.15,9,12.47,11,22.84,6,98,1,0
matched,"A2 sensitivity, detector",A2-detector-c09-17-s1,0,detector,56.83,9,14.72,12,24.96,5,101,1,0
matched,"A2 sensitivity, detector",A2-detector-c09-17-s1,1,detector,52.46,9,15.68,12,26.26,7,98,1,0
matched,"A2 sensitivity, detector",A2-detector-c09-17-s1,2,detector,53.77,9,14.95,12,25.43,9,102,1,0
matched,"A2 sensitivity, detector",A2-detector-c09-17-s1,3,detector,53.84,9,15.72,12,26.19,7,100,1,0
matched,"A2 sensitivity, detector",A2-detector-c09-17-s1,4,detector,56.29,9,14.50,12,24.78,4,99,1,0
matched,"A2 sensitivity, detector",A2-detector-c09-17-s1,5,detector,61.04,9,15.44,12,25.37,6,98,1,0
matched,"A2 sensitivity, detector",A2-detector-c09-17-s1,6,detector,56.87,9,14.80,12,25.03,5,103,1,0
matched,"A2 sensitivity, detector",A2-detector-c09-17-s1,7,detector,54.80,9,15.07,12,25.46,8,102,1,0
matched,"A2 sensitivity, detector",A2-detector-c09-17-s1,8,detector,58.19,9,15.86,12,25.99,7,101,1,0
matched,"A2 sensitivity, detector",A2-detector-c09-17-s1,9,detector,60.76,9,14.40,12,24.35,8,98,1,0
matched,"A2 sensitivity, detector",A2-detector-c09-17-s1,10,detector,52.20,9,14.22,12,24.82,5,100,1,0
matched,"A2 sensitivity, detector",A2-detector-c09-17-s1,11,detector,56.20,9,15.86,12,26.14,7,100,1,0
matched,"A2 sensitivity, detector",A2-detector-c09-17-s1,12,detector,62.57,9,14.61,12,24.43,8,98,1,0
matched,"A2 sensitivity, detector",A2-detector-c09-17-s1,13,detector,59.12,9,15.85,12,25.91,12,99,1,0
matched,"A2 sensitivity, detector",A2-detector-c09-17-s1,14,detector,51.12,9,15.40,12,26.10,13,99,1,0
matched,"A2 sensitivity, detector",A2-detector-c09-17-s1,15,detector,51.46,9,14.04,12,24.71,5,100,1,0
matched,"A2 sensitivity, detector",A2-detector-c09-17-s1,16,detector,51.05,9,14.26,12,24.96,31,104,1,0
matched,"A2 sensitivity, detector",A2-detector-c09-17-s1,17,detector,57.29,9,14.98,12,25.18,10,100,1,0
matched,"A2 sensitivity, detector",A2-detector-c09-17-s1,18,detector,53.69,9,14.74,12,25.22,7,99,1,0
matched,"A2 sensitivity, detector",A2-detector-c09-17-s1,19,detector,56.49,9,14.55,12,24.81,4,99,1,0
matched,"A2 sensitivity, detector",A2-detector-c09-17-s1,20,detector,52.61,9,15.07,12,25.64,8,101,1,0
matched,"A2 sensitivity, detector",A2-detector-c09-17-s1,21,detector,56.53,9,15.27,12,25.53,6,99,1,0
matched,"A2 sensitivity, detector",A2-detector-c09-17-s1,22,detector,57.16,9,15.13,12,25.34,5,101,1,0
matched,"A2 sensitivity, detector",A2-detector-c09-17-s1,23,detector,53.01,9,15.41,12,25.95,6,98,1,0
matched,"A2 sensitivity, detector",A2-detector-c09-17-s1,24,detector,63.37,9,14.33,12,24.09,12,101,1,0
matched,"A2 sensitivity, detector",A2-detector-c09-17-s1,25,detector,55.27,9,14.91,12,25.27,5,101,1,0
matched,"A2 sensitivity, detector",A2-detector-c09-17-s1,26,detector,56.64,9,15.50,12,25.75,8,99,1,0
matched,"A2 sensitivity, detector",A2-detector-c09-17-s1,27,detector,62.40,9,14.24,12,24.07,9,98,1,0
matched,"A2 sensitivity, detector",A2-detector-c09-17-s1,28,detector,58.40,9,14.18,12,24.30,7,100,1,0
matched,"A2 sensitivity, detector",A2-detector-c09-17-s1,29,detector,63.10,9,14.90,12,24.68,6,98,1,0
matched,"A2 sensitivity, detector",A2-detector-c09-17-s1,30,detector,61.11,9,15.60,12,25.52,6,101,1,0
matched,"A2 sensitivity, detector",A2-detector-c09-17-s1,31,detector,54.63,9,15.79,12,26.20,6,98,1,0
matched,"A2 sensitivity, detector",A2-detector-c09-18-s1,0,detector,56.41,9,17.20,13,27.47,3,99,1,0
matched,"A2 sensitivity, detector",A2-detector-c09-18-s1,1,detector,51.90,9,17.73,13,28.36,6,101,1,0
matched,"A2 sensitivity, detector",A2-detector-c09-18-s1,2,detector,59.03,9,17.62,13,27.69,7,101,1,0
matched,"A2 sensitivity, detector",A2-detector-c09-18-s1,3,detector,63.54,9,16.48,13,26.23,11,100,1,0
matched,"A2 sensitivity, detector",A2-detector-c09-18-s1,4,detector,54.40,9,16.44,13,26.87,5,101,1,0
matched,"A2 sensitivity, detector",A2-detector-c09-18-s1,5,detector,51.82,9,16.73,13,27.37,4,99,1,0
matched,"A2 sensitivity, detector",A2-detector-c09-18-s1,6,detector,52.37,9,17.99,13,28.58,5,97,1,0
matched,"A2 sensitivity, detector",A2-detector-c09-18-s1,7,detector,54.84,9,16.68,13,27.07,6,99,1,0
matched,"A2 sensitivity, detector",A2-detector-c09-18-s1,8,detector,52.43,9,16.27,13,26.86,6,102,1,0
matched,"A2 sensitivity, detector",A2-detector-c09-18-s1,9,detector,62.90,9,17.52,13,27.32,6,98,1,0
matched,"A2 sensitivity, detector",A2-detector-c09-18-s1,10,detector,51.60,9,16.03,13,26.69,5,101,1,0
matched,"A2 sensitivity, detector",A2-detector-c09-18-s1,11,detector,53.18,9,16.71,13,27.23,8,101,1,0
matched,"A2 sensitivity, detector",A2-detector-c09-18-s1,12,detector,57.22,9,17.56,13,27.77,5,102,1,0
matched,"A2 sensitivity, detector",A2-detector-c09-18-s1,13,detector,53.61,9,17.12,13,27.61,5,99,1,0
matched,"A2 sensitivity, detector",A2-detector-c09-18-s1,14,detector,50.83,9,16.29,13,27.01,6,102,1,0
matched,"A2 sensitivity, detector",A2-detector-c09-18-s1,15,detector,52.50,9,16.39,13,26.97,5,99,1,0
matched,"A2 sensitivity, detector",A2-detector-c09-18-s1,16,detector,62.35,9,17.80,13,27.63,8,99,1,0
matched,"A2 sensitivity, detector",A2-detector-c09-18-s1,17,detector,56.26,9,16.40,13,26.68,9,100,1,0
matched,"A2 sensitivity, detector",A2-detector-c09-18-s1,18,detector,57.35,9,16.16,13,26.36,6,100,1,0
matched,"A2 sensitivity, detector",A2-detector-c09-18-s1,19,detector,61.25,9,16.91,13,26.82,6,101,1,0
matched,"A2 sensitivity, detector",A2-detector-c09-18-s1,20,detector,51.38,9,16.96,13,27.63,12,103,1,0
matched,"A2 sensitivity, detector",A2-detector-c09-18-s1,21,detector,60.88,9,17.29,13,27.23,7,101,1,0
matched,"A2 sensitivity, detector",A2-detector-c09-18-s1,22,detector,58.01,9,17.86,13,28.01,5,101,1,0
matched,"A2 sensitivity, detector",A2-detector-c09-18-s1,23,detector,62.09,9,16.24,13,26.09,7,101,1,0
matched,"A2 sensitivity, detector",A2-detector-c09-18-s1,24,detector,57.64,9,17.53,13,27.70,10,101,1,0
matched,"A2 sensitivity, detector",A2-detector-c09-18-s1,25,detector,51.70,9,16.50,13,27.15,7,99,1,0
matched,"A2 sensitivity, detector",A2-detector-c09-18-s1,26,detector,55.55,9,16.99,13,27.32,6,99,1,0
matched,"A2 sensitivity, detector",A2-detector-c09-18-s1,27,detector,57.18,9,17.88,13,28.09,11,98,1,0
matched,"A2 sensitivity, detector",A2-detector-c09-18-s1,28,detector,52.50,9,17.96,13,28.54,6,98,1,0
matched,"A2 sensitivity, detector",A2-detector-c09-18-s1,29,detector,57.32,9,17.79,13,27.99,5,99,1,0
matched,"A2 sensitivity, detector",A2-detector-c09-18-s1,30,detector,60.47,9,17.28,13,27.25,10,100,1,0
matched,"A2 sensitivity, detector",A2-detector-c09-18-s1,31,detector,54.62,9,17.15,13,27.56,5,99,1,0
matched,"A2 sensitivity, detector",A2-detector-c09-19-s1,0,detector,53.82,9,19.64,14,30.11,4,99,1,0
matched,"A2 sensitivity, detector",A2-detector-c09-19-s1,1,detector,57.07,9,19.88,14,30.10,5,101,1,0
matched,"A2 sensitivity, detector",A2-detector-c09-19-s1,2,detector,58.08,9,17.78,13,27.92,7,101,1,0
matched,"A2 sensitivity, detector",A2-detector-c09-19-s1,3,detector,62.89,9,19.84,14,29.64,13,101,1,0
matched,"A2 sensitivity, detector",A2-detector-c09-19-s1,4,detector,53.55,9,17.33,13,27.82,5,99,1,0
matched,"A2 sensitivity, detector",A2-detector-c09-19-s1,5,detector,57.79,9,16.30,13,26.46,6,99,1,0
matched,"A2 sensitivity, detector",A2-detector-c09-19-s1,6,detector,56.50,9,17.40,13,27.66,8,101,1,0
matched,"A2 sensitivity, detector",A2-detector-c09-19-s1,7,detector,55.24,9,19.92,14,30.28,10,100,1,0
matched,"A2 sensitivity, detector",A2-detector-c09-19-s1,8,detector,61.67,9,16.33,13,26.21,11,102,1,0
matched,"A2 sensitivity, detector",A2-detector-c09-19-s1,9,detector,61.20,9,18.42,14,28.33,6,102,1,0
matched,"A2 sensitivity, detector",A2-detector-c09-19-s1,10,detector,56.47,9,17.28,13,27.54,5,99,1,0
matched,"A2 sensitivity, detector",A2-detector-c09-19-s1,11,detector,63.01,9,19.58,14,29.37,6,101,1,0
matched,"A2 sensitivity, detector",A2-detector-c09-19-s1,12,detector,57.30,9,16.89,13,27.09,6,101,1,0
matched,"A2 sensitivity, detector",A2-detector-c09-19-s1,13,detector,54.68,9,16.53,13,26.93,7,99,1,0
matched,"A2 sensitivity, detector",A2-detector-c09-19-s1,14,detector,57.80,9,18.86,14,29.02,5,99,1,0
matched,"A2 sensitivity, detector",A2-detector-c09-19-s1,15,detector,60.89,9,17.39,13,27.33,11,100,1,0
matched,"A2 sensitivity, detector",A2-detector-c09-19-s1,16,detector,53.09,9,17.54,13,28.07,7,103,1,0
matched,"A2 sensitivity, detector",A2-detector-c09-19-s1,17,detector,61.53,9,18.64,14,28.53,7,101,1,0
matched,"A2 sensitivity, detector",A2-detector-c09-19-s1,18,detector,51.19,9,19.22,14,29.91,6,101,1,0
matched,"A2 sensitivity, detector",A2-detector-c09-19-s1,19,detector,58.95,9,18.51,14,28.59,6,99,1,0
matched,"A2 sensitivity, detector",A2-detector-c09-19-s1,20,detector,54.22,9,19.20,14,29.64,8,98,1,0
matched,"A2 sensitivity, detector",A2-detector-c09-19-s1,21,detector,54.15,9,17.31,13,27.76,3,96,1,0
matched,"A2 sensitivity, detector",A2-detector-c09-19-s1,22,detector,63.01,9,16.73,13,26.52,9,98,1,0
matched,"A2 sensitivity, detector",A2-detector-c09-19-s1,23,detector,56.85,9,17.18,13,27.41,7,101,1,0
matched,"A2 sensitivity, detector",A2-detector-c09-19-s1,24,detector,58.44,9,18.65,14,28.76,7,100,1,0
matched,"A2 sensitivity, detector",A2-detector-c09-19-s1,25,detector,50.81,9,17.78,13,28.50,9,95,1,0
matched,"A2 sensitivity, detector",A2-detector-c09-19-s1,26,detector,55.23,9,16.76,13,27.12,6,99,1,0
matched,"A2 sensitivity, detector",A2-detector-c09-19-s1,27,detector,55.18,9,19.00,14,29.36,5,100,1,0
matched,"A2 sensitivity, detector",A2-detector-c09-19-s1,28,detector,58.00,9,16.10,13,26.25,7,98,1,0
matched,"A2 sensitivity, detector",A2-detector-c09-19-s1,29,detector,62.33,9,18.62,14,28.45,6,100,1,0
matched,"A2 sensitivity, detector",A2-detector-c09-19-s1,30,detector,55.71,9,18.57,14,28.89,6,99,1,0
matched,"A2 sensitivity, detector",A2-detector-c09-19-s1,31,detector,56.75,9,18.21,14,28.45,8,99,1,0
matched,"A2 sensitivity, detector",A2-detector-c09-20-s1,0,detector,62.17,9,19.61,14,29.46,7,100,1,0
matched,"A2 sensitivity, detector",A2-detector-c09-20-s1,1,detector,59.86,9,19.12,14,29.13,6,100,1,0
matched,"A2 sensitivity, detector",A2-detector-c09-20-s1,2,detector,52.24,9,19.37,14,29.97,5,100,1,0
matched,"A2 sensitivity, detector",A2-detector-c09-20-s1,3,detector,57.20,9,19.80,14,30.01,5,99,1,0
matched,"A2 sensitivity, detector",A2-detector-c09-20-s1,4,detector,54.46,9,18.26,14,28.68,9,100,1,0
matched,"A2 sensitivity, detector",A2-detector-c09-20-s1,5,detector,50.60,9,19.63,14,30.37,7,99,1,0
matched,"A2 sensitivity, detector",A2-detector-c09-20-s1,6,detector,62.66,9,18.73,14,28.54,6,102,1,0
matched,"A2 sensitivity, detector",A2-detector-c09-20-s1,7,detector,56.61,9,19.23,14,29.48,11,99,1,0
matched,"A2 sensitivity, detector",A2-detector-c09-20-s1,8,detector,54.92,9,18.63,14,29.01,7,99,1,0
matched,"A2 sensitivity, detector",A2-detector-c09-20-s1,9,detector,56.77,9,18.16,14,28.40,4,97,1,0
matched,"A2 sensitivity, detector",A2-detector-c09-20-s1,10,detector,52.32,9,19.31,14,29.90,7,102,1,0
matched,"A2 sensitivity, detector",A2-detector-c09-20-s1,11,detector,62.26,9,18.13,14,27.97,5,100,1,0
matched,"A2 sensitivity, detector",A2-detector-c09-20-s1,12,detector,57.15,9,18.19,14,28.40,10,101,1,0
matched,"A2 sensitivity, detector",A2-detector-c09-20-s1,13,detector,56.85,9,18.85,14,29.08,6,101,1,0
matched,"A2 sensitivity, detector",A2-detector-c09-20-s1,14,detector,52.58,9,18.51,14,29.08,9,102,1,0
matched,"A2 sensitivity, detector",A2-detector-c09-20-s1,15,detector,60.34,9,18.26,14,28.24,5,100,1,0
matched,"A2 sensitivity, detector",A2-detector-c09-20-s1,16,detector,51.25,9,18.52,14,29.20,5,99,1,0
matched,"A2 sensitivity, detector",A2-detector-c09-20-s1,17,detector,57.22,9,19.04,14,29.25,8,99,1,0
matched,"A2 sensitivity, detector",A2-detector-c09-20-s1,18,detector,58.46,9,18.60,14,28.71,7,100,1,0
matched,"A2 sensitivity, detector",A2-detector-c09-20-s1,19,detector,61.80,9,18.61,14,28.48,7,99,1,0
matched,"A2 sensitivity, detector",A2-detector-c09-20-s1,20,detector,50.97,9,18.01,14,28.72,8,102,1,0
matched,"A2 sensitivity, detector",A2-detector-c09-20-s1,21,detector,60.36,9,18.09,14,28.06,5,99,1,0
matched,"A2 sensitivity, detector",A2-detector-c09-20-s1,22,detector,63.25,9,19.39,14,29.16,4,101,1,0
matched,"A2 sensitivity, detector",A2-detector-c09-20-s1,23,detector,54.53,9,18.88,14,29.30,6,98,1,0
matched,"A2 sensitivity, detector",A2-detector-c09-20-s1,24,detector,50.62,9,19.66,14,30.40,6,99,1,0
matched,"A2 sensitivity, detector",A2-detector-c09-20-s1,25,detector,58.75,9,18.03,14,28.12,7,101,1,0
matched,"A2 sensitivity, detector",A2-detector-c09-20-s1,26,detector,53.06,9,19.65,14,30.18,4,100,1,0
matched,"A2 sensitivity, detector",A2-detector-c09-20-s1,27,detector,58.50,9,18.29,14,28.40,6,98,1,0
matched,"A2 sensitivity, detector",A2-detector-c09-20-s1,28,detector,59.87,9,19.12,14,29.13,9,100,1,0
matched,"A2 sensitivity, detector",A2-detector-c09-20-s1,29,detector,60.00,9,19.98,14,29.98,6,102,1,0
matched,"A2 sensitivity, detector",A2-detector-c09-20-s1,30,detector,51.82,9,19.53,14,30.17,5,99,1,0
matched,"A2 sensitivity, detector",A2-detector-c09-20-s1,31,detector,62.42,9,19.65,14,29.48,5,101,1,0
matched,"A2 sensitivity, detector",A2-detector-c10-0-s1,0,detector,73.21,10,-6.60,1,2.54,101,101,0,0
matched,"A2 sensitivity, detector",A2-detector-c10-0-s1,1,detector,71.04,10,-7.07,1,2.20,100,100,0,0
matched,"A2 sensitivity, detector",A2-detector-c10-0-s1,2,detector,75.13,10,-6.01,1,3.01,99,99,0,0
matched,"A2 sensitivity, detector",A2-detector-c10-0-s1,3,detector,74.13,10,-6.44,1,2.64,101,101,0,0
matched,"A2 sensitivity, detector",A2-detector-c10-0-s1,4,detector,68.49,10,-6.71,1,2.72,97,97,0,0
matched,"A2 sensitivity, detector",A2-detector-c10-0-s1,5,detector,79.66,10,-7.50,1,1.27,100,100,0,0
matched,"A2 sensitivity, detector",A2-detector-c10-0-s1,6,detector,77.57,10,-6.60,1,2.28,98,98,0,0
matched,"A2 sensitivity, detector",A2-detector-c10-0-s1,7,detector,75.29,10,-6.33,1,2.68,98,98,0,0
matched,"A2 sensitivity, detector",A2-detector-c10-0-s1,8,detector,79.07,10,-6.14,1,2.66,100,100,0,0
matched,"A2 sensitivity, detector",A2-detector-c10-0-s1,9,detector,78.74,10,-7.41,1,1.41,99,99,0,0
matched,"A2 sensitivity, detector",A2-detector-c10-0-s1,10,detector,76.89,10,-7.69,1,1.23,101,101,0,0
matched,"A2 sensitivity, detector",A2-detector-c10-0-s1,11,detector,75.54,10,-6.17,1,2.83,100,100,0,0
matched,"A2 sensitivity, detector",A2-detector-c10-0-s1,12,detector,72.16,10,-7.77,1,1.43,100,100,0,0
matched,"A2 sensitivity, detector",A2-detector-c10-0-s1,13,detector,64.53,10,-6.89,1,2.79,102,102,0,0
matched,"A2 sensitivity, detector",A2-detector-c10-0-s1,14,detector,67.19,10,-7.60,1,1.91,99,99,0,0
matched,"A2 sensitivity, detector",A2-detector-c10-0-s1,15,detector,64.11,10,-6.40,1,3.31,101,101,0,0
matched,"A2 sensitivity, detector",A2-detector-c10-0-s1,16,detector,64.66,10,-7.78,1,1.90,98,98,0,0
matched,"A2 sensitivity, detector",A2-detector-c10-0-s1,17,detector,71.44,10,-6.17,1,3.07,99,99,0,0
matched,"A2 sensitivity, detector",A2-detector-c10-0-s1,18,detector,69.75,10,-7.73,1,1.62,100,100,0,0
matched,"A2 sensitivity, detector",A2-detector-c10-0-s1,19,detector,78.82,10,-6.71,1,2.11,100,100,0,0
matched,"A2 sensitivity, detector",A2-detector-c10-0-s1,20,detector,71.96,10,-7.64,1,1.57,98,98,0,0
matched,"A2 sensitivity, detector",A2-detector-c10-0-s1,21,detector,69.48,10,-6.46,1,2.90,102,102,0,0
matched,"A2 sensitivity, detector",A2-detector-c10-0-s1,22,detector,73.23,10,-6.68,1,2.45,100,100,0,0
matched,"A2 sensitivity, detector",A2-detector-c10-0-s1,23,detector,66.03,10,-6.94,1,2.64,98,98,0,0
matched,"A2 sensitivity, detector",A2-detector-c10-0-s1,24,detector,72.15,10,-6.85,1,2.35,100,100,0,0
matched,"A2 sensitivity, detector",A2-detector-c10-0-s1,25,detector,69.64,10,-6.86,1,2.49,100,100,0,0
matched,"A2 sensitivity, detector",A2-detector-c10-0-s1,26,detector,73.95,10,-6.36,1,2.73,102,102,0,0
matched,"A2 sensitivity, detector",A2-detector-c10-0-s1,27,detector,76.18,10,-7.95,1,1.01,99,99,0,0
matched,"A2 sensitivity, detector",A2-detector-c10-0-s1,28,detector,67.33,10,-6.97,1,2.53,99,99,0,0
matched,"A2 sensitivity, detector",A2-detector-c10-0-s1,29,detector,68.06,10,-7.81,1,1.64,97,97,0,0
matched,"A2 sensitivity, detector",A2-detector-c10-0-s1,30,detector,71.47,10,-6.33,1,2.91,100,100,0,0
matched,"A2 sensitivity, detector",A2-detector-c10-0-s1,31,detector,64.61,10,-6.65,1,3.03,98,98,0,0
matched,"A2 sensitivity, detector",A2-detector-c10-1-s1,0,detector,70.98,10,-4.19,2,5.08,100,100,0,0
matched,"A2 sensitivity, detector",A2-detector-c10-1-s1,1,detector,65.99,10,-4.67,2,4.92,100,100,0,0
matched,"A2 sensitivity, detector",A2-detector-c10-1-s1,2,detector,68.99,10,-7.85,1,1.54,98,98,0,0
matched,"A2 sensitivity, detector",A2-detector-c10-1-s1,3,detector,76.91,10,-6.62,1,2.30,100,100,0,0
matched,"A2 sensitivity, detector",A2-detector-c10-1-s1,4,detector,69.76,10,-4.83,2,4.52,100,100,0,0
matched,"A2 sensitivity, detector",A2-detector-c10-1-s1,5,detector,72.36,10,-7.43,1,1.76,98,98,0,0
matched,"A2 sensitivity, detector",A2-detector-c10-1-s1,6,detector,74.59,10,-5.66,2,3.39,100,100,0,0
matched,"A2 sensitivity, detector",A2-detector-c10-1-s1,7,detector,71.53,10,-4.42,2,4.82,99,99,0,0
matched,"A2 sensitivity, detector",A2-detector-c10-1-s1,8,detector,78.86,10,-5.26,2,3.55,98,98,0,0
matched,"A2 sensitivity, detector",A2-detector-c10-1-s1,9,detector,77.51,10,-5.48,2,3.41,101,101,0,0
matched,"A2 sensitivity, detector",A2-detector-c10-1-s1,10,detector,66.14,10,-7.16,1,2.42,97,97,0,0
matched,"A2 sensitivity, detector",A2-detector-c10-1-s1,11,detector,67.98,10,-4.84,2,4.62,99,99,0,0
matched,"A2 sensitivity, detector",A2-detector-c10-1-s1,12,detector,65.88,10,-5.40,2,4.19,101,101,0,0
matched,"A2 sensitivity, detector",A2-detector-c10-1-s1,13,detector,75.74,10,-6.40,1,2.59,100,100,0,0
matched,"A2 sensitivity, detector",A2-detector-c10-1-s1,14,detector,67.61,10,-7.97,1,1.51,101,101,0,0
matched,"A2 sensitivity, detector",A2-detector-c10-1-s1,15,detector,63.55,10,-4.50,2,5.25,102,102,0,0
matched,"A2 sensitivity, detector",A2-detector-c10-1-s1,16,detector,65.01,10,-5.07,2,4.58,100,100,0,0
matched,"A2 sensitivity, detector",A2-detector-c10-1-s1,17,detector,65.62,10,-7.06,1,2.55,99,99,0,0
matched,"A2 sensitivity, detector",A2-detector-c10-1-s1,18,detector,76.10,10,-4.06,2,4.91,100,100,0,0
matched,"A2 sensitivity, detector",A2-detector-c10-1-s1,19,detector,76.18,10,-7.14,1,1.82,97,97,0,0
matched,"A2 sensitivity, detector",A2-detector-c10-1-s1,20,detector,70.33,10,-5.47,2,3.84,100,100,0,0
matched,"A2 sensitivity, detector",A2-detector-c10-1-s1,21,detector,68.28,10,-4.74,2,4.70,99,99,0,0
matched,"A2 sensitivity, detector",A2-detector-c10-1-s1,22,detector,76.03,10,-7.61,1,1.36,101,101,0,0
matched,"A2 sensitivity, detector",A2-detector-c10-1-s1,23,detector,72.67,10,-7.37,1,1.80,101,101,0,0
matched,"A2 sensitivity, detector",A2-detector-c10-1-s1,24,detector,64.24,10,-7.01,1,2.69,102,102,0,0
matched,"A2 sensitivity, detector",A2-detector-c10-1-s1,25,detector,77.48,10,-5.43,2,3.46,99,99,0,0
matched,"A2 sensitivity, detector",A2-detector-c10-1-s1,26,detector,74.17,10,-6.16,1,2.92,101,101,0,0
matched,"A2 sensitivity, detector",A2-detector-c10-1-s1,27,detector,79.44,10,-6.16,1,2.62,101,101,0,0
matched,"A2 sensitivity, detector",A2-detector-c10-1-s1,28,detector,66.19,10,-7.75,1,1.82,98,98,0,0
matched,"A2 sensitivity, detector",A2-detector-c10-1-s1,29,detector,78.13,10,-6.85,1,2.00,99,99,0,0
matched,"A2 sensitivity, detector",A2-detector-c10-1-s1,30,detector,73.95,10,-4.20,2,4.89,99,99,0,0
matched,"A2 sensitivity, detector",A2-detector-c10-1-s1,31,detector,70.46,10,-6.64,1,2.66,99,99,0,0
matched,"A2 sensitivity, detector",A2-detector-c10-2-s1,0,detector,66.20,10,-5.71,2,3.86,99,99,0,0
matched,"A2 sensitivity, detector",A2-detector-c10-2-s1,1,detector,76.54,10,-4.08,2,4.86,99,99,0,0
matched,"A2 sensitivity, detector",A2-detector-c10-2-s1,2,detector,64.35,10,-4.76,2,4.94,100,100,0,0
matched,"A2 sensitivity, detector",A2-detector-c10-2-s1,3,detector,76.82,10,-5.31,2,3.62,101,101,0,0
matched,"A2 sensitivity, detector",A2-detector-c10-2-s1,4,detector,74.79,10,-5.21,2,3.83,100,100,0,0
matched,"A2 sensitivity, detector",A2-detector-c10-2-s1,5,detector,77.39,10,-4.14,2,4.75,100,100,0,0
matched,"A2 sensitivity, detector",A2-detector-c10-2-s1,6,detector,77.82,10,-4.63,2,4.24,99,99,0,0
matched,"A2 sensitivity, detector",A2-detector-c10-2-s1,7,detector,71.95,10,-4.11,2,5.10,98,98,0,0
matched,"A2 sensitivity, detector",A2-detector-c10-2-s1,8,detector,65.39,10,-4.04,2,5.59,100,100,0,0
matched,"A2 sensitivity, detector",A2-detector-c10-2-s1,9,detector,73.66,10,-4.32,2,4.79,99,99,0,0
matched,"A2 sensitivity, detector",A2-detector-c10-2-s1,10,detector,79.78,10,-5.18,2,3.58,100,100,0,0
matched,"A2 sensitivity, detector",A2-detector-c10-2-s1,11,detector,65.51,10,-5.62,2,4.00,102,102,0,0
matched,"A2 sensitivity, detector",A2-detector-c10-2-s1,12,detector,77.67,10,-4.37,2,4.51,103,103,0,0
matched,"A2 sensitivity, detector",A2-detector-c10-2-s1,13,detector,68.15,10,-5.16,2,4.29,100,100,0,0
matched,"A2 sensitivity, detector",A2-detector-c10-2-s1,14,detector,75.60,10,-5.55,2,3.45,99,99,0,0
matched,"A2 sensitivity, detector",A2-detector-c10-2-s1,15,detector,76.06,10,-4.82,2,4.15,99,99,0,0
matched,"A2 sensitivity, detector",A2-detector-c10-2-s1,16,detector,69.98,10,-4.95,2,4.38,102,102,0,0
matched,"A2 sensitivity, detector",A2-detector-c10-2-s1,17,detector,64.96,10,-4.94,2,4.72,99,99,0,0
matched,"A2 sensitivity, detector",A2-detector-c10-2-s1,18,detector,78.81,10,-5.63,2,3.19,98,98,0,0
matched,"A2 sensitivity, detector",A2-detector-c10-2-s1,19,detector,64.42,10,-4.67,2,5.02,100,100,0,0
matched,"A2 sensitivity, detector",A2-detector-c10-2-s1,20,detector,75.22,10,-4.90,2,4.12,100,100,0,0
matched,"A2 sensitivity, detector",A2-detector-c10-2-s1,21,detector,78.45,10,-5.54,2,3.30,98,98,0,0
matched,"A2 sensitivity, detector",A2-detector-c10-2-s1,22,detector,78.12,10,-4.02,2,4.83,99,99,0,0
matched,"A2 sensitivity, detector",A2-detector-c10-2-s1,23,detector,63.57,10,-4.57,2,5.18,99,99,0,0
matched,"A2 sensitivity, detector",A2-detector-c10-2-s1,24,detector,73.93,10,-4.42,2,4.67,99,99,0,0
matched,"A2 sensitivity, detector",A2-detector-c10-2-s1,25,detector,69.53,10,-5.56,2,3.80,98,98,0,0
matched,"A2 sensitivity, detector",A2-detector-c10-2-s1,26,detector,78.22,10,-5.85,2,3.00,98,98,0,0
matched,"A2 sensitivity, detector",A2-detector-c10-2-s1,27,detector,69.70,10,-4.43,2,4.92,102,102,0,0
matched,"A2 sensitivity, detector",A2-detector-c10-2-s1,28,detector,65.78,10,-5.99,2,3.61,100,100,0,0
matched,"A2 sensitivity, detector",A2-detector-c10-2-s1,29,detector,75.79,10,-4.40,2,4.59,99,99,0,0
matched,"A2 sensitivity, detector",A2-detector-c10-2-s1,30,detector,68.00,10,-4.42,2,5.04,101,101,0,0
matched,"A2 sensitivity, detector",A2-detector-c10-2-s1,31,detector,72.52,10,-5.32,2,3.86,99,99,0,0
matched,"A2 sensitivity, detector",A2-detector-c10-3-s1,0,detector,65.45,10,-3.96,3,5.66,100,100,0,0
matched,"A2 sensitivity, detector",A2-detector-c10-3-s1,1,detector,77.92,10,-2.42,3,6.45,102,102,0,0
matched,"A2 sensitivity, detector",A2-detector-c10-3-s1,2,detector,79.84,10,-2.03,3,6.73,98,98,0,0
matched,"A2 sensitivity, detector",A2-detector-c10-3-s1,3,detector,72.09,10,-2.23,3,6.97,97,97,0,0
matched,"A2 sensitivity, detector",A2-detector-c10-3-s1,4,detector,71.41,10,-2.22,3,7.02,100,100,0,0
matched,"A2 sensitivity, detector",A2-detector-c10-3-s1,5,detector,78.47,10,-3.50,3,5.33,100,100,0,0
matched,"A2 sensitivity, detector",A2-detector-c10-3-s1,6,detector,75.67,10,-3.38,3,5.61,99,99,0,0
matched,"A2 sensitivity, detector",A2-detector-c10-3-s1,7,detector,72.37,10,-2.11,3,7.08,100,100,0,0
matched,"A2 sensitivity, detector",A2-detector-c10-3-s1,8,detector,74.18,10,-3.03,3,6.05,100,100,0,0
matched,"A2 sensitivity, detector",A2-detector-c10-3-s1,9,detector,66.85,10,-2.40,3,7.13,100,100,0,0
matched,"A2 sensitivity, detector",A2-detector-c10-3-s1,10,detector,71.32,10,-2.24,3,7.01,100,100,0,0
matched,"A2 sensitivity, detector",A2-detector-c10-3-s1,11,detector,70.29,10,-2.04,3,7.27,100,100,0,0
matched,"A2 sensitivity, detector",A2-detector-c10-3-s1,12,detector,63.83,10,-2.68,3,7.05,99,99,0,0
matched,"A2 sensitivity, detector",A2-detector-c10-3-s1,13,detector,77.21,10,-2.70,3,6.20,98,98,0,0
matched,"A2 sensitivity, detector",A2-detector-c10-3-s1,14,detector,65.59,10,-2.53,3,7.08,101,101,0,0
matched,"A2 sensitivity, detector",A2-detector-c10-3-s1,15,detector,73.56,10,-3.39,3,5.73,100,100,0,0
matched,"A2 sensitivity, detector",A2-detector-c10-3-s1,16,detector,64.42,10,-2.89,3,6.80,99,99,0,0
matched,"A2 sensitivity, detector",A2-detector-c10-3-s1,17,detector,76.71,10,-2.43,3,6.50,101,101,0,0
matched,"A2 sensitivity, detector",A2-detector-c10-3-s1,18,detector,68.80,10,-3.38,3,6.03,101,101,0,0
matched,"A2 sensitivity, detector",A2-detector-c10-3-s1,19,detector,79.09,10,-3.76,3,5.04,101,101,0,0
matched,"A2 sensitivity, detector",A2-detector-c10-3-s1,20,detector,77.76,10,-3.93,3,4.94,100,100,0,0
matched,"A2 sensitivity, detector",A2-detector-c10-3-s1,21,detector,76.54,10,-2.02,3,6.92,99,99,0,0
matched,"A2 sensitivity, detector",A2-detector-c10-3-s1,22,detector,64.96,10,-3.17,3,6.49,98,98,0,0
matched,"A2 sensitivity, detector",A2-detector-c10-3-s1,23,detector,74.92,10,-2.72,3,6.32,101,101,0,0
matched,"A2 sensitivity, detector",A2-detector-c10-3-s1,24,detector,67.61,10,-3.58,3,5.90,101,101,0,0
matched,"A2 sensitivity, detector",A2-detector-c10-3-s1,25,detector,66.10,10,-2.12,3,7.46,98,98,0,0
matched,"A2 sensitivity, detector",A2-detector-c10-3-s1,26,detector,71.50,10,-3.55,3,5.69,103,103,0,0
matched,"A2 sensitivity, detector",A2-detector-c10-3-s1,27,detector,69.86,10,-3.48,3,5.86,100,100,0,0
matched,"A2 sensitivity, detector",A2-detector-c10-3-s1,28,detector,69.56,10,-3.79,3,5.57,102,102,0,0
matched,"A2 sensitivity, detector",A2-detector-c10-3-s1,29,detector,65.95,10,-2.10,3,7.49,100,100,0,0
matched,"A2 sensitivity, detector",A2-detector-c10-3-s1,30,detector,73.25,10,-2.52,3,6.61,98,98,0,0
matched,"A2 sensitivity, detector",A2-detector-c10-3-s1,31,detector,67.69,10,-2.25,3,7.23,100,100,0,0
matched,"A2 sensitivity, detector",A2-detector-c10-4-s1,0,detector,77.76,10,-2.67,3,6.20,100,100,0,0
matched,"A2 sensitivity, detector",A2-detector-c10-4-s1,1,detector,66.70,10,-0.87,4,8.67,88,100,1,0
matched,"A2 sensitivity, detector",A2-detector-c10-4-s1,2,detector,63.65,10,-1.49,4,8.25,100,100,0,0
matched,"A2 sensitivity, detector",A2-detector-c10-4-s1,3,detector,66.40,10,-3.20,3,6.36,97,97,0,0
matched,"A2 sensitivity, detector",A2-detector-c10-4-s1,4,detector,65.35,10,-1.17,4,8.46,101,101,1,0
matched,"A2 sensitivity, detector",A2-detector-c10-4-s1,5,detector,74.06,10,-1.68,4,7.41,89,102,1,0
matched,"A2 sensitivity, detector",A2-detector-c10-4-s1,6,detector,71.85,10,-3.81,3,5.41,97,97,0,0
matched,"A2 sensitivity, detector",A2-detector-c10-4-s1,7,detector,76.57,10,-3.23,3,5.71,98,98,0,0
matched,"A2 sensitivity, detector",A2-detector-c10-4-s1,8,detector,74.82,10,-0.86,4,8.18,103,103,1,0
matched,"A2 sensitivity, detector",A2-detector-c10-4-s1,9,detector,68.84,10,-3.45,3,5.95,98,98,0,0
matched,"A2 sensitivity, detector",A2-detector-c10-4-s1,10,detector,67.33,10,-3.55,3,5.95,99,99,0,0
matched,"A2 sensitivity, detector",A2-detector-c10-4-s1,11,detector,78.10,10,-3.27,3,5.59,100,100,0,0
matched,"A2 sensitivity, detector",A2-detector-c10-4-s1,12,detector,66.26,10,-3.54,3,6.03,101,101,0,0
matched,"A2 sensitivity, detector",A2-detector-c10-4-s1,13,detector,64.06,10,-3.84,3,5.88,101,101,0,0
matched,"A2 sensitivity, detector",A2-detector-c10-4-s1,14,detector,76.54,10,-0.50,4,8.44,101,101,1,0
matched,"A2 sensitivity, detector",A2-detector-c10-4-s1,15,detector,76.33,10,-1.54,4,7.41,99,99,1,0
matched,"A2 sensitivity, detector",A2-detector-c10-4-s1,16,detector,77.44,10,-2.32,3,6.57,100,100,1,0
matched,"A2 sensitivity, detector",A2-detector-c10-4-s1,17,detector,78.81,10,-2.95,3,5.87,100,100,1,0
matched,"A2 sensitivity, detector",A2-detector-c10-4-s1,18,detector,68.61,10,-2.61,3,6.81,100,100,0,0
matched,"A2 sensitivity, detector",A2-detector-c10-4-s1,19,detector,79.51,10,-0.50,4,8.28,100,100,1,0
matched,"A2 sensitivity, detector",A2-detector-c10-4-s1,20,detector,73.40,10,-3.83,3,5.29,98,98,0,0
matched,"A2 sensitivity, detector",A2-detector-c10-4-s1,21,detector,67.92,10,-1.20,4,8.26,81,99,1,0
matched,"A2 sensitivity, detector",A2-detector-c10-4-s1,22,detector,79.59,10,-0.66,4,8.11,100,100,1,0
matched,"A2 sensitivity, detector",A2-detector-c10-4-s1,23,detector,71.14,10,-1.48,4,7.78,98,98,0,0
matched,"A2 sensitivity, detector",A2-detector-c10-4-s1,24,detector,69.39,10,-2.33,3,7.04,98,98,0,0
matched,"A2 sensitivity, detector",A2-detector-c10-4-s1,25,detector,79.43,10,-0.48,4,8.30,99,99,1,0
matched,"A2 sensitivity, detector",A2-detector-c10-4-s1,26,detector,70.09,10,-3.75,3,5.57,100,100,0,0
matched,"A2 sensitivity, detector",A2-detector-c10-4-s1,27,detector,71.14,10,-1.44,4,7.82,98,98,0,0
matched,"A2 sensitivity, detector",A2-detector-c10-4-s1,28,detector,67.94,10,-1.72,4,7.74,99,99,0,0
matched,"A2 sensitivity, detector",A2-detector-c10-4-s1,29,detector,74.68,10,-1.29,4,7.76,99,99,1,0
matched,"A2 sensitivity, detector",A2-detector-c10-4-s1,30,detector,67.77,10,-2.22,3,7.25,98,98,0,0
matched,"A2 sensitivity, detector",A2-detector-c10-4-s1,31,detector,77.48,10,-0.81,4,8.08,99,99,0,0
matched,"A2 sensitivity, detector",A2-detector-c10-5-s1,0,detector,66.50,10,-0.47,4,9.08,99,99,1,0
matched,"A2 sensitivity, detector",A2-detector-c10-5-s1,1,detector,64.46,10,-0.22,4,9.47,98,98,1,0
matched,"A2 sensitivity, detector",A2-detector-c10-5-s1,2,detector,72.57,10,-1.40,4,7.77,100,100,1,0
matched,"A2 sensitivity, detector",A2-detector-c10-5-s1,3,detector,75.07,10,-1.41,4,7.62,102,102,0,0
matched,"A2 sensitivity, detector",A2-detector-c10-5-s1,4,detector,64.26,10,-1.18,4,8.52,99,99,1,0
matched,"A2 sensitivity, detector",A2-detector-c10-5-s1,5,detector,72.60,10,-1.39,4,7.78,99,99,1,0
matched,"A2 sensitivity, detector",A2-detector-c10-5-s1,6,detector,76.60,10,-0.64,4,8.30,100,100,1,0
matched,"A2 sensitivity, detector",A2-detector-c10-5-s1,7,detector,69.90,10,-0.31,4,9.03,100,100,1,0
matched,"A2 sensitivity, detector",A2-detector-c10-5-s1,8,detector,74.26,10,-0.56,4,8.51,96,99,1,0
matched,"A2 sensitivity, detector",A2-detector-c10-5-s1,9,detector,65.58,10,-0.80,4,8.81,98,98,1,0
matched,"A2 sensitivity, detector",A2-detector-c10-5-s1,10,detector,74.96,10,-0.63,4,8.40,98,99,1,0
matched,"A2 sensitivity, detector",A2-detector-c10-5-s1,11,detector,76.09,10,-1.35,4,7.62,99,99,0,0
matched,"A2 sensitivity, detector",A2-detector-c10-5-s1,12,detector,77.17,10,-1.83,4,7.08,100,100,0,0
matched,"A2 sensitivity, detector",A2-detector-c10-5-s1,13,detector,79.89,10,-1.72,4,7.04,99,99,0,0
matched,"A2 sensitivity, detector",A2-detector-c10-5-s1,14,detector,79.15,10,-0.49,4,8.31,96,101,1,0
matched,"A2 sensitivity, detector",A2-detector-c10-5-s1,15,detector,64.40,10,-1.55,4,8.14,100,100,0,0
matched,"A2 sensitivity, detector",A2-detector-c10-5-s1,16,detector,66.12,10,-0.88,4,8.70,94,98,1,0
matched,"A2 sensitivity, detector",A2-detector-c10-5-s1,17,detector,72.29,10,-0.78,4,8.41,100,100,1,0
matched,"A2 sensitivity, detector",A2-detector-c10-5-s1,18,detector,64.57,10,-1.54,4,8.14,98,99,1,0
matched,"A2 sensitivity, detector",A2-detector-c10-5-s1,19,detector,70.26,10,-1.96,4,7.35,100,100,0,0
matched,"A2 sensitivity, detector",A2-detector-c10-5-s1,20,detector,78.80,10,-0.57,4,8.25,83,98,1,0
matched,"A2 sensitivity, detector",A2-detector-c10-5-s1,21,detector,79.12,10,-1.29,4,7.51,100,100,0,0
matched,"A2 sensitivity, detector",A2-detector-c10-5-s1,22,detector,76.40,10,-0.02,4,8.93,78,101,1,0
matched,"A2 sensitivity, detector",A2-detector-c10-5-s1,23,detector,79.90,10,-1.70,4,7.06,99,99,0,0
matched,"A2 sensitivity, detector",A2-detector-c10-5-s1,24,detector,67.69,10,-0.06,4,9.42,100,100,1,0
matched,"A2 sensitivity, detector",A2-detector-c10-5-s1,25,detector,70.99,10,-0.88,4,8.39,81,99,1,0
matched,"A2 sensitivity, detector",A2-detector-c10-5-s1,26,detector,64.92,10,-1.39,4,8.27,102,102,1,0
matched,"A2 sensitivity, detector",A2-detector-c10-5-s1,27,detector,67.71,10,-1.78,4,7.69,101,101,0,0
matched,"A2 sensitivity, detector",A2-detector-c10-5-s1,28,detector,72.56,10,-1.62,4,7.55,102,102,1,0
matched,"A2 sensitivity, detector",A2-detector-c10-5-s1,29,detector,63.83,10,-0.75,4,8.98,99,99,1,0
matched,"A2 sensitivity, detector",A2-detector-c10-5-s1,30,detector,66.39,10,-1.98,4,7.58,100,100,1,0
matched,"A2 sensitivity, detector",A2-detector-c10-5-s1,31,detector,79.22,10,-1.43,4,7.36,100,100,0,0
matched,"A2 sensitivity, detector",A2-detector-c10-6-s1,0,detector,69.69,10,1.72,5,11.07,81,102,1,0
matched,"A2 sensitivity, detector",A2-detector-c10-6-s1,1,detector,77.30,10,1.59,5,10.49,76,102,1,0
matched,"A2 sensitivity, detector",A2-detector-c10-6-s1,2,detector,66.40,10,1.09,5,10.65,74,100,1,0
matched,"A2 sensitivity, detector",A2-detector-c10-6-s1,3,detector,67.76,10,0.08,5,9.55,101,101,1,0
matched,"A2 sensitivity, detector",A2-detector-c10-6-s1,4,detector,67.55,10,1.16,5,10.65,70,97,1,0
matched,"A2 sensitivity, detector",A2-detector-c10-6-s1,5,detector,74.06,10,0.97,5,10.06,78,99,1,0
matched,"A2 sensitivity, detector",A2-detector-c10-6-s1,6,detector,69.16,10,0.34,5,9.72,80,100,1,0
matched,"A2 sensitivity, detector",A2-detector-c10-6-s1,7,detector,63.64,10,1.13,5,10.87,81,102,1,0
matched,"A2 sensitivity, detector",A2-detector-c10-6-s1,8,detector,64.41,10,1.74,5,11.43,75,100,1,0
matched,"A2 sensitivity, detector",A2-detector-c10-6-s1,9,detector,73.76,10,0.80,5,9.90,80,98,1,0
matched,"A2 sensitivity, detector",A2-detector-c10-6-s1,10,detector,65.78,10,0.89,5,10.49,83,100,1,0
matched,"A2 sensitivity, detector",A2-detector-c10-6-s1,11,detector,65.95,10,0.27,5,9.86,98,101,1,0
matched,"A2 sensitivity, detector",A2-detector-c10-6-s1,12,detector,77.64,10,0.94,5,9.82,81,102,1,0
matched,"A2 sensitivity, detector",A2-detector-c10-6-s1,13,detector,68.12,10,0.17,5,9.62,98,101,1,0
matched,"A2 sensitivity, detector",A2-detector-c10-6-s1,14,detector,71.33,10,0.71,5,9.96,102,102,1,0
matched,"A2 sensitivity, detector",A2-detector-c10-6-s1,15,detector,69.05,10,1.07,5,10.46,74,102,1,0
matched,"A2 sensitivity, detector",A2-detector-c10-6-s1,16,detector,64.37,10,0.69,5,10.38,95,98,1,0
matched,"A2 sensitivity, detector",A2-detector-c10-6-s1,17,detector,70.14,10,0.78,5,10.10,69,101,1,0
matched,"A2 sensitivity, detector",A2-detector-c10-6-s1,18,detector,71.11,10,1.71,5,10.97,81,100,1,0
matched,"A2 sensitivity, detector",A2-detector-c10-6-s1,19,detector,65.48,10,0.95,5,10.57,61,100,1,0
matched,"A2 sensitivity, detector",A2-detector-c10-6-s1,20,detector,63.78,10,0.87,5,10.60,80,100,1,0
matched,"A2 sensitivity, detector",A2-detector-c10-6-s1,21,detector,67.93,10,1.84,5,11.30,69,101,1,0
matched,"A2 sensitivity, detector",A2-detector-c10-6-s1,22,detector,65.19,10,1.74,5,11.38,52,100,1,0
matched,"A2 sensitivity, detector",A2-detector-c10-6-s1,23,detector,63.74,10,0.17,5,9.91,82,98,1,0
matched,"A2 sensitivity, detector",A2-detector-c10-6-s1,24,detector,73.10,10,1.49,5,10.63,75,96,1,0
matched,"A2 sensitivity, detector",A2-detector-c10-6-s1,25,detector,64.43,10,1.01,5,10.70,73,98,1,0
matched,"A2 sensitivity, detector",A2-detector-c10-6-s1,26,detector,76.57,10,0.46,5,9.40,98,98,1,0
matched,"A2 sensitivity, detector",A2-detector-c10-6-s1,27,detector,76.00,10,1.26,5,10.23,71,99,1,0
matched,"A2 sensitivity, detector",A2-detector-c10-6-s1,28,detector,68.09,10,0.85,5,10.30,87,99,1,0
matched,"A2 sensitivity, detector",A2-detector-c10-6-s1,29,detector,67.99,10,0.89,5,10.35,86,98,1,0
matched,"A2 sensitivity, detector",A2-detector-c10-6-s1,30,detector,66.09,10,0.21,5,9.79,99,100,1,0
matched,"A2 sensitivity, detector",A2-detector-c10-6-s1,31,detector,70.58,10,1.43,5,10.72,84,100,1,0
matched,"A2 sensitivity, detector",A2-detector-c10-7-s1,0,detector,71.43,10,0.21,5,9.45,80,100,1,0
matched,"A2 sensitivity, detector",A2-detector-c10-7-s1,1,detector,78.11,10,1.36,5,10.21,81,98,1,0
matched,"A2 sensitivity, detector",A2-detector-c10-7-s1,2,detector,70.24,10,3.79,6,13.11,37,98,1,0
matched,"A2 sensitivity, detector",A2-detector-c10-7-s1,3,detector,65.46,10,1.44,5,11.06,84,101,1,0
matched,"A2 sensitivity, detector",A2-detector-c10-7-s1,4,detector,67.06,10,1.74,5,11.26,55,101,1,0
matched,"A2 sensitivity, detector",A2-detector-c10-7-s1,5,detector,66.49,10,1.26,5,10.81,45,99,1,0
matched,"A2 sensitivity, detector",A2-detector-c10-7-s1,6,detector,73.08,10,1.93,5,11.07,83,102,1,0
matched,"A2 sensitivity, detector",A2-detector-c10-7-s1,7,detector,64.86,10,3.58,6,13.24,57,101,1,0
matched,"A2 sensitivity, detector",A2-detector-c10-7-s1,8,detector,63.67,10,0.29,5,10.03,83,99,1,0
matched,"A2 sensitivity, detector",A2-detector-c10-7-s1,9,detector,65.20,10,2.06,6,11.70,49,99,1,0
matched,"A2 sensitivity, detector",A2-detector-c10-7-s1,10,detector,79.84,10,3.23,6,11.99,74,101,1,0
matched,"A2 sensitivity, detector",A2-detector-c10-7-s1,11,detector,74.01,10,3.10,6,12.19,72,99,1,0
matched,"A2 sensitivity, detector",A2-detector-c10-7-s1,12,detector,73.79,10,3.95,6,13.05,38,97,1,0
matched,"A2 sensitivity, detector",A2-detector-c10-7-s1,13,detector,78.92,10,2.99,6,11.80,73,98,1,0
matched,"A2 sensitivity, detector",A2-detector-c10-7-s1,14,detector,76.73,10,3.30,6,12.23,52,99,1,0
matched,"A2 sensitivity, detector",A2-detector-c10-7-s1,15,detector,74.63,10,3.33,6,12.38,66,99,1,0
matched,"A2 sensitivity, detector",A2-detector-c10-7-s1,16,detector,75.75,10,2.26,6,11.25,92,100,1,0
matched,"A2 sensitivity, detector",A2-detector-c10-7-s1,17,detector,77.27,10,0.64,5,9.54,76,100,1,0
matched,"A2 sensitivity, detector",A2-detector-c10-7-s1,18,detector,68.40,10,2.83,6,12.26,77,99,1,0
matched,"A2 sensitivity, detector",A2-detector-c10-7-s1,19,detector,75.76,10,3.51,6,12.50,66,100,1,0
matched,"A2 sensitivity, detector",A2-detector-c10-7-s1,20,detector,73.90,10,1.21,5,10.31,73,100,1,0
matched,"A2 sensitivity, detector",A2-detector-c10-7-s1,21,detector,69.85,10,0.55,5,9.89,72,100,1,0
matched,"A2 sensitivity, detector",A2-detector-c10-7-s1,22,detector,72.45,10,2.49,6,11.67,74,100,1,0
matched,"A2 sensitivity, detector",A2-detector-c10-7-s1,23,detector,70.69,10,0.46,5,9.75,101,101,1,0
matched,"A2 sensitivity, detector",A2-detector-c10-7-s1,24,detector,75.18,10,1.47,5,10.49,79,98,1,0
matched,"A2 sensitivity, detector",A2-detector-c10-7-s1,25,detector,67.08,10,1.12,5,10.64,75,99,1,0
matched,"A2 sensitivity, detector",A2-detector-c10-7-s1,26,detector,74.78,10,3.52,6,12.56,57,101,1,0
matched,"A2 sensitivity, detector",A2-detector-c10-7-s1,27,detector,70.63,10,2.53,6,11.82,46,100,1,0
matched,"A2 sensitivity, detector",A2-detector-c10-7-s1,28,detector,68.89,10,0.70,5,10.10,77,102,1,0
matched,"A2 sensitivity, detector",A2-detector-c10-7-s1,29,detector,65.58,10,0.88,5,10.49,84,101,1,0
matched,"A2 sensitivity, detector",A2-detector-c10-7-s1,30,detector,69.15,10,0.39,5,9.77,82,100,1,0
matched,"A2 sensitivity, detector",A2-detector-c10-7-s1,31,detector,72.94,10,3.04,6,12.19,47,99,1,0
matched,"A2 sensitivity, detector",A2-detector-c10-8-s1,0,detector,75.61,10,2.49,6,11.49,69,101,1,0
matched,"A2 sensitivity, detector",A2-detector-c10-8-s1,1,detector,77.72,10,2.80,6,11.68,66,102,1,0
matched,"A2 sensitivity, detector",A2-detector-c10-8-s1,2,detector,64.62,10,3.31,6,12.99,64,102,1,0
matched,"A2 sensitivity, detector",A2-detector-c10-8-s1,3,detector,67.99,10,3.66,6,13.12,61,100,1,0
matched,"A2 sensitivity, detector",A2-detector-c10-8-s1,4,detector,78.70,10,2.39,6,11.21,76,103,1,0
matched,"A2 sensitivity, detector",A2-detector-c10-8-s1,5,detector,67.07,10,2.27,6,11.79,68,101,1,0
matched,"A2 sensitivity, detector",A2-detector-c10-8-s1,6,detector,66.23,10,3.51,6,13.08,23,102,1,0
matched,"A2 sensitivity, detector",A2-detector-c10-8-s1,7,detector,65.76,10,2.08,6,11.68,46,96,1,0
matched,"A2 sensitivity, detector",A2-detector-c10-8-s1,8,detector,79.57,10,2.90,6,11.67,71,99,1,0
matched,"A2 sensitivity, detector",A2-detector-c10-8-s1,9,detector,72.53,10,2.97,6,12.15,68,98,1,0
matched,"A2 sensitivity, detector",A2-detector-c10-8-s1,10,detector,73.18,10,2.41,6,11.55,67,100,1,0
matched,"A2 sensitivity, detector",A2-detector-c10-8-s1,11,detector,69.92,10,3.01,6,12.35,69,100,1,0
matched,"A2 sensitivity, detector",A2-detector-c10-8-s1,12,detector,79.44,10,2.58,6,11.36,80,101,1,0
matched,"A2 sensitivity, detector",A2-detector-c10-8-s1,13,detector,74.17,10,2.12,6,11.20,70,102,1,0
matched,"A2 sensitivity, detector",A2-detector-c10-8-s1,14,detector,75.36,10,3.64,6,12.65,54,99,1,0
matched,"A2 sensitivity, detector",A2-detector-c10-8-s1,15,detector,77.34,10,2.46,6,11.36,74,101,1,0
matched,"A2 sensitivity, detector",A2-detector-c10-8-s1,16,detector,72.64,10,2.29,6,11.46,66,98,1,0
matched,"A2 sensitivity, detector",A2-detector-c10-8-s1,17,detector,79.48,10,2.75,6,11.53,69,101,1,0
matched,"A2 sensitivity, detector",A2-detector-c10-8-s1,18,detector,63.77,10,2.65,6,12.39,31,98,1,0
matched,"A2 sensitivity, detector",A2-detector-c10-8-s1,19,detector,67.70,10,2.97,6,12.45,65,101,1,0
matched,"A2 sensitivity, detector",A2-detector-c10-8-s1,20,detector,74.10,10,3.99,6,13.07,52,97,1,0
matched,"A2 sensitivity, detector",A2-detector-c10-8-s1,21,detector,76.71,10,2.54,6,11.47,64,99,1,0
matched,"A2 sensitivity, detector",A2-detector-c10-8-s1,22,detector,78.61,10,3.34,6,12.17,68,102,1,0
matched,"A2 sensitivity, detector",A2-detector-c10-8-s1,23,detector,77.65,10,2.37,6,11.25,66,99,1,0
matched,"A2 sensitivity, detector",A2-detector-c10-8-s1,24,detector,65.17,10,2.84,6,12.48,45,99,1,0
matched,"A2 sensitivity, detector",A2-detector-c10-8-s1,25,detector,67.73,10,2.70,6,12.17,30,99,1,0
matched,"A2 sensitivity, detector",A2-detector-c10-8-s1,26,detector,73.28,10,3.00,6,12.13,71,101,1,0
matched,"A2 sensitivity, detector",A2-detector-c10-8-s1,27,detector,72.47,10,3.30,6,12.48,66,98,1,0
matched,"A2 sensitivity, detector",A2-detector-c10-8-s1,28,detector,78.24,10,2.44,6,11.29,69,100,1,0
matched,"A2 sensitivity, detector",A2-detector-c10-8-s1,29,detector,77.18,10,3.52,6,12.43,71,98,1,0
matched,"A2 sensitivity, detector",A2-detector-c10-8-s1,30,detector,68.42,10,2.07,6,11.50,80,101,1,0
matched,"A2 sensitivity, detector",A2-detector-c10-8-s1,31,detector,70.46,10,2.62,6,11.92,72,101,1,0
matched,"A2 sensitivity, detector",A2-detector-c10-9-s1,0,detector,72.32,10,5.05,7,14.24,27,105,1,0
matched,"A2 sensitivity, detector",A2-detector-c10-9-s1,1,detector,63.96,10,4.67,7,14.39,18,103,1,0
matched,"A2 sensitivity, detector",A2-detector-c10-9-s1,2,detector,64.20,10,5.15,7,14.86,13,99,1,0
matched,"A2 sensitivity, detector",A2-detector-c10-9-s1,3,detector,64.94,10,4.95,7,14.61,19,99,1,0
matched,"A2 sensitivity, detector",A2-detector-c10-9-s1,4,detector,65.55,10,4.03,7,13.65,30,99,1,0
matched,"A2 sensitivity, detector",A2-detector-c10-9-s1,5,detector,63.97,10,5.28,7,15.00,14,99,1,0
matched,"A2 sensitivity, detector",A2-detector-c10-9-s1,6,detector,74.60,10,4.58,7,13.63,37,101,1,0
matched,"A2 sensitivity, detector",A2-detector-c10-9-s1,7,detector,69.41,10,4.36,7,13.73,27,100,1,0
matched,"A2 sensitivity, detector",A2-detector-c10-9-s1,8,detector,71.80,10,4.89,7,14.11,29,100,1,0
matched,"A2 sensitivity, detector",A2-detector-c10-9-s1,9,detector,68.07,10,5.20,7,14.65,13,100,1,0
matched,"A2 sensitivity, detector",A2-detector-c10-9-s1,10,detector,73.32,10,4.96,7,14.09,30,100,1,0
matched,"A2 sensitivity, detector",A2-detector-c10-9-s1,11,detector,70.32,10,5.11,7,14.42,20,101,1,0
matched,"A2 sensitivity, detector",A2-detector-c10-9-s1,12,detector,73.06,10,4.96,7,14.10,30,101,1,0
matched,"A2 sensitivity, detector",A2-detector-c10-9-s1,13,detector,79.44,10,4.68,7,13.46,61,102,1,0
matched,"A2 sensitivity, detector",A2-detector-c10-9-s1,14,detector,71.07,10,4.59,7,13.85,22,103,1,0
matched,"A2 sensitivity, detector",A2-detector-c10-9-s1,15,detector,74.69,10,5.80,7,14.85,31,99,1,0
matched,"A2 sensitivity, detector",A2-detector-c10-9-s1,16,detector,65.69,10,4.30,7,13.91,21,101,1,0
matched,"A2 sensitivity, detector",A2-detector-c10-9-s1,17,detector,73.04,10,4.65,7,13.80,52,101,1,0
matched,"A2 sensitivity, detector",A2-detector-c10-9-s1,18,detector,65.72,10,5.92,7,15.52,16,101,1,0
matched,"A2 sensitivity, detector",A2-detector-c10-9-s1,19,detector,73.45,10,5.45,7,14.57,27,102,1,0
matched,"A2 sensitivity, detector",A2-detector-c10-9-s1,20,detector,65.05,10,4.53,7,14.18,28,98,1,0
matched,"A2 sensitivity, detector",A2-detector-c10-9-s1,21,detector,74.66,10,5.63,7,14.68,23,100,1,0
matched,"A2 sensitivity, detector",A2-detector-c10-9-s1,22,detector,71.69,10,5.04,7,14.27,21,100,1,0
matched,"A2 sensitivity, detector",A2-detector-c10-9-s1,23,detector,75.99,10,5.34,7,14.31,41,101,1,0
matched,"A2 sensitivity, detector",A2-detector-c10-9-s1,24,detector,64.28,10,4.89,7,14.59,15,99,1,0
matched,"A2 sensitivity, detector",A2-detector-c10-9-s1,25,detector,78.47,10,4.18,7,13.01,58,99,1,0
matched,"A2 sensitivity, detector",A2-detector-c10-9-s1,26,detector,79.07,10,5.18,7,13.98,86,100,1,0
matched,"A2 sensitivity, detector",A2-detector-c10-9-s1,27,detector,76.72,10,4.44,7,13.37,51,102,1,0
matched,"A2 sensitivity, detector",A2-detector-c10-9-s1,28,detector,67.27,10,5.06,7,14.56,13,99,1,0
matched,"A2 sensitivity, detector",A2-detector-c10-9-s1,29,detector,70.31,10,5.43,7,14.74,15,99,1,0
matched,"A2 sensitivity, detector",A2-detector-c10-9-s1,30,detector,77.76,10,5.08,7,13.95,53,102,1,0
matched,"A2 sensitivity, detector",A2-detector-c10-9-s1,31,detector,73.60,10,4.85,7,13.96,22,100,1,0
matched,"A2 sensitivity, detector",A2-detector-c10-10-s1,0,detector,65.19,10,7.42,8,17.06,10,101,1,0
matched,"A2 sensitivity, detector",A2-detector-c10-10-s1,1,detector,73.03,10,4.70,7,13.85,23,99,1,0
matched,"A2 sensitivity, detector",A2-detector-c10-10-s1,2,detector,74.92,10,5.46,7,14.50,32,98,1,0
matched,"A2 sensitivity, detector",A2-detector-c10-10-s1,3,detector,65.35,10,5.66,7,15.29,10,99,1,0
matched,"A2 sensitivity, detector",A2-detector-c10-10-s1,4,detector,68.74,10,7.75,8,17.16,12,100,1,0
matched,"A2 sensitivity, detector",A2-detector-c10-10-s1,5,detector,77.35,10,4.49,7,13.39,45,99,1,0
matched,"A2 sensitivity, detector",A2-detector-c10-10-s1,6,detector,71.50,10,6.65,8,15.89,23,99,1,0
matched,"A2 sensitivity, detector",A2-detector-c10-10-s1,7,detector,72.24,10,4.76,7,13.95,20,99,1,0
matched,"A2 sensitivity, detector",A2-detector-c10-10-s1,8,detector,64.20,10,7.07,8,16.78,9,98,1,0
matched,"A2 sensitivity, detector",A2-detector-c10-10-s1,9,detector,73.52,10,5.09,7,14.21,38,100,1,0
matched,"A2 sensitivity, detector",A2-detector-c10-10-s1,10,detector,65.91,10,5.71,7,15.30,14,100,1,0
matched,"A2 sensitivity, detector",A2-detector-c10-10-s1,11,detector,73.77,10,5.39,7,14.49,41,99,1,0
matched,"A2 sensitivity, detector",A2-detector-c10-10-s1,12,detector,65.03,10,7.85,8,17.50,14,101,1,0
matched,"A2 sensitivity, detector",A2-detector-c10-10-s1,13,detector,78.88,10,7.56,8,16.37,22,102,1,0
matched,"A2 sensitivity, detector",A2-detector-c10-10-s1,14,detector,77.13,10,6.00,7,14.91,53,101,1,0
matched,"A2 sensitivity, detector",A2-detector-c10-10-s1,15,detector,65.17,10,6.93,8,16.57,12,99,1,0
matched,"A2 sensitivity, detector",A2-detector-c10-10-s1,16,detector,67.65,10,4.04,7,13.52,30,99,1,0
matched,"A2 sensitivity, detector",A2-detector-c10-10-s1,17,detector,79.45,10,6.25,8,15.03,35,99,1,0
matched,"A2 sensitivity, detector",A2-detector-c10-10-s1,18,detector,79.89,10,4.02,7,12.78,54,98,1,0
matched,"A2 sensitivity, detector",A2-detector-c10-10-s1,19,detector,72.94,10,7.83,8,16.98,10,98,1,0
matched,"A2 sensitivity, detector",A2-detector-c10-10-s1,20,detector,65.72,10,7.13,8,16.73,11,100,1,0
matched,"A2 sensitivity, detector",A2-detector-c10-10-s1,21,detector,65.81,10,6.17,8,15.77,13,100,1,0
matched,"A2 sensitivity, detector",A2-detector-c10-10-s1,22,detector,73.73,10,6.85,8,15.96,13,100,1,0
matched,"A2 sensitivity, detector",A2-detector-c10-10-s1,23,detector,72.37,10,7.40,8,16.59,11,99,1,0
matched,"A2 sensitivity, detector",A2-detector-c10-10-s1,24,detector,74.44,10,7.57,8,16.63,12,98,1,0
matched,"A2 sensitivity, detector",A2-detector-c10-10-s1,25,detector,77.37,10,4.39,7,13.29,42,99,1,0
matched,"A2 sensitivity, detector",A2-detector-c10-10-s1,26,detector,68.19,10,5.91,7,15.35,14,101,1,0
matched,"A2 sensitivity, detector",A2-detector-c10-10-s1,27,detector,76.27,10,4.27,7,13.23,82,98,1,0
matched,"A2 sensitivity, detector",A2-detector-c10-10-s1,28,detector,67.03,10,7.71,8,17.23,9,100,1,0
matched,"A2 sensitivity, detector",A2-detector-c10-10-s1,29,detector,70.16,10,4.06,7,13.38,51,102,1,0
matched,"A2 sensitivity, detector",A2-detector-c10-10-s1,30,detector,67.41,10,5.62,7,15.11,19,99,1,0
matched,"A2 sensitivity, detector",A2-detector-c10-10-s1,31,detector,75.56,10,7.55,8,16.55,10,102,1,0
matched,"A2 sensitivity, detector",A2-detector-c10-11-s1,0,detector,66.54,10,7.03,8,16.58,8,98,1,0
matched,"A2 sensitivity, detector",A2-detector-c10-11-s1,1,detector,69.38,10,7.54,8,16.91,13,100,1,0
matched,"A2 sensitivity, detector",A2-detector-c10-11-s1,2,detector,68.51,10,7.99,8,17.41,9,100,1,0
matched,"A2 sensitivity, detector",A2-detector-c10-11-s1,3,detector,68.44,10,7.51,8,16.94,8,98,1,0
matched,"A2 sensitivity, detector",A2-detector-c10-11-s1,4,detector,68.50,10,7.77,8,17.19,10,101,1,0
matched,"A2 sensitivity, detector",A2-detector-c10-11-s1,5,detector,65.40,10,7.37,8,17.00,7,98,1,0
matched,"A2 sensitivity, detector",A2-detector-c10-11-s1,6,detector,67.02,10,6.12,8,15.64,17,99,1,0
matched,"A2 sensitivity, detector",A2-detector-c10-11-s1,7,detector,79.18,10,7.41,8,16.21,34,102,1,0
matched,"A2 sensitivity, detector",A2-detector-c10-11-s1,8,detector,67.68,10,7.02,8,16.50,17,100,1,0
matched,"A2 sensitivity, detector",A2-detector-c10-11-s1,9,detector,73.76,10,6.06,8,15.16,21,101,1,0
matched,"A2 sensitivity, detector",A2-detector-c10-11-s1,10,detector,76.13,10,6.79,8,15.76,32,97,1,0
matched,"A2 sensitivity, detector",A2-detector-c10-11-s1,11,detector,78.60,10,7.91,8,16.74,23,100,1,0
matched,"A2 sensitivity, detector",A2-detector-c10-11-s1,12,detector,64.98,10,6.42,8,16.07,11,99,1,0
matched,"A2 sensitivity, detector",A2-detector-c10-11-s1,13,detector,74.91,10,7.74,8,16.78,12,98,1,0
matched,"A2 sensitivity, detector",A2-detector-c10-11-s1,14,detector,66.63,10,6.37,8,15.91,14,98,1,0
matched,"A2 sensitivity, detector",A2-detector-c10-11-s1,15,detector,73.58,10,6.95,8,16.06,14,99,1,0
matched,"A2 sensitivity, detector",A2-detector-c10-11-s1,16,detector,79.68,10,7.72,8,16.49,32,99,1,0
matched,"A2 sensitivity, detector",A2-detector-c10-11-s1,17,detector,67.27,10,7.12,8,16.62,11,100,1,0
matched,"A2 sensitivity, detector",A2-detector-c10-11-s1,18,detector,73.33,10,7.02,8,16.15,15,99,1,0
matched,"A2 sensitivity, detector",A2-detector-c10-11-s1,19,detector,74.91,10,6.88,8,15.92,16,101,1,0
matched,"A2 sensitivity, detector",A2-detector-c10-11-s1,20,detector,66.16,10,6.94,8,16.52,10,100,1,0
matched,"A2 sensitivity, detector",A2-detector-c10-11-s1,21,detector,79.03,10,6.29,8,15.09,43,101,1,0
matched,"A2 sensitivity, detector",A2-detector-c10-11-s1,22,detector,76.94,10,6.25,8,15.17,27,100,1,0
matched,"A2 sensitivity, detector",A2-detector-c10-11-s1,23,detector,66.75,10,6.08,8,15.62,10,101,1,0
matched,"A2 sensitivity, detector",A2-detector-c10-11-s1,24,detector,73.30,10,7.97,8,17.10,7,99,1,0
matched,"A2 sensitivity, detector",A2-detector-c10-11-s1,25,detector,70.90,10,7.07,8,16.35,17,100,1,0
matched,"A2 sensitivity, detector",A2-detector-c10-11-s1,26,detector,78.29,10,6.57,8,15.41,29,100,1,0
matched,"A2 sensitivity, detector",A2-detector-c10-11-s1,27,detector,69.91,10,7.48,8,16.82,9,100,1,0
matched,"A2 sensitivity, detector",A2-detector-c10-11-s1,28,detector,65.58,10,6.67,8,16.28,8,96,1,0
matched,"A2 sensitivity, detector",A2-detector-c10-11-s1,29,detector,73.19,10,6.08,8,15.22,25,98,1,0
matched,"A2 sensitivity, detector",A2-detector-c10-11-s1,30,detector,69.92,10,7.79,8,17.13,7,95,1,0
matched,"A2 sensitivity, detector",A2-detector-c10-11-s1,31,detector,70.96,10,7.26,8,16.53,14,100,1,0
matched,"A2 sensitivity, detector",A2-detector-c10-12-s1,0,detector,75.23,10,8.74,9,17.76,8,100,1,0
matched,"A2 sensitivity, detector",A2-detector-c10-12-s1,1,detector,66.23,10,9.28,9,18.85,13,99,1,0
matched,"A2 sensitivity, detector",A2-detector-c10-12-s1,2,detector,72.50,10,8.12,9,17.30,12,100,1,0
matched,"A2 sensitivity, detector",A2-detector-c10-12-s1,3,detector,72.64,10,8.19,9,17.36,12,101,1,0
matched,"A2 sensitivity, detector",A2-detector-c10-12-s1,4,detector,71.45,10,8.55,9,17.79,12,102,1,0
matched,"A2 sensitivity, detector",A2-detector-c10-12-s1,5,detector,70.74,10,8.39,9,17.67,10,97,1,0
matched,"A2 sensitivity, detector",A2-detector-c10-12-s1,6,detector,68.14,10,9.64,9,19.09,8,101,1,0
matched,"A2 sensitivity, detector",A2-detector-c10-12-s1,7,detector,71.02,10,9.58,9,18.85,11,100,1,0
matched,"A2 sensitivity, detector",A2-detector-c10-12-s1,8,detector,76.26,10,9.87,9,18.83,13,100,1,0
matched,"A2 sensitivity, detector",A2-detector-c10-12-s1,9,detector,78.53,10,8.36,9,17.19,20,100,1,0
matched,"A2 sensitivity, detector",A2-detector-c10-12-s1,10,detector,73.17,10,9.50,9,18.64,14,102,1,0
matched,"A2 sensitivity, detector",A2-detector-c10-12-s1,11,detector,75.30,10,9.72,9,18.73,10,99,1,0
matched,"A2 sensitivity, detector",A2-detector-c10-12-s1,12,detector,69.46,10,9.73,9,19.09,11,99,1,0
matched,"A2 sensitivity, detector",A2-detector-c10-12-s1,13,detector,78.28,10,9.21,9,18.06,13,99,1,0
matched,"A2 sensitivity, detector",A2-detector-c10-12-s1,14,detector,64.94,10,8.09,9,17.75,8,99,1,0
matched,"A2 sensitivity, detector",A2-detector-c10-12-s1,15,detector,67.99,10,9.29,9,18.75,9,101,1,0
matched,"A2 sensitivity, detector",A2-detector-c10-12-s1,16,detector,78.61,10,8.15,9,16.98,20,100,1,0
matched,"A2 sensitivity, detector",A2-detector-c10-12-s1,17,detector,66.79,10,9.66,9,19.19,8,101,1,0
matched,"A2 sensitivity, detector",A2-detector-c10-12-s1,18,detector,75.60,10,9.82,9,18.82,10,99,1,0
matched,"A2 sensitivity, detector",A2-detector-c10-12-s1,19,detector,67.71,10,9.33,9,18.80,7,101,1,0
matched,"A2 sensitivity, detector",A2-detector-c10-12-s1,20,detector,63.60,10,8.14,9,17.89,7,101,1,0
matched,"A2 sensitivity, detector",A2-detector-c10-12-s1,21,detector,69.06,10,10.00,9,19.39,37,101,1,0
matched,"A2 sensitivity, detector",A2-detector-c10-12-s1,22,detector,63.90,10,8.06,9,17.79,8,101,1,0
matched,"A2 sensitivity, detector",A2-detector-c10-12-s1,23,detector,78.89,10,9.35,9,18.16,13,98,1,0
matched,"A2 sensitivity, detector",A2-detector-c10-12-s1,24,detector,77.47,10,9.50,9,18.39,13,100,1,0
matched,"A2 sensitivity, detector",A2-detector-c10-12-s1,25,detector,65.41,10,9.10,9,18.73,8,98,1,0
matched,"A2 sensitivity, detector",A2-detector-c10-12-s1,26,detector,76.90,10,9.33,9,18.25,13,99,1,0
matched,"A2 sensitivity, detector",A2-detector-c10-12-s1,27,detector,72.59,10,9.36,9,18.53,10,100,1,0
matched,"A2 sensitivity, detector",A2-detector-c10-12-s1,28,detector,78.48,10,8.37,9,17.20,14,100,1,0
matched,"A2 sensitivity, detector",A2-detector-c10-12-s1,29,detector,70.39,10,8.72,9,18.03,11,98,1,0
matched,"A2 sensitivity, detector",A2-detector-c10-12-s1,30,detector,77.82,10,9.83,9,18.70,13,101,1,0
matched,"A2 sensitivity, detector",A2-detector-c10-12-s1,31,detector,69.89,10,9.14,9,18.48,9,101,1,0
matched,"A2 sensitivity, detector",A2-detector-c10-13-s1,0,detector,79.71,10,8.17,9,16.94,26,100,1,0
matched,"A2 sensitivity, detector",A2-detector-c10-13-s1,1,detector,71.28,10,9.61,9,18.86,10,101,1,0
matched,"A2 sensitivity, detector",A2-detector-c10-13-s1,2,detector,67.88,10,11.19,10,20.65,9,102,1,0
matched,"A2 sensitivity, detector",A2-detector-c10-13-s1,3,detector,67.51,10,9.97,9,19.46,10,101,1,0
matched,"A2 sensitivity, detector",A2-detector-c10-13-s1,4,detector,64.55,10,11.28,10,20.96,8,98,1,0
matched,"A2 sensitivity, detector",A2-detector-c10-13-s1,5,detector,78.55,10,9.63,9,18.46,14,99,1,0
matched,"A2 sensitivity, detector",A2-detector-c10-13-s1,6,detector,77.32,10,9.46,9,18.36,16,97,1,0
matched,"A2 sensitivity, detector",A2-detector-c10-13-s1,7,detector,70.69,10,11.27,10,20.56,7,103,1,0
matched,"A2 sensitivity, detector",A2-detector-c10-13-s1,8,detector,77.91,10,9.29,9,18.16,16,96,1,0
matched,"A2 sensitivity, detector",A2-detector-c10-13-s1,9,detector,68.90,10,10.12,10,19.52,8,99,1,0
matched,"A2 sensitivity, detector",A2-detector-c10-13-s1,10,detector,64.33,10,11.52,10,21.22,8,99,1,0
matched,"A2 sensitivity, detector",A2-detector-c10-13-s1,11,detector,67.37,10,9.05,9,18.55,7,98,1,0
matched,"A2 sensitivity, detector",A2-detector-c10-13-s1,12,detector,69.93,10,10.70,10,20.03,13,101,1,0
matched,"A2 sensitivity, detector",A2-detector-c10-13-s1,13,detector,69.58,10,9.69,9,19.05,9,101,1,0
matched,"A2 sensitivity, detector",A2-detector-c10-13-s1,14,detector,65.14,10,11.73,10,21.37,8,99,1,0
matched,"A2 sensitivity, detector",A2-detector-c10-13-s1,15,detector,68.35,10,10.12,10,19.55,11,99,1,0
matched,"A2 sensitivity, detector",A2-detector-c10-13-s1,16,detector,73.21,10,11.62,10,20.76,9,103,1,0
matched,"A2 sensitivity, detector",A2-detector-c10-13-s1,17,detector,74.92,10,10.70,10,19.74,17,97,1,0
matched,"A2 sensitivity, detector",A2-detector-c10-13-s1,18,detector,65.15,10,8.20,9,17.84,12,100,1,0
matched,"A2 sensitivity, detector",A2-detector-c10-13-s1,19,detector,79.30,10,8.53,9,17.32,33,99,1,0
matched,"A2 sensitivity, detector",A2-detector-c10-13-s1,20,detector,75.27,10,8.41,9,17.43,11,103,1,0
matched,"A2 sensitivity, detector",A2-detector-c10-13-s1,21,detector,69.24,10,9.71,9,19.09,12,98,1,0
matched,"A2 sensitivity, detector",A2-detector-c10-13-s1,22,detector,67.28,10,10.23,10,19.73,6,99,1,0
matched,"A2 sensitivity, detector",A2-detector-c10-13-s1,23,detector,67.50,10,10.92,10,20.41,7,100,1,0
matched,"A2 sensitivity, detector",A2-detector-c10-13-s1,24,detector,63.55,10,8.09,9,17.84,7,99,1,0
matched,"A2 sensitivity, detector",A2-detector-c10-13-s1,25,detector,65.68,10,9.97,9,19.58,30,98,1,0
matched,"A2 sensitivity, detector",A2-detector-c10-13-s1,26,detector,75.52,10,11.13,10,20.13,93,101,1,0
matched,"A2 sensitivity, detector",A2-detector-c10-13-s1,27,detector,74.72,10,11.57,10,20.62,10,99,1,0
matched,"A2 sensitivity, detector",A2-detector-c10-13-s1,28,detector,76.25,10,10.44,10,19.40,10,98,1,0
matched,"A2 sensitivity, detector",A2-detector-c10-13-s1,29,detector,71.73,10,9.74,9,18.96,10,103,1,0
matched,"A2 sensitivity, detector",A2-detector-c10-13-s1,30,detector,69.53,10,11.78,10,21.14,16,100,1,0
matched,"A2 sensitivity, detector",A2-detector-c10-13-s1,31,detector,67.19,10,9.37,9,18.88,91,98,1,0
matched,"A2 sensitivity, detector",A2-detector-c10-14-s1,0,detector,74.64,10,11.25,10,20.30,12,98,1,0
matched,"A2 sensitivity, detector",A2-detector-c10-14-s1,1,detector,68.12,10,10.85,10,20.30,9,101,1,0
matched,"A2 sensitivity, detector",A2-detector-c10-14-s1,2,detector,73.91,10,11.03,10,20.12,11,99,1,0
matched,"A2 sensitivity, detector",A2-detector-c10-14-s1,3,detector,63.76,10,10.46,10,20.20,4,96,1,0
matched,"A2 sensitivity, detector",A2-detector-c10-14-s1,4,detector,67.42,10,11.37,10,20.86,10,102,1,0
matched,"A2 sensitivity, detector",A2-detector-c10-14-s1,5,detector,69.96,10,11.51,10,20.84,9,98,1,0
matched,"A2 sensitivity, detector",A2-detector-c10-14-s1,6,detector,69.17,10,10.30,10,19.68,10,100,1,0
matched,"A2 sensitivity, detector",A2-detector-c10-14-s1,7,detector,65.43,10,10.21,10,19.83,6,99,1,0
matched,"A2 sensitivity, detector",A2-detector-c10-14-s1,8,detector,67.90,10,10.37,10,19.83,7,97,1,0
matched,"A2 sensitivity, detector",A2-detector-c10-14-s1,9,detector,65.36,10,11.13,10,20.76,5,97,1,0
matched,"A2 sensitivity, detector",A2-detector-c10-14-s1,10,detector,77.48,10,10.03,10,18.92,15,101,1,0
matched,"A2 sensitivity, detector",A2-detector-c10-14-s1,11,detector,69.62,10,11.38,10,20.73,24,100,1,0
matched,"A2 sensitivity, detector",A2-detector-c10-14-s1,12,detector,74.04,10,10.23,10,19.32,9,101,1,0
matched,"A2 sensitivity, detector",A2-detector-c10-14-s1,13,detector,75.04,10,10.48,10,19.51,12,101,1,0
matched,"A2 sensitivity, detector",A2-detector-c10-14-s1,14,detector,73.86,10,11.50,10,20.60,10,99,1,0
matched,"A2 sensitivity, detector",A2-detector-c10-14-s1,15,detector,65.63,10,10.56,10,20.17,9,99,1,0
matched,"A2 sensitivity, detector",A2-detector-c10-14-s1,16,detector,63.77,10,10.97,10,20.71,97,102,1,0
matched,"A2 sensitivity, detector",A2-detector-c10-14-s1,17,detector,64.23,10,10.27,10,19.97,10,101,1,0
matched,"A2 sensitivity, detector",A2-detector-c10-14-s1,18,detector,67.57,10,11.44,10,20.92,10,102,1,0
matched,"A2 sensitivity, detector",A2-detector-c10-14-s1,19,detector,67.74,10,11.72,10,21.19,13,100,1,0
matched,"A2 sensitivity, detector",A2-detector-c10-14-s1,20,detector,74.60,10,10.88,10,19.93,9,99,1,0
matched,"A2 sensitivity, detector",A2-detector-c10-14-s1,21,detector,77.34,10,10.42,10,19.32,88,98,1,0
matched,"A2 sensitivity, detector",A2-detector-c10-14-s1,22,detector,72.64,10,11.90,10,21.07,10,99,1,0
matched,"A2 sensitivity, detector",A2-detector-c10-14-s1,23,detector,76.02,10,10.25,10,19.22,9,102,1,0
matched,"A2 sensitivity, detector",A2-detector-c10-14-s1,24,detector,75.02,10,10.02,10,19.05,9,99,1,0
matched,"A2 sensitivity, detector",A2-detector-c10-14-s1,25,detector,76.65,10,10.81,10,19.75,88,100,1,0
matched,"A2 sensitivity, detector",A2-detector-c10-14-s1,26,detector,78.34,10,11.87,10,20.71,10,99,1,0
matched,"A2 sensitivity, detector",A2-detector-c10-14-s1,27,detector,67.05,10,10.35,10,19.87,6,102,1,0
matched,"A2 sensitivity, detector",A2-detector-c10-14-s1,28,detector,79.94,10,11.86,10,20.61,16,99,1,0
matched,"A2 sensitivity, detector",A2-detector-c10-14-s1,29,detector,71.46,10,11.51,10,20.75,6,99,1,0
matched,"A2 sensitivity, detector",A2-detector-c10-14-s1,30,detector,70.07,10,11.99,10,21.32,12,98,1,0
matched,"A2 sensitivity, detector",A2-detector-c10-14-s1,31,detector,75.81,10,11.27,10,20.25,10,102,1,0
matched,"A2 sensitivity, detector",A2-detector-c10-15-s1,0,detector,75.31,10,12.99,11,22.00,10,101,1,0
matched,"A2 sensitivity, detector",A2-detector-c10-15-s1,1,detector,66.03,10,13.87,11,23.45,9,100,1,0
matched,"A2 sensitivity, detector",A2-detector-c10-15-s1,2,detector,75.59,10,12.31,11,21.31,10,100,1,0
matched,"A2 sensitivity, detector",A2-detector-c10-15-s1,3,detector,64.64,10,12.33,11,22.01,11,99,1,0
matched,"A2 sensitivity, detector",A2-detector-c10-15-s1,4,detector,73.57,10,12.35,11,21.46,10,101,1,0
matched,"A2 sensitivity, detector",A2-detector-c10-15-s1,5,detector,65.60,10,12.90,11,22.51,9,100,1,0
matched,"A2 sensitivity, detector",A2-detector-c10-15-s1,6,detector,74.05,10,13.74,11,22.83,8,97,1,0
matched,"A2 sensitivity, detector",A2-detector-c10-15-s1,7,detector,76.41,10,13.56,11,22.51,6,98,1,0
matched,"A2 sensitivity, detector",A2-detector-c10-15-s1,8,detector,64.16,10,13.22,11,22.93,7,97,1,0
matched,"A2 sensitivity, detector",A2-detector-c10-15-s1,9,detector,65.14,10,12.95,11,22.59,8,99,1,0
matched,"A2 sensitivity, detector",A2-detector-c10-15-s1,10,detector,78.58,10,12.20,11,21.03,7,100,1,0
matched,"A2 sensitivity, detector",A2-detector-c10-15-s1,11,detector,78.54,10,13.43,11,22.26,8,100,1,0
matched,"A2 sensitivity, detector",A2-detector-c10-15-s1,12,detector,70.58,10,13.01,11,22.30,9,99,1,0
matched,"A2 sensitivity, detector",A2-detector-c10-15-s1,13,detector,66.58,10,12.99,11,22.54,12,98,1,0
matched,"A2 sensitivity, detector",A2-detector-c10-15-s1,14,detector,71.47,10,12.48,11,21.72,11,102,1,0
matched,"A2 sensitivity, detector",A2-detector-c10-15-s1,15,detector,69.97,10,13.61,11,22.94,7,101,1,0
matched,"A2 sensitivity, detector",A2-detector-c10-15-s1,16,detector,70.83,10,12.12,11,21.40,11,97,1,0
matched,"A2 sensitivity, detector",A2-detector-c10-15-s1,17,detector,69.69,10,13.10,11,22.45,9,100,1,0
matched,"A2 sensitivity, detector",A2-detector-c10-15-s1,18,detector,69.37,10,13.82,11,23.19,7,100,1,0
matched,"A2 sensitivity, detector",A2-detector-c10-15-s1,19,detector,71.20,10,12.68,11,21.94,9,101,1,0
matched,"A2 sensitivity, detector",A2-detector-c10-15-s1,20,detector,68.92,10,12.91,11,22.31,11,101,1,0
matched,"A2 sensitivity, detector",A2-detector-c10-15-s1,21,detector,69.06,10,13.84,11,23.23,6,99,1,0
matched,"A2 sensitivity, detector",A2-detector-c10-15-s1,22,detector,69.08,10,12.39,11,21.78,7,101,1,0
matched,"A2 sensitivity, detector",A2-detector-c10-15-s1,23,detector,78.11,10,12.71,11,21.56,9,100,1,0
matched,"A2 sensitivity, detector",A2-detector-c10-15-s1,24,detector,67.29,10,12.77,11,22.27,8,100,1,0
matched,"A2 sensitivity, detector",A2-detector-c10-15-s1,25,detector,79.83,10,12.64,11,21.40,13,100,1,0
matched,"A2 sensitivity, detector",A2-detector-c10-15-s1,26,detector,76.04,10,13.58,11,22.55,9,98,1,0
matched,"A2 sensitivity, detector",A2-detector-c10-15-s1,27,detector,69.71,10,12.05,11,21.40,9,102,1,0
matched,"A2 sensitivity, detector",A2-detector-c10-15-s1,28,detector,68.84,10,12.40,11,21.80,6,102,1,0
matched,"A2 sensitivity, detector",A2-detector-c10-15-s1,29,detector,75.88,10,12.59,11,21.57,11,100,1,0
matched,"A2 sensitivity, detector",A2-detector-c10-15-s1,30,detector,78.41,10,12.51,11,21.35,11,99,1,0
matched,"A2 sensitivity, detector",A2-detector-c10-15-s1,31,detector,70.35,10,13.41,11,22.72,10,99,1,0
matched,"A2 sensitivity, detector",A2-detector-c10-16-s1,0,detector,65.53,10,13.69,11,23.31,5,100,1,0
matched,"A2 sensitivity, detector",A2-detector-c10-16-s1,1,detector,70.37,10,12.03,11,21.34,11,99,1,0
matched,"A2 sensitivity, detector",A2-detector-c10-16-s1,2,detector,70.77,10,13.97,11,23.25,11,99,1,0
matched,"A2 sensitivity, detector",A2-detector-c10-16-s1,3,detector,70.95,10,13.25,11,22.52,10,99,1,0
matched,"A2 sensitivity, detector",A2-detector-c10-16-s1,4,detector,78.02,10,12.01,11,20.87,11,98,1,0
matched,"A2 sensitivity, detector",A2-detector-c10-16-s1,5,detector,64.33,10,12.11,11,21.81,9,100,1,0
matched,"A2 sensitivity, detector",A2-detector-c10-16-s1,6,detector,65.40,10,14.30,12,23.93,7,99,1,0
matched,"A2 sensitivity, detector",A2-detector-c10-16-s1,7,detector,74.50,10,14.62,12,23.68,9,98,1,0
matched,"A2 sensitivity, detector",A2-detector-c10-16-s1,8,detector,70.03,10,13.06,11,22.39,8,100,1,0
matched,"A2 sensitivity, detector",A2-detector-c10-16-s1,9,detector,77.73,10,15.63,12,24.51,10,102,1,0
matched,"A2 sensitivity, detector",A2-detector-c10-16-s1,10,detector,68.41,10,15.32,12,24.75,92,99,1,0
matched,"A2 sensitivity, detector",A2-detector-c10-16-s1,11,detector,71.93,10,14.73,12,23.94,9,97,1,0
matched,"A2 sensitivity, detector",A2-detector-c10-16-s1,12,detector,72.84,10,13.26,11,22.42,11,102,1,0
matched,"A2 sensitivity, detector",A2-detector-c10-16-s1,13,detector,66.88,10,15.61,12,25.14,8,102,1,0
matched,"A2 sensitivity, detector",A2-detector-c10-16-s1,14,detector,69.34,10,12.46,11,21.83,8,99,1,0
matched,"A2 sensitivity, detector",A2-detector-c10-16-s1,15,detector,75.69,10,15.37,12,24.36,7,103,1,0
matched,"A2 sensitivity, detector",A2-detector-c10-16-s1,16,detector,69.03,10,15.57,12,24.96,8,100,1,0
matched,"A2 sensitivity, detector",A2-detector-c10-16-s1,17,detector,67.98,10,12.08,11,21.54,7,99,1,0
matched,"A2 sensitivity, detector",A2-detector-c10-16-s1,18,detector,73.97,10,12.78,11,21.87,9,102,1,0
matched,"A2 sensitivity, detector",A2-detector-c10-16-s1,19,detector,64.73,10,14.79,12,24.46,9,98,1,0
matched,"A2 sensitivity, detector",A2-detector-c10-16-s1,20,detector,77.49,10,14.60,12,23.49,8,100,1,0
matched,"A2 sensitivity, detector",A2-detector-c10-16-s1,21,detector,71.49,10,16.00,12,25.24,8,99,1,0
matched,"A2 sensitivity, detector",A2-detector-c10-16-s1,22,detector,74.11,10,13.64,11,22.72,9,102,1,0
matched,"A2 sensitivity, detector",A2-detector-c10-16-s1,23,detector,72.20,10,14.95,12,24.15,6,101,1,0
matched,"A2 sensitivity, detector",A2-detector-c10-16-s1,24,detector,74.60,10,15.61,12,24.66,13,98,1,0
matched,"A2 sensitivity, detector",A2-detector-c10-16-s1,25,detector,70.64,10,12.95,11,22.24,9,99,1,0
matched,"A2 sensitivity, detector",A2-detector-c10-16-s1,26,detector,78.66,10,15.23,12,24.05,13,99,1,0
matched,"A2 sensitivity, detector",A2-detector-c10-16-s1,27,detector,70.19,10,12.90,11,22.22,7,98,1,0
matched,"A2 sensitivity, detector",A2-detector-c10-16-s1,28,detector,79.59,10,14.27,12,23.04,10,100,1,0
matched,"A2 sensitivity, detector",A2-detector-c10-16-s1,29,detector,71.90,10,13.83,11,23.04,10,97,1,0
matched,"A2 sensitivity, detector",A2-detector-c10-16-s1,30,detector,73.96,10,15.54,12,24.63,9,102,1,0
matched,"A2 sensitivity, detector",A2-detector-c10-16-s1,31,detector,64.85,10,12.89,11,22.55,10,99,1,0
matched,"A2 sensitivity, detector",A2-detector-c10-17-s1,0,detector,76.39,10,14.76,12,23.71,15,99,1,0
matched,"A2 sensitivity, detector",A2-detector-c10-17-s1,1,detector,70.76,10,14.20,12,23.48,11,102,1,0
matched,"A2 sensitivity, detector",A2-detector-c10-17-s1,2,detector,72.89,10,14.04,12,23.19,7,102,1,0
matched,"A2 sensitivity, detector",A2-detector-c10-17-s1,3,detector,65.95,10,15.81,12,25.40,14,98,1,0
matched,"A2 sensitivity, detector",A2-detector-c10-17-s1,4,detector,64.58,10,14.44,12,24.12,7,99,1,0
matched,"A2 sensitivity, detector",A2-detector-c10-17-s1,5,detector,66.06,10,14.63,12,24.21,7,97,1,0
matched,"A2 sensitivity, detector",A2-detector-c10-17-s1,6,detector,68.00,10,14.47,12,23.93,7,99,1,0
matched,"A2 sensitivity, detector",A2-detector-c10-17-s1,7,detector,64.03,10,14.53,12,24.25,13,99,1,0
matched,"A2 sensitivity, detector",A2-detector-c10-17-s1,8,detector,78.33,10,15.71,12,24.55,76,101,1,0
matched,"A2 sensitivity, detector",A2-detector-c10-17-s1,9,detector,76.73,10,15.61,12,24.54,9,99,1,0
matched,"A2 sensitivity, detector",A2-detector-c10-17-s1,10,detector,65.12,10,14.09,12,23.73,9,98,1,0
matched,"A2 sensitivity, detector",A2-detector-c10-17-s1,11,detector,64.66,10,14.26,12,23.94,10,100,1,0
matched,"A2 sensitivity, detector",A2-detector-c10-17-s1,12,detector,67.26,10,15.96,12,25.46,12,101,1,0
matched,"A2 sensitivity, detector",A2-detector-c10-17-s1,13,detector,66.33,10,14.49,12,24.05,11,101,1,0
matched,"A2 sensitivity, detector",A2-detector-c10-17-s1,14,detector,79.08,10,14.20,12,23.00,9,101,1,0
matched,"A2 sensitivity, detector",A2-detector-c10-17-s1,15,detector,79.15,10,15.14,12,23.94,8,101,1,0
matched,"A2 sensitivity, detector",A2-detector-c10-17-s1,16,detector,76.10,10,14.49,12,23.46,9,98,1,0
matched,"A2 sensitivity, detector",A2-detector-c10-17-s1,17,detector,73.09,10,14.82,12,23.96,9,101,1,0
matched,"A2 sensitivity, detector",A2-detector-c10-17-s1,18,detector,73.46,10,14.13,12,23.25,9,99,1,0
matched,"A2 sensitivity, detector",A2-detector-c10-17-s1,19,detector,67.56,10,14.73,12,24.21,10,97,1,0
matched,"A2 sensitivity, detector",A2-detector-c10-17-s1,20,detector,65.78,10,15.00,12,24.60,11,98,1,0
matched,"A2 sensitivity, detector",A2-detector-c10-17-s1,21,detector,77.00,10,14.61,12,23.53,13,99,1,0
matched,"A2 sensitivity, detector",A2-detector-c10-17-s1,22,detector,76.76,10,14.33,12,23.26,12,100,1,0
matched,"A2 sensitivity, detector",A2-detector-c10-17-s1,23,detector,68.70,10,15.75,12,25.16,6,97,1,0
matched,"A2 sensitivity, detector",A2-detector-c10-17-s1,24,detector,67.86,10,14.31,12,23.78,8,99,1,0
matched,"A2 sensitivity, detector",A2-detector-c10-17-s1,25,detector,71.06,10,14.93,12,24.20,96,102,1,0
matched,"A2 sensitivity, detector",A2-detector-c10-17-s1,26,detector,64.61,10,15.47,12,25.15,5,102,1,0
matched,"A2 sensitivity, detector",A2-detector-c10-17-s1,27,detector,76.98,10,14.48,12,23.40,11,99,1,0
matched,"A2 sensitivity, detector",A2-detector-c10-17-s1,28,detector,76.81,10,15.12,12,24.05,9,100,1,0
matched,"A2 sensitivity, detector",A2-detector-c10-17-s1,29,detector,66.97,10,15.53,12,25.05,7,102,1,0
matched,"A2 sensitivity, detector",A2-detector-c10-17-s1,30,detector,70.23,10,14.67,12,23.99,10,99,1,0
matched,"A2 sensitivity, detector",A2-detector-c10-17-s1,31,detector,79.75,10,14.63,12,23.39,11,99,1,0
matched,"A2 sensitivity, detector",A2-detector-c10-18-s1,0,detector,75.91,10,16.36,13,25.34,9,100,1,0
matched,"A2 sensitivity, detector",A2-detector-c10-18-s1,1,detector,63.91,10,16.01,13,25.74,9,101,1,0
matched,"A2 sensitivity, detector",A2-detector-c10-18-s1,2,detector,76.02,10,17.89,13,26.86,7,99,1,0
matched,"A2 sensitivity, detector",A2-detector-c10-18-s1,3,detector,69.01,10,17.04,13,26.43,8,99,1,0
matched,"A2 sensitivity, detector",A2-detector-c10-18-s1,4,detector,63.63,10,16.72,13,26.46,6,98,1,0
matched,"A2 sensitivity, detector",A2-detector-c10-18-s1,5,detector,78.77,10,16.48,13,25.30,6,100,1,0
matched,"A2 sensitivity, detector",A2-detector-c10-18-s1,6,detector,73.48,10,16.47,13,25.59,7,99,1,0
matched,"A2 sensitivity, detector",A2-detector-c10-18-s1,7,detector,71.97,10,17.57,13,26.78,9,101,1,0
matched,"A2 sensitivity, detector",A2-detector-c10-18-s1,8,detector,73.38,10,16.34,13,25.47,15,101,1,0
matched,"A2 sensitivity, detector",A2-detector-c10-18-s1,9,detector,68.06,10,17.58,13,27.03,11,99,1,0
matched,"A2 sensitivity, detector",A2-detector-c10-18-s1,10,detector,78.65,10,16.13,13,24.95,8,100,1,0
matched,"A2 sensitivity, detector",A2-detector-c10-18-s1,11,detector,74.76,10,17.09,13,26.13,9,100,1,0
matched,"A2 sensitivity, detector",A2-detector-c10-18-s1,12,detector,66.17,10,17.57,13,27.14,6,100,1,0
matched,"A2 sensitivity, detector",A2-detector-c10-18-s1,13,detector,77.79,10,17.19,13,26.06,9,99,1,0
matched,"A2 sensitivity, detector",A2-detector-c10-18-s1,14,detector,79.11,10,17.57,13,26.37,7,102,1,0
matched,"A2 sensitivity, detector",A2-detector-c10-18-s1,15,detector,75.18,10,17.80,13,26.82,13,100,1,0
matched,"A2 sensitivity, detector",A2-detector-c10-18-s1,16,detector,78.83,10,17.12,13,25.93,8,97,1,0
matched,"A2 sensitivity, detector",A2-detector-c10-18-s1,17,detector,75.36,10,16.47,13,25.48,10,100,1,0
matched,"A2 sensitivity, detector",A2-detector-c10-18-s1,18,detector,65.34,10,17.78,13,27.41,7,100,1,0
matched,"A2 sensitivity, detector",A2-detector-c10-18-s1,19,detector,68.75,10,17.11,13,26.52,8,100,1,0
matched,"A2 sensitivity, detector",A2-detector-c10-18-s1,20,detector,77.36,10,16.89,13,25.79,11,98,1,0
matched,"A2 sensitivity, detector",A2-detector-c10-18-s1,21,detector,73.41,10,16.10,13,25.22,7,101,1,0
matched,"A2 sensitivity, detector",A2-detector-c10-18-s1,22,detector,66.19,10,16.64,13,26.21,9,100,1,0
matched,"A2 sensitivity, detector",A2-detector-c10-18-s1,23,detector,73.41,10,17.72,13,26.84,11,102,1,0
matched,"A2 sensitivity, detector",A2-detector-c10-18-s1,24,detector,70.48,10,17.76,13,27.06,8,99,1,0
matched,"A2 sensitivity, detector",A2-detector-c10-18-s1,25,detector,73.29,10,17.76,13,26.89,8,96,1,0
matched,"A2 sensitivity, detector",A2-detector-c10-18-s1,26,detector,71.03,10,17.68,13,26.95,13,99,1,0
matched,"A2 sensitivity, detector",A2-detector-c10-18-s1,27,detector,66.39,10,16.93,13,26.49,9,100,1,0
matched,"A2 sensitivity, detector",A2-detector-c10-18-s1,28,detector,78.88,10,16.90,13,25.71,9,99,1,0
matched,"A2 sensitivity, detector",A2-detector-c10-18-s1,29,detector,66.88,10,17.71,13,27.24,10,101,1,0
matched,"A2 sensitivity, detector",A2-detector-c10-18-s1,30,detector,65.94,10,16.74,13,26.33,9,102,1,0
matched,"A2 sensitivity, detector",A2-detector-c10-18-s1,31,detector,66.37,10,17.83,13,27.39,16,100,1,0
matched,"A2 sensitivity, detector",A2-detector-c10-19-s1,0,detector,66.21,10,19.97,14,29.54,7,101,1,0
matched,"A2 sensitivity, detector",A2-detector-c10-19-s1,1,detector,65.10,10,16.24,13,25.89,14,101,1,0
matched,"A2 sensitivity, detector",A2-detector-c10-19-s1,2,detector,75.08,10,18.04,14,27.07,7,99,1,0
matched,"A2 sensitivity, detector",A2-detector-c10-19-s1,3,detector,69.07,10,18.47,14,27.86,10,101,1,0
matched,"A2 sensitivity, detector",A2-detector-c10-19-s1,4,detector,68.03,10,17.78,13,27.23,9,100,1,0
matched,"A2 sensitivity, detector",A2-detector-c10-19-s1,5,detector,75.55,10,18.50,14,27.50,13,100,1,0
matched,"A2 sensitivity, detector",A2-detector-c10-19-s1,6,detector,76.47,10,17.84,13,26.79,9,102,1,0
matched,"A2 sensitivity, detector",A2-detector-c10-19-s1,7,detector,71.48,10,17.91,13,27.15,10,99,1,0
matched,"A2 sensitivity, detector",A2-detector-c10-19-s1,8,detector,63.74,10,16.71,13,26.45,8,98,1,0
matched,"A2 sensitivity, detector",A2-detector-c10-19-s1,9,detector,67.42,10,19.07,14,28.56,10,101,1,0
matched,"A2 sensitivity, detector",A2-detector-c10-19-s1,10,detector,69.04,10,16.66,13,26.05,10,99,1,0
matched,"A2 sensitivity, detector",A2-detector-c10-19-s1,11,detector,75.08,10,18.05,14,27.08,12,100,1,0
matched,"A2 sensitivity, detector",A2-detector-c10-19-s1,12,detector,64.86,10,16.76,13,26.42,11,101,1,0
matched,"A2 sensitivity, detector",A2-detector-c10-19-s1,13,detector,73.98,10,17.36,13,26.45,12,99,1,0
matched,"A2 sensitivity, detector",A2-detector-c10-19-s1,14,detector,63.85,10,18.42,14,28.15,6,101,1,0
matched,"A2 sensitivity, detector",A2-detector-c10-19-s1,15,detector,77.01,10,17.80,13,26.72,8,102,1,0
matched,"A2 sensitivity, detector",A2-detector-c10-19-s1,16,detector,75.49,10,17.16,13,26.16,12,105,1,0
matched,"A2 sensitivity, detector",A2-detector-c10-19-s1,17,detector,79.50,10,17.57,13,26.35,8,102,1,0
matched,"A2 sensitivity, detector",A2-detector-c10-19-s1,18,detector,73.13,10,19.38,14,28.52,10,99,1,0
matched,"A2 sensitivity, detector",A2-detector-c10-19-s1,19,detector,69.78,10,17.10,13,26.44,13,100,1,0
matched,"A2 sensitivity, detector",A2-detector-c10-19-s1,20,detector,79.86,10,19.99,14,28.75,10,99,1,0
matched,"A2 sensitivity, detector",A2-detector-c10-19-s1,21,detector,67.81,10,18.67,14,28.14,12,102,1,0
matched,"A2 sensitivity, detector",A2-detector-c10-19-s1,22,detector,74.55,10,18.16,14,27.22,9,102,1,0
matched,"A2 sensitivity, detector",A2-detector-c10-19-s1,23,detector,70.98,10,18.30,14,27.57,7,99,1,0
matched,"A2 sensitivity, detector",A2-detector-c10-19-s1,24,detector,71.54,10,18.18,14,27.42,8,101,1,0
matched,"A2 sensitivity, detector",A2-detector-c10-19-s1,25,detector,77.21,10,16.83,13,25.73,10,100,1,0
matched,"A2 sensitivity, detector",A2-detector-c10-19-s1,26,detector,64.35,10,19.21,14,28.91,8,101,1,0
matched,"A2 sensitivity, detector",A2-detector-c10-19-s1,27,detector,68.02,10,19.66,14,29.12,12,101,1,0
matched,"A2 sensitivity, detector",A2-detector-c10-19-s1,28,detector,68.20,10,18.48,14,27.92,13,102,1,0
matched,"A2 sensitivity, detector",A2-detector-c10-19-s1,29,detector,64.61,10,17.38,13,27.06,7,99,1,0
matched,"A2 sensitivity, detector",A2-detector-c10-19-s1,30,detector,66.51,10,16.60,13,26.15,7,101,1,0
matched,"A2 sensitivity, detector",A2-detector-c10-19-s1,31,detector,78.68,10,17.81,13,26.63,10,102,1,0
matched,"A2 sensitivity, detector",A2-detector-c10-20-s1,0,detector,73.43,10,19.62,14,28.74,8,99,1,0
matched,"A2 sensitivity, detector",A2-detector-c10-20-s1,1,detector,63.83,10,19.04,14,28.77,8,100,1,0
matched,"A2 sensitivity, detector",A2-detector-c10-20-s1,2,detector,74.85,10,19.52,14,28.56,10,103,1,0
matched,"A2 sensitivity, detector",A2-detector-c10-20-s1,3,detector,78.48,10,18.47,14,27.30,9,102,1,0
matched,"A2 sensitivity, detector",A2-detector-c10-20-s1,4,detector,64.95,10,19.51,14,29.17,8,99,1,0
matched,"A2 sensitivity, detector",A2-detector-c10-20-s1,5,detector,63.67,10,19.63,14,29.37,4,100,1,0
matched,"A2 sensitivity, detector",A2-detector-c10-20-s1,6,detector,69.30,10,18.59,14,27.96,11,104,1,0
matched,"A2 sensitivity, detector",A2-detector-c10-20-s1,7,detector,72.01,10,18.91,14,28.12,8,100,1,0
matched,"A2 sensitivity, detector",A2-detector-c10-20-s1,8,detector,70.97,10,19.03,14,28.30,7,99,1,0
matched,"A2 sensitivity, detector",A2-detector-c10-20-s1,9,detector,75.35,10,19.45,14,28.46,9,102,1,0
matched,"A2 sensitivity, detector",A2-detector-c10-20-s1,10,detector,71.22,10,19.62,14,28.88,8,100,1,0
matched,"A2 sensitivity, detector",A2-detector-c10-20-s1,11,detector,75.30,10,18.06,14,27.07,9,99,1,0
matched,"A2 sensitivity, detector",A2-detector-c10-20-s1,12,detector,73.36,10,18.54,14,27.67,8,101,1,0
matched,"A2 sensitivity, detector",A2-detector-c10-20-s1,13,detector,72.59,10,18.56,14,27.73,10,98,1,0
matched,"A2 sensitivity, detector",A2-detector-c10-20-s1,14,detector,76.46,10,18.86,14,27.81,13,99,1,0
matched,"A2 sensitivity, detector",A2-detector-c10-20-s1,15,detector,72.94,10,19.45,14,28.60,94,99,1,0
matched,"A2 sensitivity, detector",A2-detector-c10-20-s1,16,detector,74.86,10,18.12,14,27.16,9,99,1,0
matched,"A2 sensitivity, detector",A2-detector-c10-20-s1,17,detector,78.63,10,18.56,14,27.39,12,101,1,0
matched,"A2 sensitivity, detector",A2-detector-c10-20-s1,18,detector,79.66,10,18.03,14,26.80,9,101,1,0
matched,"A2 sensitivity, detector",A2-detector-c10-20-s1,19,detector,64.01,10,19.72,14,29.44,37,100,1,0
matched,"A2 sensitivity, detector",A2-detector-c10-20-s1,20,detector,72.64,10,19.45,14,28.62,7,99,1,0
matched,"A2 sensitivity, detector",A2-detector-c10-20-s1,21,detector,78.67,10,19.03,14,27.85,13,101,1,0
matched,"A2 sensitivity, detector",A2-detector-c10-20-s1,22,detector,63.63,10,18.62,14,28.36,7,101,1,0
matched,"A2 sensitivity, detector",A2-detector-c10-20-s1,23,detector,64.43,10,18.29,14,27.98,7,99,1,0
matched,"A2 sensitivity, detector",A2-detector-c10-20-s1,24,detector,69.68,10,19.16,14,28.51,8,102,1,0
matched,"A2 sensitivity, detector",A2-detector-c10-20-s1,25,detector,67.93,10,19.44,14,28.90,5,100,1,0
matched,"A2 sensitivity, detector",A2-detector-c10-20-s1,26,detector,79.88,10,18.07,14,26.83,13,98,1,0
matched,"A2 sensitivity, detector",A2-detector-c10-20-s1,27,detector,68.41,10,19.15,14,28.58,13,101,1,0
matched,"A2 sensitivity, detector",A2-detector-c10-20-s1,28,detector,70.51,10,19.92,14,29.22,13,101,1,0
matched,"A2 sensitivity, detector",A2-detector-c10-20-s1,29,detector,63.86,10,19.19,14,28.92,8,99,1,0
matched,"A2 sensitivity, detector",A2-detector-c10-20-s1,30,detector,66.61,10,18.20,14,27.75,5,100,1,0
matched,"A2 sensitivity, detector",A2-detector-c10-20-s1,31,detector,68.52,10,19.03,14,28.45,11,101,1,0
